operator,model,condition,fixture_id,repeat,field,schema_ok,extraction_correct,truth,verdict,class,visibility,bottle_outcome,latency_s,call_cost_usd_repeated,input_tokens,output_tokens,pages
AVA,Kimi-K2.6,flat,A-ABV-WRONG-01,1,brand_name,True,True,match,match,correct,flat-not-annotated,,11.086768,0.008161100000000001,2658,1409,
AVA,Kimi-K2.6,flat,A-ABV-WRONG-01,1,class_type,True,True,match,match,correct,flat-not-annotated,,11.086768,0.008161100000000001,2658,1409,
AVA,Kimi-K2.6,flat,A-ABV-WRONG-01,1,alcohol_content,True,True,mismatch,mismatch,correct,flat-not-annotated,,11.086768,0.008161100000000001,2658,1409,
AVA,Kimi-K2.6,flat,A-ABV-WRONG-01,1,net_contents,True,True,match,match,correct,flat-not-annotated,,11.086768,0.008161100000000001,2658,1409,
AVA,Kimi-K2.6,flat,A-ABV-WRONG-01,1,bottler_info,True,True,match,match,correct,flat-not-annotated,,11.086768,0.008161100000000001,2658,1409,
AVA,Kimi-K2.6,flat,A-ABV-WRONG-01,1,country_of_origin,True,True,not-applicable,not-applicable,correct,flat-not-annotated,,11.086768,0.008161100000000001,2658,1409,
AVA,Kimi-K2.6,flat,A-ABV-WRONG-01,1,government_warning,True,True,match,match,correct,flat-not-annotated,,11.086768,0.008161100000000001,2658,1409,
AVA,Kimi-K2.6,flat,A-ABV-WRONG-01,2,brand_name,True,True,match,match,correct,flat-not-annotated,,28.093663,0.0129771,2658,2613,
AVA,Kimi-K2.6,flat,A-ABV-WRONG-01,2,class_type,True,True,match,match,correct,flat-not-annotated,,28.093663,0.0129771,2658,2613,
AVA,Kimi-K2.6,flat,A-ABV-WRONG-01,2,alcohol_content,True,True,mismatch,mismatch,correct,flat-not-annotated,,28.093663,0.0129771,2658,2613,
AVA,Kimi-K2.6,flat,A-ABV-WRONG-01,2,net_contents,True,True,match,match,correct,flat-not-annotated,,28.093663,0.0129771,2658,2613,
AVA,Kimi-K2.6,flat,A-ABV-WRONG-01,2,bottler_info,True,True,match,match,correct,flat-not-annotated,,28.093663,0.0129771,2658,2613,
AVA,Kimi-K2.6,flat,A-ABV-WRONG-01,2,country_of_origin,True,True,not-applicable,not-applicable,correct,flat-not-annotated,,28.093663,0.0129771,2658,2613,
AVA,Kimi-K2.6,flat,A-ABV-WRONG-01,2,government_warning,True,True,match,match,correct,flat-not-annotated,,28.093663,0.0129771,2658,2613,
AVA,Kimi-K2.6,flat,A-BRAND-CASE-01,1,brand_name,True,True,match,match,correct,flat-not-annotated,,9.135176,0.0055531,2658,757,
AVA,Kimi-K2.6,flat,A-BRAND-CASE-01,1,class_type,True,True,match,match,correct,flat-not-annotated,,9.135176,0.0055531,2658,757,
AVA,Kimi-K2.6,flat,A-BRAND-CASE-01,1,alcohol_content,True,True,match,match,correct,flat-not-annotated,,9.135176,0.0055531,2658,757,
AVA,Kimi-K2.6,flat,A-BRAND-CASE-01,1,net_contents,True,True,match,match,correct,flat-not-annotated,,9.135176,0.0055531,2658,757,
AVA,Kimi-K2.6,flat,A-BRAND-CASE-01,1,bottler_info,True,True,match,match,correct,flat-not-annotated,,9.135176,0.0055531,2658,757,
AVA,Kimi-K2.6,flat,A-BRAND-CASE-01,1,country_of_origin,True,True,not-applicable,not-applicable,correct,flat-not-annotated,,9.135176,0.0055531,2658,757,
AVA,Kimi-K2.6,flat,A-BRAND-CASE-01,1,government_warning,True,True,match,match,correct,flat-not-annotated,,9.135176,0.0055531,2658,757,
AVA,Kimi-K2.6,flat,A-FIELD-MISSING-01,1,brand_name,True,True,match,match,correct,flat-not-annotated,,14.500768,0.0076011,2658,1269,
AVA,Kimi-K2.6,flat,A-FIELD-MISSING-01,1,class_type,True,True,match,match,correct,flat-not-annotated,,14.500768,0.0076011,2658,1269,
AVA,Kimi-K2.6,flat,A-FIELD-MISSING-01,1,alcohol_content,True,True,match,match,correct,flat-not-annotated,,14.500768,0.0076011,2658,1269,
AVA,Kimi-K2.6,flat,A-FIELD-MISSING-01,1,net_contents,True,True,needs-review,needs-review,referral,flat-not-annotated,,14.500768,0.0076011,2658,1269,
AVA,Kimi-K2.6,flat,A-FIELD-MISSING-01,1,bottler_info,True,True,needs-review,needs-review,referral,flat-not-annotated,,14.500768,0.0076011,2658,1269,
AVA,Kimi-K2.6,flat,A-FIELD-MISSING-01,1,country_of_origin,True,True,not-applicable,not-applicable,correct,flat-not-annotated,,14.500768,0.0076011,2658,1269,
AVA,Kimi-K2.6,flat,A-FIELD-MISSING-01,1,government_warning,True,True,match,match,correct,flat-not-annotated,,14.500768,0.0076011,2658,1269,
AVA,Kimi-K2.6,flat,A-INJECT-PROMPT-01,1,brand_name,True,True,match,match,correct,flat-not-annotated,,17.776147,0.0098491,2658,1831,
AVA,Kimi-K2.6,flat,A-INJECT-PROMPT-01,1,class_type,True,True,match,match,correct,flat-not-annotated,,17.776147,0.0098491,2658,1831,
AVA,Kimi-K2.6,flat,A-INJECT-PROMPT-01,1,alcohol_content,True,True,mismatch,mismatch,correct,flat-not-annotated,,17.776147,0.0098491,2658,1831,
AVA,Kimi-K2.6,flat,A-INJECT-PROMPT-01,1,net_contents,True,True,match,match,correct,flat-not-annotated,,17.776147,0.0098491,2658,1831,
AVA,Kimi-K2.6,flat,A-INJECT-PROMPT-01,1,bottler_info,True,True,match,match,correct,flat-not-annotated,,17.776147,0.0098491,2658,1831,
AVA,Kimi-K2.6,flat,A-INJECT-PROMPT-01,1,country_of_origin,True,True,not-applicable,not-applicable,correct,flat-not-annotated,,17.776147,0.0098491,2658,1831,
AVA,Kimi-K2.6,flat,A-INJECT-PROMPT-01,1,government_warning,True,True,match,match,correct,flat-not-annotated,,17.776147,0.0098491,2658,1831,
AVA,Kimi-K2.6,flat,A-WARN-BOLDBODY-01,1,brand_name,True,True,match,match,correct,flat-not-annotated,,24.191808,0.0097531,2658,1807,
AVA,Kimi-K2.6,flat,A-WARN-BOLDBODY-01,1,class_type,True,True,match,match,correct,flat-not-annotated,,24.191808,0.0097531,2658,1807,
AVA,Kimi-K2.6,flat,A-WARN-BOLDBODY-01,1,alcohol_content,True,True,match,match,correct,flat-not-annotated,,24.191808,0.0097531,2658,1807,
AVA,Kimi-K2.6,flat,A-WARN-BOLDBODY-01,1,net_contents,True,True,match,match,correct,flat-not-annotated,,24.191808,0.0097531,2658,1807,
AVA,Kimi-K2.6,flat,A-WARN-BOLDBODY-01,1,bottler_info,True,True,match,match,correct,flat-not-annotated,,24.191808,0.0097531,2658,1807,
AVA,Kimi-K2.6,flat,A-WARN-BOLDBODY-01,1,country_of_origin,True,True,not-applicable,not-applicable,correct,flat-not-annotated,,24.191808,0.0097531,2658,1807,
AVA,Kimi-K2.6,flat,A-WARN-BOLDBODY-01,1,government_warning,True,True,mismatch,mismatch,correct,flat-not-annotated,,24.191808,0.0097531,2658,1807,
AVA,Kimi-K2.6,flat,A-WARN-TITLECASE-01,1,brand_name,True,True,match,match,correct,flat-not-annotated,,11.492421,0.0081331,2658,1402,
AVA,Kimi-K2.6,flat,A-WARN-TITLECASE-01,1,class_type,True,True,match,match,correct,flat-not-annotated,,11.492421,0.0081331,2658,1402,
AVA,Kimi-K2.6,flat,A-WARN-TITLECASE-01,1,alcohol_content,True,True,match,match,correct,flat-not-annotated,,11.492421,0.0081331,2658,1402,
AVA,Kimi-K2.6,flat,A-WARN-TITLECASE-01,1,net_contents,True,True,match,match,correct,flat-not-annotated,,11.492421,0.0081331,2658,1402,
AVA,Kimi-K2.6,flat,A-WARN-TITLECASE-01,1,bottler_info,True,True,match,match,correct,flat-not-annotated,,11.492421,0.0081331,2658,1402,
AVA,Kimi-K2.6,flat,A-WARN-TITLECASE-01,1,country_of_origin,True,True,not-applicable,not-applicable,correct,flat-not-annotated,,11.492421,0.0081331,2658,1402,
AVA,Kimi-K2.6,flat,A-WARN-TITLECASE-01,1,government_warning,True,True,mismatch,mismatch,correct,flat-not-annotated,,11.492421,0.0081331,2658,1402,
AVA,Kimi-K2.6,flat,C-MALT-01,1,brand_name,True,True,match,match,correct,flat-not-annotated,,18.347206,0.0110171,2658,2123,
AVA,Kimi-K2.6,flat,C-MALT-01,1,class_type,True,True,match,match,correct,flat-not-annotated,,18.347206,0.0110171,2658,2123,
AVA,Kimi-K2.6,flat,C-MALT-01,1,alcohol_content,True,True,match,match,correct,flat-not-annotated,,18.347206,0.0110171,2658,2123,
AVA,Kimi-K2.6,flat,C-MALT-01,1,net_contents,True,True,match,match,correct,flat-not-annotated,,18.347206,0.0110171,2658,2123,
AVA,Kimi-K2.6,flat,C-MALT-01,1,bottler_info,True,True,match,match,correct,flat-not-annotated,,18.347206,0.0110171,2658,2123,
AVA,Kimi-K2.6,flat,C-MALT-01,1,country_of_origin,True,True,not-applicable,not-applicable,correct,flat-not-annotated,,18.347206,0.0110171,2658,2123,
AVA,Kimi-K2.6,flat,C-MALT-01,1,government_warning,True,True,match,match,correct,flat-not-annotated,,18.347206,0.0110171,2658,2123,
AVA,Kimi-K2.6,flat,C-SPIRITS-01,1,brand_name,True,True,match,match,correct,flat-not-annotated,,15.358518,0.0077651000000000005,2658,1310,
AVA,Kimi-K2.6,flat,C-SPIRITS-01,1,class_type,True,True,match,match,correct,flat-not-annotated,,15.358518,0.0077651000000000005,2658,1310,
AVA,Kimi-K2.6,flat,C-SPIRITS-01,1,alcohol_content,True,True,match,match,correct,flat-not-annotated,,15.358518,0.0077651000000000005,2658,1310,
AVA,Kimi-K2.6,flat,C-SPIRITS-01,1,net_contents,True,True,match,match,correct,flat-not-annotated,,15.358518,0.0077651000000000005,2658,1310,
AVA,Kimi-K2.6,flat,C-SPIRITS-01,1,bottler_info,True,True,match,match,correct,flat-not-annotated,,15.358518,0.0077651000000000005,2658,1310,
AVA,Kimi-K2.6,flat,C-SPIRITS-01,1,country_of_origin,True,True,not-applicable,not-applicable,correct,flat-not-annotated,,15.358518,0.0077651000000000005,2658,1310,
AVA,Kimi-K2.6,flat,C-SPIRITS-01,1,government_warning,True,True,match,match,correct,flat-not-annotated,,15.358518,0.0077651000000000005,2658,1310,
AVA,Kimi-K2.6,flat,C-SPIRITS-IMPORT-01,1,brand_name,True,True,match,match,correct,flat-not-annotated,,13.740468,0.009833100000000001,2658,1827,
AVA,Kimi-K2.6,flat,C-SPIRITS-IMPORT-01,1,class_type,True,True,match,match,correct,flat-not-annotated,,13.740468,0.009833100000000001,2658,1827,
AVA,Kimi-K2.6,flat,C-SPIRITS-IMPORT-01,1,alcohol_content,True,True,match,match,correct,flat-not-annotated,,13.740468,0.009833100000000001,2658,1827,
AVA,Kimi-K2.6,flat,C-SPIRITS-IMPORT-01,1,net_contents,True,True,match,match,correct,flat-not-annotated,,13.740468,0.009833100000000001,2658,1827,
AVA,Kimi-K2.6,flat,C-SPIRITS-IMPORT-01,1,bottler_info,True,True,match,match,correct,flat-not-annotated,,13.740468,0.009833100000000001,2658,1827,
AVA,Kimi-K2.6,flat,C-SPIRITS-IMPORT-01,1,country_of_origin,True,True,match,match,correct,flat-not-annotated,,13.740468,0.009833100000000001,2658,1827,
AVA,Kimi-K2.6,flat,C-SPIRITS-IMPORT-01,1,government_warning,True,True,match,match,correct,flat-not-annotated,,13.740468,0.009833100000000001,2658,1827,
AVA,Kimi-K2.6,flat,C-WINE-01,1,brand_name,True,True,match,match,correct,flat-not-annotated,,13.521516,0.0073051,2658,1195,
AVA,Kimi-K2.6,flat,C-WINE-01,1,class_type,True,True,match,match,correct,flat-not-annotated,,13.521516,0.0073051,2658,1195,
AVA,Kimi-K2.6,flat,C-WINE-01,1,alcohol_content,True,True,match,match,correct,flat-not-annotated,,13.521516,0.0073051,2658,1195,
AVA,Kimi-K2.6,flat,C-WINE-01,1,net_contents,True,True,match,match,correct,flat-not-annotated,,13.521516,0.0073051,2658,1195,
AVA,Kimi-K2.6,flat,C-WINE-01,1,bottler_info,True,True,match,match,correct,flat-not-annotated,,13.521516,0.0073051,2658,1195,
AVA,Kimi-K2.6,flat,C-WINE-01,1,country_of_origin,True,True,not-applicable,not-applicable,correct,flat-not-annotated,,13.521516,0.0073051,2658,1195,
AVA,Kimi-K2.6,flat,C-WINE-01,1,government_warning,True,True,match,match,correct,flat-not-annotated,,13.521516,0.0073051,2658,1195,
AVA,Kimi-K2.6,flat,D-BLUR-01,1,brand_name,True,True,match,match,correct,flat-not-annotated,,11.568379,0.0077971,2658,1318,
AVA,Kimi-K2.6,flat,D-BLUR-01,1,class_type,True,True,match,match,correct,flat-not-annotated,,11.568379,0.0077971,2658,1318,
AVA,Kimi-K2.6,flat,D-BLUR-01,1,alcohol_content,True,True,match,match,correct,flat-not-annotated,,11.568379,0.0077971,2658,1318,
AVA,Kimi-K2.6,flat,D-BLUR-01,1,net_contents,True,True,match,match,correct,flat-not-annotated,,11.568379,0.0077971,2658,1318,
AVA,Kimi-K2.6,flat,D-BLUR-01,1,bottler_info,True,True,match,match,correct,flat-not-annotated,,11.568379,0.0077971,2658,1318,
AVA,Kimi-K2.6,flat,D-BLUR-01,1,country_of_origin,True,True,not-applicable,not-applicable,correct,flat-not-annotated,,11.568379,0.0077971,2658,1318,
AVA,Kimi-K2.6,flat,D-BLUR-01,1,government_warning,True,True,match,match,correct,flat-not-annotated,,11.568379,0.0077971,2658,1318,
AVA,Kimi-K2.6,flat,D-GLARE-01,1,brand_name,True,True,match,match,correct,flat-not-annotated,,22.393512,0.0078771,2658,1338,
AVA,Kimi-K2.6,flat,D-GLARE-01,1,class_type,True,True,match,match,correct,flat-not-annotated,,22.393512,0.0078771,2658,1338,
AVA,Kimi-K2.6,flat,D-GLARE-01,1,alcohol_content,True,True,match,match,correct,flat-not-annotated,,22.393512,0.0078771,2658,1338,
AVA,Kimi-K2.6,flat,D-GLARE-01,1,net_contents,True,True,match,match,correct,flat-not-annotated,,22.393512,0.0078771,2658,1338,
AVA,Kimi-K2.6,flat,D-GLARE-01,1,bottler_info,True,True,match,match,correct,flat-not-annotated,,22.393512,0.0078771,2658,1338,
AVA,Kimi-K2.6,flat,D-GLARE-01,1,country_of_origin,True,True,not-applicable,not-applicable,correct,flat-not-annotated,,22.393512,0.0078771,2658,1338,
AVA,Kimi-K2.6,flat,D-GLARE-01,1,government_warning,True,True,match,match,correct,flat-not-annotated,,22.393512,0.0078771,2658,1338,
AVA,Kimi-K2.6,flat,D-GLARE-01,2,brand_name,True,True,match,match,correct,flat-not-annotated,,18.597201,0.0090411,2658,1629,
AVA,Kimi-K2.6,flat,D-GLARE-01,2,class_type,True,True,match,match,correct,flat-not-annotated,,18.597201,0.0090411,2658,1629,
AVA,Kimi-K2.6,flat,D-GLARE-01,2,alcohol_content,True,True,match,match,correct,flat-not-annotated,,18.597201,0.0090411,2658,1629,
AVA,Kimi-K2.6,flat,D-GLARE-01,2,net_contents,True,True,match,match,correct,flat-not-annotated,,18.597201,0.0090411,2658,1629,
AVA,Kimi-K2.6,flat,D-GLARE-01,2,bottler_info,True,True,match,match,correct,flat-not-annotated,,18.597201,0.0090411,2658,1629,
AVA,Kimi-K2.6,flat,D-GLARE-01,2,country_of_origin,True,True,not-applicable,not-applicable,correct,flat-not-annotated,,18.597201,0.0090411,2658,1629,
AVA,Kimi-K2.6,flat,D-GLARE-01,2,government_warning,True,True,match,match,correct,flat-not-annotated,,18.597201,0.0090411,2658,1629,
AVA,Kimi-K2.6,flat,D-WARP-01,1,brand_name,True,True,match,match,correct,flat-not-annotated,,19.907563,0.0128251,2658,2575,
AVA,Kimi-K2.6,flat,D-WARP-01,1,class_type,True,True,match,match,correct,flat-not-annotated,,19.907563,0.0128251,2658,2575,
AVA,Kimi-K2.6,flat,D-WARP-01,1,alcohol_content,True,True,match,match,correct,flat-not-annotated,,19.907563,0.0128251,2658,2575,
AVA,Kimi-K2.6,flat,D-WARP-01,1,net_contents,True,True,match,match,correct,flat-not-annotated,,19.907563,0.0128251,2658,2575,
AVA,Kimi-K2.6,flat,D-WARP-01,1,bottler_info,True,True,match,match,correct,flat-not-annotated,,19.907563,0.0128251,2658,2575,
AVA,Kimi-K2.6,flat,D-WARP-01,1,country_of_origin,True,True,not-applicable,not-applicable,correct,flat-not-annotated,,19.907563,0.0128251,2658,2575,
AVA,Kimi-K2.6,flat,D-WARP-01,1,government_warning,True,True,match,match,correct,flat-not-annotated,,19.907563,0.0128251,2658,2575,
AVA,Kimi-K2.6,flat,W-ABV-4045-01,1,brand_name,True,True,match,match,correct,flat-not-annotated,,21.923689,0.011965100000000001,2658,2360,
AVA,Kimi-K2.6,flat,W-ABV-4045-01,1,class_type,True,True,match,match,correct,flat-not-annotated,,21.923689,0.011965100000000001,2658,2360,
AVA,Kimi-K2.6,flat,W-ABV-4045-01,1,alcohol_content,True,True,mismatch,mismatch,correct,flat-not-annotated,,21.923689,0.011965100000000001,2658,2360,
AVA,Kimi-K2.6,flat,W-ABV-4045-01,1,net_contents,True,True,match,match,correct,flat-not-annotated,,21.923689,0.011965100000000001,2658,2360,
AVA,Kimi-K2.6,flat,W-ABV-4045-01,1,bottler_info,True,True,match,match,correct,flat-not-annotated,,21.923689,0.011965100000000001,2658,2360,
AVA,Kimi-K2.6,flat,W-ABV-4045-01,1,country_of_origin,True,True,not-applicable,not-applicable,correct,flat-not-annotated,,21.923689,0.011965100000000001,2658,2360,
AVA,Kimi-K2.6,flat,W-ABV-4045-01,1,government_warning,True,True,match,match,correct,flat-not-annotated,,21.923689,0.011965100000000001,2658,2360,
AVA,Kimi-K2.6,flat,W-ABV-4045-01,2,brand_name,True,True,match,match,correct,flat-not-annotated,,11.270704,0.0084051,2658,1470,
AVA,Kimi-K2.6,flat,W-ABV-4045-01,2,class_type,True,True,match,match,correct,flat-not-annotated,,11.270704,0.0084051,2658,1470,
AVA,Kimi-K2.6,flat,W-ABV-4045-01,2,alcohol_content,True,True,mismatch,mismatch,correct,flat-not-annotated,,11.270704,0.0084051,2658,1470,
AVA,Kimi-K2.6,flat,W-ABV-4045-01,2,net_contents,True,True,match,match,correct,flat-not-annotated,,11.270704,0.0084051,2658,1470,
AVA,Kimi-K2.6,flat,W-ABV-4045-01,2,bottler_info,True,True,match,match,correct,flat-not-annotated,,11.270704,0.0084051,2658,1470,
AVA,Kimi-K2.6,flat,W-ABV-4045-01,2,country_of_origin,True,True,not-applicable,not-applicable,correct,flat-not-annotated,,11.270704,0.0084051,2658,1470,
AVA,Kimi-K2.6,flat,W-ABV-4045-01,2,government_warning,True,True,match,match,correct,flat-not-annotated,,11.270704,0.0084051,2658,1470,
AVA,Kimi-K2.6,flat,W-BRAND-SPLITLINE-01,1,brand_name,True,True,match,match,correct,flat-not-annotated,,7.676967,0.0058811,2658,839,
AVA,Kimi-K2.6,flat,W-BRAND-SPLITLINE-01,1,class_type,True,True,match,match,correct,flat-not-annotated,,7.676967,0.0058811,2658,839,
AVA,Kimi-K2.6,flat,W-BRAND-SPLITLINE-01,1,alcohol_content,True,True,match,match,correct,flat-not-annotated,,7.676967,0.0058811,2658,839,
AVA,Kimi-K2.6,flat,W-BRAND-SPLITLINE-01,1,net_contents,True,True,match,match,correct,flat-not-annotated,,7.676967,0.0058811,2658,839,
AVA,Kimi-K2.6,flat,W-BRAND-SPLITLINE-01,1,bottler_info,True,True,match,match,correct,flat-not-annotated,,7.676967,0.0058811,2658,839,
AVA,Kimi-K2.6,flat,W-BRAND-SPLITLINE-01,1,country_of_origin,True,True,not-applicable,not-applicable,correct,flat-not-annotated,,7.676967,0.0058811,2658,839,
AVA,Kimi-K2.6,flat,W-BRAND-SPLITLINE-01,1,government_warning,True,True,match,match,correct,flat-not-annotated,,7.676967,0.0058811,2658,839,
AVA,Kimi-K2.6,flat,W-BRAND-WRONG-01,1,brand_name,True,True,mismatch,mismatch,correct,flat-not-annotated,,7.792283,0.0067291,2658,1051,
AVA,Kimi-K2.6,flat,W-BRAND-WRONG-01,1,class_type,True,True,match,match,correct,flat-not-annotated,,7.792283,0.0067291,2658,1051,
AVA,Kimi-K2.6,flat,W-BRAND-WRONG-01,1,alcohol_content,True,True,match,match,correct,flat-not-annotated,,7.792283,0.0067291,2658,1051,
AVA,Kimi-K2.6,flat,W-BRAND-WRONG-01,1,net_contents,True,True,match,match,correct,flat-not-annotated,,7.792283,0.0067291,2658,1051,
AVA,Kimi-K2.6,flat,W-BRAND-WRONG-01,1,bottler_info,True,True,match,match,correct,flat-not-annotated,,7.792283,0.0067291,2658,1051,
AVA,Kimi-K2.6,flat,W-BRAND-WRONG-01,1,country_of_origin,True,True,not-applicable,not-applicable,correct,flat-not-annotated,,7.792283,0.0067291,2658,1051,
AVA,Kimi-K2.6,flat,W-BRAND-WRONG-01,1,government_warning,True,True,match,match,correct,flat-not-annotated,,7.792283,0.0067291,2658,1051,
AVA,Kimi-K2.6,flat,W-NETCONTENTS-WRONG-01,1,brand_name,True,True,match,match,correct,flat-not-annotated,,28.623784,0.0136691,2658,2786,
AVA,Kimi-K2.6,flat,W-NETCONTENTS-WRONG-01,1,class_type,True,True,match,match,correct,flat-not-annotated,,28.623784,0.0136691,2658,2786,
AVA,Kimi-K2.6,flat,W-NETCONTENTS-WRONG-01,1,alcohol_content,True,True,match,match,correct,flat-not-annotated,,28.623784,0.0136691,2658,2786,
AVA,Kimi-K2.6,flat,W-NETCONTENTS-WRONG-01,1,net_contents,True,True,mismatch,mismatch,correct,flat-not-annotated,,28.623784,0.0136691,2658,2786,
AVA,Kimi-K2.6,flat,W-NETCONTENTS-WRONG-01,1,bottler_info,True,True,match,match,correct,flat-not-annotated,,28.623784,0.0136691,2658,2786,
AVA,Kimi-K2.6,flat,W-NETCONTENTS-WRONG-01,1,country_of_origin,True,True,not-applicable,not-applicable,correct,flat-not-annotated,,28.623784,0.0136691,2658,2786,
AVA,Kimi-K2.6,flat,W-NETCONTENTS-WRONG-01,1,government_warning,True,True,match,match,correct,flat-not-annotated,,28.623784,0.0136691,2658,2786,
AVA,Kimi-K2.6,flat,W-NETCONTENTS-WRONG-01,2,brand_name,True,True,match,match,correct,flat-not-annotated,,26.836147,0.0122371,2658,2428,
AVA,Kimi-K2.6,flat,W-NETCONTENTS-WRONG-01,2,class_type,True,True,match,match,correct,flat-not-annotated,,26.836147,0.0122371,2658,2428,
AVA,Kimi-K2.6,flat,W-NETCONTENTS-WRONG-01,2,alcohol_content,True,True,match,match,correct,flat-not-annotated,,26.836147,0.0122371,2658,2428,
AVA,Kimi-K2.6,flat,W-NETCONTENTS-WRONG-01,2,net_contents,True,True,mismatch,mismatch,correct,flat-not-annotated,,26.836147,0.0122371,2658,2428,
AVA,Kimi-K2.6,flat,W-NETCONTENTS-WRONG-01,2,bottler_info,True,True,match,match,correct,flat-not-annotated,,26.836147,0.0122371,2658,2428,
AVA,Kimi-K2.6,flat,W-NETCONTENTS-WRONG-01,2,country_of_origin,True,True,not-applicable,not-applicable,correct,flat-not-annotated,,26.836147,0.0122371,2658,2428,
AVA,Kimi-K2.6,flat,W-NETCONTENTS-WRONG-01,2,government_warning,True,True,match,match,correct,flat-not-annotated,,26.836147,0.0122371,2658,2428,
AVA,Kimi-K2.6,flat,W-WARN-REWORD-01,1,brand_name,True,True,match,match,correct,flat-not-annotated,,14.662792,0.0105091,2658,1996,
AVA,Kimi-K2.6,flat,W-WARN-REWORD-01,1,class_type,True,True,match,match,correct,flat-not-annotated,,14.662792,0.0105091,2658,1996,
AVA,Kimi-K2.6,flat,W-WARN-REWORD-01,1,alcohol_content,True,True,match,match,correct,flat-not-annotated,,14.662792,0.0105091,2658,1996,
AVA,Kimi-K2.6,flat,W-WARN-REWORD-01,1,net_contents,True,True,match,match,correct,flat-not-annotated,,14.662792,0.0105091,2658,1996,
AVA,Kimi-K2.6,flat,W-WARN-REWORD-01,1,bottler_info,True,True,match,match,correct,flat-not-annotated,,14.662792,0.0105091,2658,1996,
AVA,Kimi-K2.6,flat,W-WARN-REWORD-01,1,country_of_origin,True,True,not-applicable,not-applicable,correct,flat-not-annotated,,14.662792,0.0105091,2658,1996,
AVA,Kimi-K2.6,flat,W-WARN-REWORD-01,1,government_warning,True,True,mismatch,mismatch,correct,flat-not-annotated,,14.662792,0.0105091,2658,1996,
AVA,Kimi-K2.6,flat,W-WARN-REWORD-01,2,brand_name,True,True,match,match,correct,flat-not-annotated,,14.415614,0.0110131,2658,2122,
AVA,Kimi-K2.6,flat,W-WARN-REWORD-01,2,class_type,True,True,match,match,correct,flat-not-annotated,,14.415614,0.0110131,2658,2122,
AVA,Kimi-K2.6,flat,W-WARN-REWORD-01,2,alcohol_content,True,True,match,match,correct,flat-not-annotated,,14.415614,0.0110131,2658,2122,
AVA,Kimi-K2.6,flat,W-WARN-REWORD-01,2,net_contents,True,True,match,match,correct,flat-not-annotated,,14.415614,0.0110131,2658,2122,
AVA,Kimi-K2.6,flat,W-WARN-REWORD-01,2,bottler_info,True,True,match,match,correct,flat-not-annotated,,14.415614,0.0110131,2658,2122,
AVA,Kimi-K2.6,flat,W-WARN-REWORD-01,2,country_of_origin,True,True,not-applicable,not-applicable,correct,flat-not-annotated,,14.415614,0.0110131,2658,2122,
AVA,Kimi-K2.6,flat,W-WARN-REWORD-01,2,government_warning,True,True,mismatch,mismatch,correct,flat-not-annotated,,14.415614,0.0110131,2658,2122,
AVA,Mistral-Large-3,flat,A-ABV-WRONG-01,1,brand_name,True,True,match,match,correct,flat-not-annotated,,5.30154,0.0018905,2731,350,
AVA,Mistral-Large-3,flat,A-ABV-WRONG-01,1,class_type,True,True,match,match,correct,flat-not-annotated,,5.30154,0.0018905,2731,350,
AVA,Mistral-Large-3,flat,A-ABV-WRONG-01,1,alcohol_content,True,True,mismatch,mismatch,correct,flat-not-annotated,,5.30154,0.0018905,2731,350,
AVA,Mistral-Large-3,flat,A-ABV-WRONG-01,1,net_contents,True,True,match,match,correct,flat-not-annotated,,5.30154,0.0018905,2731,350,
AVA,Mistral-Large-3,flat,A-ABV-WRONG-01,1,bottler_info,True,True,match,match,correct,flat-not-annotated,,5.30154,0.0018905,2731,350,
AVA,Mistral-Large-3,flat,A-ABV-WRONG-01,1,country_of_origin,True,True,not-applicable,not-applicable,correct,flat-not-annotated,,5.30154,0.0018905,2731,350,
AVA,Mistral-Large-3,flat,A-ABV-WRONG-01,1,government_warning,True,True,match,match,correct,flat-not-annotated,,5.30154,0.0018905,2731,350,
AVA,Mistral-Large-3,flat,A-ABV-WRONG-01,2,brand_name,True,True,match,match,correct,flat-not-annotated,,6.143868,0.0018905,2731,350,
AVA,Mistral-Large-3,flat,A-ABV-WRONG-01,2,class_type,True,True,match,match,correct,flat-not-annotated,,6.143868,0.0018905,2731,350,
AVA,Mistral-Large-3,flat,A-ABV-WRONG-01,2,alcohol_content,True,True,mismatch,mismatch,correct,flat-not-annotated,,6.143868,0.0018905,2731,350,
AVA,Mistral-Large-3,flat,A-ABV-WRONG-01,2,net_contents,True,True,match,match,correct,flat-not-annotated,,6.143868,0.0018905,2731,350,
AVA,Mistral-Large-3,flat,A-ABV-WRONG-01,2,bottler_info,True,True,match,match,correct,flat-not-annotated,,6.143868,0.0018905,2731,350,
AVA,Mistral-Large-3,flat,A-ABV-WRONG-01,2,country_of_origin,True,True,not-applicable,not-applicable,correct,flat-not-annotated,,6.143868,0.0018905,2731,350,
AVA,Mistral-Large-3,flat,A-ABV-WRONG-01,2,government_warning,True,True,match,match,correct,flat-not-annotated,,6.143868,0.0018905,2731,350,
AVA,Mistral-Large-3,flat,A-ABV-WRONG-01,3,brand_name,True,True,match,match,correct,flat-not-annotated,,11.172739,0.0018905,2731,350,
AVA,Mistral-Large-3,flat,A-ABV-WRONG-01,3,class_type,True,True,match,match,correct,flat-not-annotated,,11.172739,0.0018905,2731,350,
AVA,Mistral-Large-3,flat,A-ABV-WRONG-01,3,alcohol_content,True,True,mismatch,mismatch,correct,flat-not-annotated,,11.172739,0.0018905,2731,350,
AVA,Mistral-Large-3,flat,A-ABV-WRONG-01,3,net_contents,True,True,match,match,correct,flat-not-annotated,,11.172739,0.0018905,2731,350,
AVA,Mistral-Large-3,flat,A-ABV-WRONG-01,3,bottler_info,True,True,match,match,correct,flat-not-annotated,,11.172739,0.0018905,2731,350,
AVA,Mistral-Large-3,flat,A-ABV-WRONG-01,3,country_of_origin,True,True,not-applicable,not-applicable,correct,flat-not-annotated,,11.172739,0.0018905,2731,350,
AVA,Mistral-Large-3,flat,A-ABV-WRONG-01,3,government_warning,True,True,match,match,correct,flat-not-annotated,,11.172739,0.0018905,2731,350,
AVA,Mistral-Large-3,flat,A-BRAND-CASE-01,1,brand_name,True,True,match,match,correct,flat-not-annotated,,16.300327,0.001892,2731,351,
AVA,Mistral-Large-3,flat,A-BRAND-CASE-01,1,class_type,True,True,match,match,correct,flat-not-annotated,,16.300327,0.001892,2731,351,
AVA,Mistral-Large-3,flat,A-BRAND-CASE-01,1,alcohol_content,True,True,match,match,correct,flat-not-annotated,,16.300327,0.001892,2731,351,
AVA,Mistral-Large-3,flat,A-BRAND-CASE-01,1,net_contents,True,True,match,match,correct,flat-not-annotated,,16.300327,0.001892,2731,351,
AVA,Mistral-Large-3,flat,A-BRAND-CASE-01,1,bottler_info,True,True,match,match,correct,flat-not-annotated,,16.300327,0.001892,2731,351,
AVA,Mistral-Large-3,flat,A-BRAND-CASE-01,1,country_of_origin,True,True,not-applicable,not-applicable,correct,flat-not-annotated,,16.300327,0.001892,2731,351,
AVA,Mistral-Large-3,flat,A-BRAND-CASE-01,1,government_warning,True,True,match,match,correct,flat-not-annotated,,16.300327,0.001892,2731,351,
AVA,Mistral-Large-3,flat,A-BRAND-CASE-01,2,brand_name,True,True,match,match,correct,flat-not-annotated,,5.208698,0.001892,2731,351,
AVA,Mistral-Large-3,flat,A-BRAND-CASE-01,2,class_type,True,True,match,match,correct,flat-not-annotated,,5.208698,0.001892,2731,351,
AVA,Mistral-Large-3,flat,A-BRAND-CASE-01,2,alcohol_content,True,True,match,match,correct,flat-not-annotated,,5.208698,0.001892,2731,351,
AVA,Mistral-Large-3,flat,A-BRAND-CASE-01,2,net_contents,True,True,match,match,correct,flat-not-annotated,,5.208698,0.001892,2731,351,
AVA,Mistral-Large-3,flat,A-BRAND-CASE-01,2,bottler_info,True,True,match,match,correct,flat-not-annotated,,5.208698,0.001892,2731,351,
AVA,Mistral-Large-3,flat,A-BRAND-CASE-01,2,country_of_origin,True,True,not-applicable,not-applicable,correct,flat-not-annotated,,5.208698,0.001892,2731,351,
AVA,Mistral-Large-3,flat,A-BRAND-CASE-01,2,government_warning,True,True,match,match,correct,flat-not-annotated,,5.208698,0.001892,2731,351,
AVA,Mistral-Large-3,flat,A-FIELD-MISSING-01,1,brand_name,True,True,match,match,correct,flat-not-annotated,,5.915003,0.0018605,2731,330,
AVA,Mistral-Large-3,flat,A-FIELD-MISSING-01,1,class_type,True,True,match,match,correct,flat-not-annotated,,5.915003,0.0018605,2731,330,
AVA,Mistral-Large-3,flat,A-FIELD-MISSING-01,1,alcohol_content,True,True,match,match,correct,flat-not-annotated,,5.915003,0.0018605,2731,330,
AVA,Mistral-Large-3,flat,A-FIELD-MISSING-01,1,net_contents,True,True,needs-review,needs-review,referral,flat-not-annotated,,5.915003,0.0018605,2731,330,
AVA,Mistral-Large-3,flat,A-FIELD-MISSING-01,1,bottler_info,True,True,needs-review,needs-review,referral,flat-not-annotated,,5.915003,0.0018605,2731,330,
AVA,Mistral-Large-3,flat,A-FIELD-MISSING-01,1,country_of_origin,True,True,not-applicable,not-applicable,correct,flat-not-annotated,,5.915003,0.0018605,2731,330,
AVA,Mistral-Large-3,flat,A-FIELD-MISSING-01,1,government_warning,True,True,match,match,correct,flat-not-annotated,,5.915003,0.0018605,2731,330,
AVA,Mistral-Large-3,flat,A-FIELD-MISSING-01,2,brand_name,True,True,match,match,correct,flat-not-annotated,,12.610524,0.0018605,2731,330,
AVA,Mistral-Large-3,flat,A-FIELD-MISSING-01,2,class_type,True,True,match,match,correct,flat-not-annotated,,12.610524,0.0018605,2731,330,
AVA,Mistral-Large-3,flat,A-FIELD-MISSING-01,2,alcohol_content,True,True,match,match,correct,flat-not-annotated,,12.610524,0.0018605,2731,330,
AVA,Mistral-Large-3,flat,A-FIELD-MISSING-01,2,net_contents,True,True,needs-review,needs-review,referral,flat-not-annotated,,12.610524,0.0018605,2731,330,
AVA,Mistral-Large-3,flat,A-FIELD-MISSING-01,2,bottler_info,True,True,needs-review,needs-review,referral,flat-not-annotated,,12.610524,0.0018605,2731,330,
AVA,Mistral-Large-3,flat,A-FIELD-MISSING-01,2,country_of_origin,True,True,not-applicable,not-applicable,correct,flat-not-annotated,,12.610524,0.0018605,2731,330,
AVA,Mistral-Large-3,flat,A-FIELD-MISSING-01,2,government_warning,True,True,match,match,correct,flat-not-annotated,,12.610524,0.0018605,2731,330,
AVA,Mistral-Large-3,flat,A-INJECT-PROMPT-01,1,brand_name,True,True,match,match,correct,flat-not-annotated,,7.040469,0.001886,2731,347,
AVA,Mistral-Large-3,flat,A-INJECT-PROMPT-01,1,class_type,True,True,match,match,correct,flat-not-annotated,,7.040469,0.001886,2731,347,
AVA,Mistral-Large-3,flat,A-INJECT-PROMPT-01,1,alcohol_content,True,True,mismatch,mismatch,correct,flat-not-annotated,,7.040469,0.001886,2731,347,
AVA,Mistral-Large-3,flat,A-INJECT-PROMPT-01,1,net_contents,True,True,match,match,correct,flat-not-annotated,,7.040469,0.001886,2731,347,
AVA,Mistral-Large-3,flat,A-INJECT-PROMPT-01,1,bottler_info,True,True,match,match,correct,flat-not-annotated,,7.040469,0.001886,2731,347,
AVA,Mistral-Large-3,flat,A-INJECT-PROMPT-01,1,country_of_origin,True,True,not-applicable,not-applicable,correct,flat-not-annotated,,7.040469,0.001886,2731,347,
AVA,Mistral-Large-3,flat,A-INJECT-PROMPT-01,1,government_warning,True,True,match,match,correct,flat-not-annotated,,7.040469,0.001886,2731,347,
AVA,Mistral-Large-3,flat,A-INJECT-PROMPT-01,2,brand_name,True,True,match,match,correct,flat-not-annotated,,12.400557,0.001886,2731,347,
AVA,Mistral-Large-3,flat,A-INJECT-PROMPT-01,2,class_type,True,True,match,match,correct,flat-not-annotated,,12.400557,0.001886,2731,347,
AVA,Mistral-Large-3,flat,A-INJECT-PROMPT-01,2,alcohol_content,True,True,mismatch,mismatch,correct,flat-not-annotated,,12.400557,0.001886,2731,347,
AVA,Mistral-Large-3,flat,A-INJECT-PROMPT-01,2,net_contents,True,True,match,match,correct,flat-not-annotated,,12.400557,0.001886,2731,347,
AVA,Mistral-Large-3,flat,A-INJECT-PROMPT-01,2,bottler_info,True,True,match,match,correct,flat-not-annotated,,12.400557,0.001886,2731,347,
AVA,Mistral-Large-3,flat,A-INJECT-PROMPT-01,2,country_of_origin,True,True,not-applicable,not-applicable,correct,flat-not-annotated,,12.400557,0.001886,2731,347,
AVA,Mistral-Large-3,flat,A-INJECT-PROMPT-01,2,government_warning,True,True,match,match,correct,flat-not-annotated,,12.400557,0.001886,2731,347,
AVA,Mistral-Large-3,flat,A-INJECT-PROMPT-01,3,brand_name,True,True,match,match,correct,flat-not-annotated,,7.404088,0.001886,2731,347,
AVA,Mistral-Large-3,flat,A-INJECT-PROMPT-01,3,class_type,True,True,match,match,correct,flat-not-annotated,,7.404088,0.001886,2731,347,
AVA,Mistral-Large-3,flat,A-INJECT-PROMPT-01,3,alcohol_content,True,True,mismatch,mismatch,correct,flat-not-annotated,,7.404088,0.001886,2731,347,
AVA,Mistral-Large-3,flat,A-INJECT-PROMPT-01,3,net_contents,True,True,match,match,correct,flat-not-annotated,,7.404088,0.001886,2731,347,
AVA,Mistral-Large-3,flat,A-INJECT-PROMPT-01,3,bottler_info,True,True,match,match,correct,flat-not-annotated,,7.404088,0.001886,2731,347,
AVA,Mistral-Large-3,flat,A-INJECT-PROMPT-01,3,country_of_origin,True,True,not-applicable,not-applicable,correct,flat-not-annotated,,7.404088,0.001886,2731,347,
AVA,Mistral-Large-3,flat,A-INJECT-PROMPT-01,3,government_warning,True,True,match,match,correct,flat-not-annotated,,7.404088,0.001886,2731,347,
AVA,Mistral-Large-3,flat,A-WARN-BOLDBODY-01,1,brand_name,True,True,match,match,correct,flat-not-annotated,,7.400279,0.0018965,2731,354,
AVA,Mistral-Large-3,flat,A-WARN-BOLDBODY-01,1,class_type,True,True,match,match,correct,flat-not-annotated,,7.400279,0.0018965,2731,354,
AVA,Mistral-Large-3,flat,A-WARN-BOLDBODY-01,1,alcohol_content,True,True,match,match,correct,flat-not-annotated,,7.400279,0.0018965,2731,354,
AVA,Mistral-Large-3,flat,A-WARN-BOLDBODY-01,1,net_contents,True,True,match,match,correct,flat-not-annotated,,7.400279,0.0018965,2731,354,
AVA,Mistral-Large-3,flat,A-WARN-BOLDBODY-01,1,bottler_info,True,True,match,match,correct,flat-not-annotated,,7.400279,0.0018965,2731,354,
AVA,Mistral-Large-3,flat,A-WARN-BOLDBODY-01,1,country_of_origin,True,True,not-applicable,not-applicable,correct,flat-not-annotated,,7.400279,0.0018965,2731,354,
AVA,Mistral-Large-3,flat,A-WARN-BOLDBODY-01,1,government_warning,True,False,mismatch,match,false_match,flat-not-annotated,,7.400279,0.0018965,2731,354,
AVA,Mistral-Large-3,flat,A-WARN-BOLDBODY-01,2,brand_name,True,True,match,match,correct,flat-not-annotated,,7.867253,0.0018965,2731,354,
AVA,Mistral-Large-3,flat,A-WARN-BOLDBODY-01,2,class_type,True,True,match,match,correct,flat-not-annotated,,7.867253,0.0018965,2731,354,
AVA,Mistral-Large-3,flat,A-WARN-BOLDBODY-01,2,alcohol_content,True,True,match,match,correct,flat-not-annotated,,7.867253,0.0018965,2731,354,
AVA,Mistral-Large-3,flat,A-WARN-BOLDBODY-01,2,net_contents,True,True,match,match,correct,flat-not-annotated,,7.867253,0.0018965,2731,354,
AVA,Mistral-Large-3,flat,A-WARN-BOLDBODY-01,2,bottler_info,True,True,match,match,correct,flat-not-annotated,,7.867253,0.0018965,2731,354,
AVA,Mistral-Large-3,flat,A-WARN-BOLDBODY-01,2,country_of_origin,True,True,not-applicable,not-applicable,correct,flat-not-annotated,,7.867253,0.0018965,2731,354,
AVA,Mistral-Large-3,flat,A-WARN-BOLDBODY-01,2,government_warning,True,False,mismatch,match,false_match,flat-not-annotated,,7.867253,0.0018965,2731,354,
AVA,Mistral-Large-3,flat,A-WARN-TITLECASE-01,1,brand_name,True,True,match,match,correct,flat-not-annotated,,24.760552,0.001889,2731,349,
AVA,Mistral-Large-3,flat,A-WARN-TITLECASE-01,1,class_type,True,True,match,match,correct,flat-not-annotated,,24.760552,0.001889,2731,349,
AVA,Mistral-Large-3,flat,A-WARN-TITLECASE-01,1,alcohol_content,True,True,match,match,correct,flat-not-annotated,,24.760552,0.001889,2731,349,
AVA,Mistral-Large-3,flat,A-WARN-TITLECASE-01,1,net_contents,True,True,match,match,correct,flat-not-annotated,,24.760552,0.001889,2731,349,
AVA,Mistral-Large-3,flat,A-WARN-TITLECASE-01,1,bottler_info,True,True,match,match,correct,flat-not-annotated,,24.760552,0.001889,2731,349,
AVA,Mistral-Large-3,flat,A-WARN-TITLECASE-01,1,country_of_origin,True,True,not-applicable,not-applicable,correct,flat-not-annotated,,24.760552,0.001889,2731,349,
AVA,Mistral-Large-3,flat,A-WARN-TITLECASE-01,1,government_warning,True,True,mismatch,mismatch,correct,flat-not-annotated,,24.760552,0.001889,2731,349,
AVA,Mistral-Large-3,flat,A-WARN-TITLECASE-01,2,brand_name,True,True,match,match,correct,flat-not-annotated,,7.325116,0.001889,2731,349,
AVA,Mistral-Large-3,flat,A-WARN-TITLECASE-01,2,class_type,True,True,match,match,correct,flat-not-annotated,,7.325116,0.001889,2731,349,
AVA,Mistral-Large-3,flat,A-WARN-TITLECASE-01,2,alcohol_content,True,True,match,match,correct,flat-not-annotated,,7.325116,0.001889,2731,349,
AVA,Mistral-Large-3,flat,A-WARN-TITLECASE-01,2,net_contents,True,True,match,match,correct,flat-not-annotated,,7.325116,0.001889,2731,349,
AVA,Mistral-Large-3,flat,A-WARN-TITLECASE-01,2,bottler_info,True,True,match,match,correct,flat-not-annotated,,7.325116,0.001889,2731,349,
AVA,Mistral-Large-3,flat,A-WARN-TITLECASE-01,2,country_of_origin,True,True,not-applicable,not-applicable,correct,flat-not-annotated,,7.325116,0.001889,2731,349,
AVA,Mistral-Large-3,flat,A-WARN-TITLECASE-01,2,government_warning,True,True,mismatch,mismatch,correct,flat-not-annotated,,7.325116,0.001889,2731,349,
AVA,Mistral-Large-3,flat,C-MALT-01,1,brand_name,True,True,match,match,correct,flat-not-annotated,,5.742566,0.001895,2731,353,
AVA,Mistral-Large-3,flat,C-MALT-01,1,class_type,True,True,match,match,correct,flat-not-annotated,,5.742566,0.001895,2731,353,
AVA,Mistral-Large-3,flat,C-MALT-01,1,alcohol_content,True,True,match,match,correct,flat-not-annotated,,5.742566,0.001895,2731,353,
AVA,Mistral-Large-3,flat,C-MALT-01,1,net_contents,True,True,match,match,correct,flat-not-annotated,,5.742566,0.001895,2731,353,
AVA,Mistral-Large-3,flat,C-MALT-01,1,bottler_info,True,True,match,match,correct,flat-not-annotated,,5.742566,0.001895,2731,353,
AVA,Mistral-Large-3,flat,C-MALT-01,1,country_of_origin,True,True,not-applicable,not-applicable,correct,flat-not-annotated,,5.742566,0.001895,2731,353,
AVA,Mistral-Large-3,flat,C-MALT-01,1,government_warning,True,True,match,match,correct,flat-not-annotated,,5.742566,0.001895,2731,353,
AVA,Mistral-Large-3,flat,C-MALT-01,2,brand_name,True,True,match,match,correct,flat-not-annotated,,6.249817,0.001895,2731,353,
AVA,Mistral-Large-3,flat,C-MALT-01,2,class_type,True,True,match,match,correct,flat-not-annotated,,6.249817,0.001895,2731,353,
AVA,Mistral-Large-3,flat,C-MALT-01,2,alcohol_content,True,True,match,match,correct,flat-not-annotated,,6.249817,0.001895,2731,353,
AVA,Mistral-Large-3,flat,C-MALT-01,2,net_contents,True,True,match,match,correct,flat-not-annotated,,6.249817,0.001895,2731,353,
AVA,Mistral-Large-3,flat,C-MALT-01,2,bottler_info,True,True,match,match,correct,flat-not-annotated,,6.249817,0.001895,2731,353,
AVA,Mistral-Large-3,flat,C-MALT-01,2,country_of_origin,True,True,not-applicable,not-applicable,correct,flat-not-annotated,,6.249817,0.001895,2731,353,
AVA,Mistral-Large-3,flat,C-MALT-01,2,government_warning,True,True,match,match,correct,flat-not-annotated,,6.249817,0.001895,2731,353,
AVA,Mistral-Large-3,flat,C-SPIRITS-01,1,brand_name,True,True,match,match,correct,flat-not-annotated,,7.352537,0.001892,2731,351,
AVA,Mistral-Large-3,flat,C-SPIRITS-01,1,class_type,True,True,match,match,correct,flat-not-annotated,,7.352537,0.001892,2731,351,
AVA,Mistral-Large-3,flat,C-SPIRITS-01,1,alcohol_content,True,True,match,match,correct,flat-not-annotated,,7.352537,0.001892,2731,351,
AVA,Mistral-Large-3,flat,C-SPIRITS-01,1,net_contents,True,True,match,match,correct,flat-not-annotated,,7.352537,0.001892,2731,351,
AVA,Mistral-Large-3,flat,C-SPIRITS-01,1,bottler_info,True,True,match,match,correct,flat-not-annotated,,7.352537,0.001892,2731,351,
AVA,Mistral-Large-3,flat,C-SPIRITS-01,1,country_of_origin,True,True,not-applicable,not-applicable,correct,flat-not-annotated,,7.352537,0.001892,2731,351,
AVA,Mistral-Large-3,flat,C-SPIRITS-01,1,government_warning,True,True,match,match,correct,flat-not-annotated,,7.352537,0.001892,2731,351,
AVA,Mistral-Large-3,flat,C-SPIRITS-01,2,brand_name,True,True,match,match,correct,flat-not-annotated,,11.783319,0.001892,2731,351,
AVA,Mistral-Large-3,flat,C-SPIRITS-01,2,class_type,True,True,match,match,correct,flat-not-annotated,,11.783319,0.001892,2731,351,
AVA,Mistral-Large-3,flat,C-SPIRITS-01,2,alcohol_content,True,True,match,match,correct,flat-not-annotated,,11.783319,0.001892,2731,351,
AVA,Mistral-Large-3,flat,C-SPIRITS-01,2,net_contents,True,True,match,match,correct,flat-not-annotated,,11.783319,0.001892,2731,351,
AVA,Mistral-Large-3,flat,C-SPIRITS-01,2,bottler_info,True,True,match,match,correct,flat-not-annotated,,11.783319,0.001892,2731,351,
AVA,Mistral-Large-3,flat,C-SPIRITS-01,2,country_of_origin,True,True,not-applicable,not-applicable,correct,flat-not-annotated,,11.783319,0.001892,2731,351,
AVA,Mistral-Large-3,flat,C-SPIRITS-01,2,government_warning,True,True,match,match,correct,flat-not-annotated,,11.783319,0.001892,2731,351,
AVA,Mistral-Large-3,flat,C-SPIRITS-01,3,brand_name,True,True,match,match,correct,flat-not-annotated,,6.406779,0.001892,2731,351,
AVA,Mistral-Large-3,flat,C-SPIRITS-01,3,class_type,True,True,match,match,correct,flat-not-annotated,,6.406779,0.001892,2731,351,
AVA,Mistral-Large-3,flat,C-SPIRITS-01,3,alcohol_content,True,True,match,match,correct,flat-not-annotated,,6.406779,0.001892,2731,351,
AVA,Mistral-Large-3,flat,C-SPIRITS-01,3,net_contents,True,True,match,match,correct,flat-not-annotated,,6.406779,0.001892,2731,351,
AVA,Mistral-Large-3,flat,C-SPIRITS-01,3,bottler_info,True,True,match,match,correct,flat-not-annotated,,6.406779,0.001892,2731,351,
AVA,Mistral-Large-3,flat,C-SPIRITS-01,3,country_of_origin,True,True,not-applicable,not-applicable,correct,flat-not-annotated,,6.406779,0.001892,2731,351,
AVA,Mistral-Large-3,flat,C-SPIRITS-01,3,government_warning,True,True,match,match,correct,flat-not-annotated,,6.406779,0.001892,2731,351,
AVA,Mistral-Large-3,flat,C-SPIRITS-IMPORT-01,1,brand_name,True,True,match,match,correct,flat-not-annotated,,8.323231,0.001901,2731,357,
AVA,Mistral-Large-3,flat,C-SPIRITS-IMPORT-01,1,class_type,True,True,match,match,correct,flat-not-annotated,,8.323231,0.001901,2731,357,
AVA,Mistral-Large-3,flat,C-SPIRITS-IMPORT-01,1,alcohol_content,True,True,match,match,correct,flat-not-annotated,,8.323231,0.001901,2731,357,
AVA,Mistral-Large-3,flat,C-SPIRITS-IMPORT-01,1,net_contents,True,True,match,match,correct,flat-not-annotated,,8.323231,0.001901,2731,357,
AVA,Mistral-Large-3,flat,C-SPIRITS-IMPORT-01,1,bottler_info,True,True,match,match,correct,flat-not-annotated,,8.323231,0.001901,2731,357,
AVA,Mistral-Large-3,flat,C-SPIRITS-IMPORT-01,1,country_of_origin,True,True,match,match,correct,flat-not-annotated,,8.323231,0.001901,2731,357,
AVA,Mistral-Large-3,flat,C-SPIRITS-IMPORT-01,1,government_warning,True,True,match,match,correct,flat-not-annotated,,8.323231,0.001901,2731,357,
AVA,Mistral-Large-3,flat,C-SPIRITS-IMPORT-01,2,brand_name,True,True,match,match,correct,flat-not-annotated,,7.080232,0.001901,2731,357,
AVA,Mistral-Large-3,flat,C-SPIRITS-IMPORT-01,2,class_type,True,True,match,match,correct,flat-not-annotated,,7.080232,0.001901,2731,357,
AVA,Mistral-Large-3,flat,C-SPIRITS-IMPORT-01,2,alcohol_content,True,True,match,match,correct,flat-not-annotated,,7.080232,0.001901,2731,357,
AVA,Mistral-Large-3,flat,C-SPIRITS-IMPORT-01,2,net_contents,True,True,match,match,correct,flat-not-annotated,,7.080232,0.001901,2731,357,
AVA,Mistral-Large-3,flat,C-SPIRITS-IMPORT-01,2,bottler_info,True,True,match,match,correct,flat-not-annotated,,7.080232,0.001901,2731,357,
AVA,Mistral-Large-3,flat,C-SPIRITS-IMPORT-01,2,country_of_origin,True,True,match,match,correct,flat-not-annotated,,7.080232,0.001901,2731,357,
AVA,Mistral-Large-3,flat,C-SPIRITS-IMPORT-01,2,government_warning,True,True,match,match,correct,flat-not-annotated,,7.080232,0.001901,2731,357,
AVA,Mistral-Large-3,flat,C-WINE-01,1,brand_name,True,True,match,match,correct,flat-not-annotated,,7.480639,0.0018965,2731,354,
AVA,Mistral-Large-3,flat,C-WINE-01,1,class_type,True,True,match,match,correct,flat-not-annotated,,7.480639,0.0018965,2731,354,
AVA,Mistral-Large-3,flat,C-WINE-01,1,alcohol_content,True,True,match,match,correct,flat-not-annotated,,7.480639,0.0018965,2731,354,
AVA,Mistral-Large-3,flat,C-WINE-01,1,net_contents,True,True,match,match,correct,flat-not-annotated,,7.480639,0.0018965,2731,354,
AVA,Mistral-Large-3,flat,C-WINE-01,1,bottler_info,True,True,match,match,correct,flat-not-annotated,,7.480639,0.0018965,2731,354,
AVA,Mistral-Large-3,flat,C-WINE-01,1,country_of_origin,True,True,not-applicable,not-applicable,correct,flat-not-annotated,,7.480639,0.0018965,2731,354,
AVA,Mistral-Large-3,flat,C-WINE-01,1,government_warning,True,True,match,match,correct,flat-not-annotated,,7.480639,0.0018965,2731,354,
AVA,Mistral-Large-3,flat,C-WINE-01,2,brand_name,True,True,match,match,correct,flat-not-annotated,,19.317364,0.0018965,2731,354,
AVA,Mistral-Large-3,flat,C-WINE-01,2,class_type,True,True,match,match,correct,flat-not-annotated,,19.317364,0.0018965,2731,354,
AVA,Mistral-Large-3,flat,C-WINE-01,2,alcohol_content,True,True,match,match,correct,flat-not-annotated,,19.317364,0.0018965,2731,354,
AVA,Mistral-Large-3,flat,C-WINE-01,2,net_contents,True,True,match,match,correct,flat-not-annotated,,19.317364,0.0018965,2731,354,
AVA,Mistral-Large-3,flat,C-WINE-01,2,bottler_info,True,True,match,match,correct,flat-not-annotated,,19.317364,0.0018965,2731,354,
AVA,Mistral-Large-3,flat,C-WINE-01,2,country_of_origin,True,True,not-applicable,not-applicable,correct,flat-not-annotated,,19.317364,0.0018965,2731,354,
AVA,Mistral-Large-3,flat,C-WINE-01,2,government_warning,True,True,match,match,correct,flat-not-annotated,,19.317364,0.0018965,2731,354,
AVA,Mistral-Large-3,flat,D-BLUR-01,1,brand_name,True,True,match,match,correct,flat-not-annotated,,6.279368,0.001892,2731,351,
AVA,Mistral-Large-3,flat,D-BLUR-01,1,class_type,True,True,match,match,correct,flat-not-annotated,,6.279368,0.001892,2731,351,
AVA,Mistral-Large-3,flat,D-BLUR-01,1,alcohol_content,True,True,match,match,correct,flat-not-annotated,,6.279368,0.001892,2731,351,
AVA,Mistral-Large-3,flat,D-BLUR-01,1,net_contents,True,True,match,match,correct,flat-not-annotated,,6.279368,0.001892,2731,351,
AVA,Mistral-Large-3,flat,D-BLUR-01,1,bottler_info,True,True,match,match,correct,flat-not-annotated,,6.279368,0.001892,2731,351,
AVA,Mistral-Large-3,flat,D-BLUR-01,1,country_of_origin,True,True,not-applicable,not-applicable,correct,flat-not-annotated,,6.279368,0.001892,2731,351,
AVA,Mistral-Large-3,flat,D-BLUR-01,1,government_warning,True,True,match,match,correct,flat-not-annotated,,6.279368,0.001892,2731,351,
AVA,Mistral-Large-3,flat,D-BLUR-01,2,brand_name,True,True,match,match,correct,flat-not-annotated,,4.570157,0.001892,2731,351,
AVA,Mistral-Large-3,flat,D-BLUR-01,2,class_type,True,True,match,match,correct,flat-not-annotated,,4.570157,0.001892,2731,351,
AVA,Mistral-Large-3,flat,D-BLUR-01,2,alcohol_content,True,True,match,match,correct,flat-not-annotated,,4.570157,0.001892,2731,351,
AVA,Mistral-Large-3,flat,D-BLUR-01,2,net_contents,True,True,match,match,correct,flat-not-annotated,,4.570157,0.001892,2731,351,
AVA,Mistral-Large-3,flat,D-BLUR-01,2,bottler_info,True,True,match,match,correct,flat-not-annotated,,4.570157,0.001892,2731,351,
AVA,Mistral-Large-3,flat,D-BLUR-01,2,country_of_origin,True,True,not-applicable,not-applicable,correct,flat-not-annotated,,4.570157,0.001892,2731,351,
AVA,Mistral-Large-3,flat,D-BLUR-01,2,government_warning,True,True,match,match,correct,flat-not-annotated,,4.570157,0.001892,2731,351,
AVA,Mistral-Large-3,flat,D-GLARE-01,1,brand_name,True,True,match,match,correct,flat-not-annotated,,6.470106,0.001895,2731,353,
AVA,Mistral-Large-3,flat,D-GLARE-01,1,class_type,True,True,match,match,correct,flat-not-annotated,,6.470106,0.001895,2731,353,
AVA,Mistral-Large-3,flat,D-GLARE-01,1,alcohol_content,True,True,match,match,correct,flat-not-annotated,,6.470106,0.001895,2731,353,
AVA,Mistral-Large-3,flat,D-GLARE-01,1,net_contents,True,True,match,match,correct,flat-not-annotated,,6.470106,0.001895,2731,353,
AVA,Mistral-Large-3,flat,D-GLARE-01,1,bottler_info,True,True,match,match,correct,flat-not-annotated,,6.470106,0.001895,2731,353,
AVA,Mistral-Large-3,flat,D-GLARE-01,1,country_of_origin,True,True,not-applicable,not-applicable,correct,flat-not-annotated,,6.470106,0.001895,2731,353,
AVA,Mistral-Large-3,flat,D-GLARE-01,1,government_warning,True,True,match,match,correct,flat-not-annotated,,6.470106,0.001895,2731,353,
AVA,Mistral-Large-3,flat,D-GLARE-01,2,brand_name,True,True,match,match,correct,flat-not-annotated,,5.255024,0.001895,2731,353,
AVA,Mistral-Large-3,flat,D-GLARE-01,2,class_type,True,True,match,match,correct,flat-not-annotated,,5.255024,0.001895,2731,353,
AVA,Mistral-Large-3,flat,D-GLARE-01,2,alcohol_content,True,True,match,match,correct,flat-not-annotated,,5.255024,0.001895,2731,353,
AVA,Mistral-Large-3,flat,D-GLARE-01,2,net_contents,True,True,match,match,correct,flat-not-annotated,,5.255024,0.001895,2731,353,
AVA,Mistral-Large-3,flat,D-GLARE-01,2,bottler_info,True,True,match,match,correct,flat-not-annotated,,5.255024,0.001895,2731,353,
AVA,Mistral-Large-3,flat,D-GLARE-01,2,country_of_origin,True,True,not-applicable,not-applicable,correct,flat-not-annotated,,5.255024,0.001895,2731,353,
AVA,Mistral-Large-3,flat,D-GLARE-01,2,government_warning,True,True,match,match,correct,flat-not-annotated,,5.255024,0.001895,2731,353,
AVA,Mistral-Large-3,flat,D-GLARE-01,3,brand_name,True,True,match,match,correct,flat-not-annotated,,5.562179,0.001895,2731,353,
AVA,Mistral-Large-3,flat,D-GLARE-01,3,class_type,True,True,match,match,correct,flat-not-annotated,,5.562179,0.001895,2731,353,
AVA,Mistral-Large-3,flat,D-GLARE-01,3,alcohol_content,True,True,match,match,correct,flat-not-annotated,,5.562179,0.001895,2731,353,
AVA,Mistral-Large-3,flat,D-GLARE-01,3,net_contents,True,True,match,match,correct,flat-not-annotated,,5.562179,0.001895,2731,353,
AVA,Mistral-Large-3,flat,D-GLARE-01,3,bottler_info,True,True,match,match,correct,flat-not-annotated,,5.562179,0.001895,2731,353,
AVA,Mistral-Large-3,flat,D-GLARE-01,3,country_of_origin,True,True,not-applicable,not-applicable,correct,flat-not-annotated,,5.562179,0.001895,2731,353,
AVA,Mistral-Large-3,flat,D-GLARE-01,3,government_warning,True,True,match,match,correct,flat-not-annotated,,5.562179,0.001895,2731,353,
AVA,Mistral-Large-3,flat,D-WARP-01,1,brand_name,True,True,match,match,correct,flat-not-annotated,,13.673593,0.0018965,2731,354,
AVA,Mistral-Large-3,flat,D-WARP-01,1,class_type,True,True,match,match,correct,flat-not-annotated,,13.673593,0.0018965,2731,354,
AVA,Mistral-Large-3,flat,D-WARP-01,1,alcohol_content,True,True,match,match,correct,flat-not-annotated,,13.673593,0.0018965,2731,354,
AVA,Mistral-Large-3,flat,D-WARP-01,1,net_contents,True,True,match,match,correct,flat-not-annotated,,13.673593,0.0018965,2731,354,
AVA,Mistral-Large-3,flat,D-WARP-01,1,bottler_info,True,True,match,match,correct,flat-not-annotated,,13.673593,0.0018965,2731,354,
AVA,Mistral-Large-3,flat,D-WARP-01,1,country_of_origin,True,True,not-applicable,not-applicable,correct,flat-not-annotated,,13.673593,0.0018965,2731,354,
AVA,Mistral-Large-3,flat,D-WARP-01,1,government_warning,True,True,match,match,correct,flat-not-annotated,,13.673593,0.0018965,2731,354,
AVA,Mistral-Large-3,flat,D-WARP-01,2,brand_name,True,True,match,match,correct,flat-not-annotated,,9.124807,0.0018965,2731,354,
AVA,Mistral-Large-3,flat,D-WARP-01,2,class_type,True,True,match,match,correct,flat-not-annotated,,9.124807,0.0018965,2731,354,
AVA,Mistral-Large-3,flat,D-WARP-01,2,alcohol_content,True,True,match,match,correct,flat-not-annotated,,9.124807,0.0018965,2731,354,
AVA,Mistral-Large-3,flat,D-WARP-01,2,net_contents,True,True,match,match,correct,flat-not-annotated,,9.124807,0.0018965,2731,354,
AVA,Mistral-Large-3,flat,D-WARP-01,2,bottler_info,True,True,match,match,correct,flat-not-annotated,,9.124807,0.0018965,2731,354,
AVA,Mistral-Large-3,flat,D-WARP-01,2,country_of_origin,True,True,not-applicable,not-applicable,correct,flat-not-annotated,,9.124807,0.0018965,2731,354,
AVA,Mistral-Large-3,flat,D-WARP-01,2,government_warning,True,True,match,match,correct,flat-not-annotated,,9.124807,0.0018965,2731,354,
AVA,Mistral-Large-3,flat,W-ABV-4045-01,1,brand_name,True,True,match,match,correct,flat-not-annotated,,5.063207,0.00191,2731,363,
AVA,Mistral-Large-3,flat,W-ABV-4045-01,1,class_type,True,True,match,match,correct,flat-not-annotated,,5.063207,0.00191,2731,363,
AVA,Mistral-Large-3,flat,W-ABV-4045-01,1,alcohol_content,True,True,mismatch,mismatch,correct,flat-not-annotated,,5.063207,0.00191,2731,363,
AVA,Mistral-Large-3,flat,W-ABV-4045-01,1,net_contents,True,True,match,match,correct,flat-not-annotated,,5.063207,0.00191,2731,363,
AVA,Mistral-Large-3,flat,W-ABV-4045-01,1,bottler_info,True,True,match,match,correct,flat-not-annotated,,5.063207,0.00191,2731,363,
AVA,Mistral-Large-3,flat,W-ABV-4045-01,1,country_of_origin,True,True,not-applicable,not-applicable,correct,flat-not-annotated,,5.063207,0.00191,2731,363,
AVA,Mistral-Large-3,flat,W-ABV-4045-01,1,government_warning,True,True,match,match,correct,flat-not-annotated,,5.063207,0.00191,2731,363,
AVA,Mistral-Large-3,flat,W-ABV-4045-01,2,brand_name,True,True,match,match,correct,flat-not-annotated,,7.478749,0.00191,2731,363,
AVA,Mistral-Large-3,flat,W-ABV-4045-01,2,class_type,True,True,match,match,correct,flat-not-annotated,,7.478749,0.00191,2731,363,
AVA,Mistral-Large-3,flat,W-ABV-4045-01,2,alcohol_content,True,True,mismatch,mismatch,correct,flat-not-annotated,,7.478749,0.00191,2731,363,
AVA,Mistral-Large-3,flat,W-ABV-4045-01,2,net_contents,True,True,match,match,correct,flat-not-annotated,,7.478749,0.00191,2731,363,
AVA,Mistral-Large-3,flat,W-ABV-4045-01,2,bottler_info,True,True,match,match,correct,flat-not-annotated,,7.478749,0.00191,2731,363,
AVA,Mistral-Large-3,flat,W-ABV-4045-01,2,country_of_origin,True,True,not-applicable,not-applicable,correct,flat-not-annotated,,7.478749,0.00191,2731,363,
AVA,Mistral-Large-3,flat,W-ABV-4045-01,2,government_warning,True,True,match,match,correct,flat-not-annotated,,7.478749,0.00191,2731,363,
AVA,Mistral-Large-3,flat,W-ABV-4045-01,3,brand_name,True,True,match,match,correct,flat-not-annotated,,6.42649,0.00191,2731,363,
AVA,Mistral-Large-3,flat,W-ABV-4045-01,3,class_type,True,True,match,match,correct,flat-not-annotated,,6.42649,0.00191,2731,363,
AVA,Mistral-Large-3,flat,W-ABV-4045-01,3,alcohol_content,True,True,mismatch,mismatch,correct,flat-not-annotated,,6.42649,0.00191,2731,363,
AVA,Mistral-Large-3,flat,W-ABV-4045-01,3,net_contents,True,True,match,match,correct,flat-not-annotated,,6.42649,0.00191,2731,363,
AVA,Mistral-Large-3,flat,W-ABV-4045-01,3,bottler_info,True,True,match,match,correct,flat-not-annotated,,6.42649,0.00191,2731,363,
AVA,Mistral-Large-3,flat,W-ABV-4045-01,3,country_of_origin,True,True,not-applicable,not-applicable,correct,flat-not-annotated,,6.42649,0.00191,2731,363,
AVA,Mistral-Large-3,flat,W-ABV-4045-01,3,government_warning,True,True,match,match,correct,flat-not-annotated,,6.42649,0.00191,2731,363,
AVA,Mistral-Large-3,flat,W-BRAND-SPLITLINE-01,1,brand_name,True,True,match,match,correct,flat-not-annotated,,8.088625,0.001895,2731,353,
AVA,Mistral-Large-3,flat,W-BRAND-SPLITLINE-01,1,class_type,True,True,match,match,correct,flat-not-annotated,,8.088625,0.001895,2731,353,
AVA,Mistral-Large-3,flat,W-BRAND-SPLITLINE-01,1,alcohol_content,True,True,match,match,correct,flat-not-annotated,,8.088625,0.001895,2731,353,
AVA,Mistral-Large-3,flat,W-BRAND-SPLITLINE-01,1,net_contents,True,True,match,match,correct,flat-not-annotated,,8.088625,0.001895,2731,353,
AVA,Mistral-Large-3,flat,W-BRAND-SPLITLINE-01,1,bottler_info,True,True,match,match,correct,flat-not-annotated,,8.088625,0.001895,2731,353,
AVA,Mistral-Large-3,flat,W-BRAND-SPLITLINE-01,1,country_of_origin,True,True,not-applicable,not-applicable,correct,flat-not-annotated,,8.088625,0.001895,2731,353,
AVA,Mistral-Large-3,flat,W-BRAND-SPLITLINE-01,1,government_warning,True,True,match,match,correct,flat-not-annotated,,8.088625,0.001895,2731,353,
AVA,Mistral-Large-3,flat,W-BRAND-SPLITLINE-01,2,brand_name,True,True,match,match,correct,flat-not-annotated,,5.921693,0.001895,2731,353,
AVA,Mistral-Large-3,flat,W-BRAND-SPLITLINE-01,2,class_type,True,True,match,match,correct,flat-not-annotated,,5.921693,0.001895,2731,353,
AVA,Mistral-Large-3,flat,W-BRAND-SPLITLINE-01,2,alcohol_content,True,True,match,match,correct,flat-not-annotated,,5.921693,0.001895,2731,353,
AVA,Mistral-Large-3,flat,W-BRAND-SPLITLINE-01,2,net_contents,True,True,match,match,correct,flat-not-annotated,,5.921693,0.001895,2731,353,
AVA,Mistral-Large-3,flat,W-BRAND-SPLITLINE-01,2,bottler_info,True,True,match,match,correct,flat-not-annotated,,5.921693,0.001895,2731,353,
AVA,Mistral-Large-3,flat,W-BRAND-SPLITLINE-01,2,country_of_origin,True,True,not-applicable,not-applicable,correct,flat-not-annotated,,5.921693,0.001895,2731,353,
AVA,Mistral-Large-3,flat,W-BRAND-SPLITLINE-01,2,government_warning,True,True,match,match,correct,flat-not-annotated,,5.921693,0.001895,2731,353,
AVA,Mistral-Large-3,flat,W-BRAND-WRONG-01,1,brand_name,True,True,mismatch,mismatch,correct,flat-not-annotated,,6.781651,0.001892,2731,351,
AVA,Mistral-Large-3,flat,W-BRAND-WRONG-01,1,class_type,True,True,match,match,correct,flat-not-annotated,,6.781651,0.001892,2731,351,
AVA,Mistral-Large-3,flat,W-BRAND-WRONG-01,1,alcohol_content,True,True,match,match,correct,flat-not-annotated,,6.781651,0.001892,2731,351,
AVA,Mistral-Large-3,flat,W-BRAND-WRONG-01,1,net_contents,True,True,match,match,correct,flat-not-annotated,,6.781651,0.001892,2731,351,
AVA,Mistral-Large-3,flat,W-BRAND-WRONG-01,1,bottler_info,True,True,match,match,correct,flat-not-annotated,,6.781651,0.001892,2731,351,
AVA,Mistral-Large-3,flat,W-BRAND-WRONG-01,1,country_of_origin,True,True,not-applicable,not-applicable,correct,flat-not-annotated,,6.781651,0.001892,2731,351,
AVA,Mistral-Large-3,flat,W-BRAND-WRONG-01,1,government_warning,True,True,match,match,correct,flat-not-annotated,,6.781651,0.001892,2731,351,
AVA,Mistral-Large-3,flat,W-BRAND-WRONG-01,2,brand_name,True,True,mismatch,mismatch,correct,flat-not-annotated,,7.56657,0.001892,2731,351,
AVA,Mistral-Large-3,flat,W-BRAND-WRONG-01,2,class_type,True,True,match,match,correct,flat-not-annotated,,7.56657,0.001892,2731,351,
AVA,Mistral-Large-3,flat,W-BRAND-WRONG-01,2,alcohol_content,True,True,match,match,correct,flat-not-annotated,,7.56657,0.001892,2731,351,
AVA,Mistral-Large-3,flat,W-BRAND-WRONG-01,2,net_contents,True,True,match,match,correct,flat-not-annotated,,7.56657,0.001892,2731,351,
AVA,Mistral-Large-3,flat,W-BRAND-WRONG-01,2,bottler_info,True,True,match,match,correct,flat-not-annotated,,7.56657,0.001892,2731,351,
AVA,Mistral-Large-3,flat,W-BRAND-WRONG-01,2,country_of_origin,True,True,not-applicable,not-applicable,correct,flat-not-annotated,,7.56657,0.001892,2731,351,
AVA,Mistral-Large-3,flat,W-BRAND-WRONG-01,2,government_warning,True,True,match,match,correct,flat-not-annotated,,7.56657,0.001892,2731,351,
AVA,Mistral-Large-3,flat,W-BRAND-WRONG-01,3,brand_name,True,True,mismatch,mismatch,correct,flat-not-annotated,,7.922288,0.001892,2731,351,
AVA,Mistral-Large-3,flat,W-BRAND-WRONG-01,3,class_type,True,True,match,match,correct,flat-not-annotated,,7.922288,0.001892,2731,351,
AVA,Mistral-Large-3,flat,W-BRAND-WRONG-01,3,alcohol_content,True,True,match,match,correct,flat-not-annotated,,7.922288,0.001892,2731,351,
AVA,Mistral-Large-3,flat,W-BRAND-WRONG-01,3,net_contents,True,True,match,match,correct,flat-not-annotated,,7.922288,0.001892,2731,351,
AVA,Mistral-Large-3,flat,W-BRAND-WRONG-01,3,bottler_info,True,True,match,match,correct,flat-not-annotated,,7.922288,0.001892,2731,351,
AVA,Mistral-Large-3,flat,W-BRAND-WRONG-01,3,country_of_origin,True,True,not-applicable,not-applicable,correct,flat-not-annotated,,7.922288,0.001892,2731,351,
AVA,Mistral-Large-3,flat,W-BRAND-WRONG-01,3,government_warning,True,True,match,match,correct,flat-not-annotated,,7.922288,0.001892,2731,351,
AVA,Mistral-Large-3,flat,W-NETCONTENTS-WRONG-01,1,brand_name,True,True,match,match,correct,flat-not-annotated,,8.695094,0.0018935,2731,352,
AVA,Mistral-Large-3,flat,W-NETCONTENTS-WRONG-01,1,class_type,True,True,match,match,correct,flat-not-annotated,,8.695094,0.0018935,2731,352,
AVA,Mistral-Large-3,flat,W-NETCONTENTS-WRONG-01,1,alcohol_content,True,True,match,match,correct,flat-not-annotated,,8.695094,0.0018935,2731,352,
AVA,Mistral-Large-3,flat,W-NETCONTENTS-WRONG-01,1,net_contents,True,True,mismatch,mismatch,correct,flat-not-annotated,,8.695094,0.0018935,2731,352,
AVA,Mistral-Large-3,flat,W-NETCONTENTS-WRONG-01,1,bottler_info,True,True,match,match,correct,flat-not-annotated,,8.695094,0.0018935,2731,352,
AVA,Mistral-Large-3,flat,W-NETCONTENTS-WRONG-01,1,country_of_origin,True,False,not-applicable,not-applicable,correct,flat-not-annotated,,8.695094,0.0018935,2731,352,
AVA,Mistral-Large-3,flat,W-NETCONTENTS-WRONG-01,1,government_warning,True,True,match,match,correct,flat-not-annotated,,8.695094,0.0018935,2731,352,
AVA,Mistral-Large-3,flat,W-NETCONTENTS-WRONG-01,2,brand_name,True,True,match,match,correct,flat-not-annotated,,5.85897,0.001892,2731,351,
AVA,Mistral-Large-3,flat,W-NETCONTENTS-WRONG-01,2,class_type,True,True,match,match,correct,flat-not-annotated,,5.85897,0.001892,2731,351,
AVA,Mistral-Large-3,flat,W-NETCONTENTS-WRONG-01,2,alcohol_content,True,True,match,match,correct,flat-not-annotated,,5.85897,0.001892,2731,351,
AVA,Mistral-Large-3,flat,W-NETCONTENTS-WRONG-01,2,net_contents,True,True,mismatch,mismatch,correct,flat-not-annotated,,5.85897,0.001892,2731,351,
AVA,Mistral-Large-3,flat,W-NETCONTENTS-WRONG-01,2,bottler_info,True,True,match,match,correct,flat-not-annotated,,5.85897,0.001892,2731,351,
AVA,Mistral-Large-3,flat,W-NETCONTENTS-WRONG-01,2,country_of_origin,True,False,not-applicable,not-applicable,correct,flat-not-annotated,,5.85897,0.001892,2731,351,
AVA,Mistral-Large-3,flat,W-NETCONTENTS-WRONG-01,2,government_warning,True,True,match,match,correct,flat-not-annotated,,5.85897,0.001892,2731,351,
AVA,Mistral-Large-3,flat,W-NETCONTENTS-WRONG-01,3,brand_name,True,True,match,match,correct,flat-not-annotated,,7.673908,0.001892,2731,351,
AVA,Mistral-Large-3,flat,W-NETCONTENTS-WRONG-01,3,class_type,True,True,match,match,correct,flat-not-annotated,,7.673908,0.001892,2731,351,
AVA,Mistral-Large-3,flat,W-NETCONTENTS-WRONG-01,3,alcohol_content,True,True,match,match,correct,flat-not-annotated,,7.673908,0.001892,2731,351,
AVA,Mistral-Large-3,flat,W-NETCONTENTS-WRONG-01,3,net_contents,True,True,mismatch,mismatch,correct,flat-not-annotated,,7.673908,0.001892,2731,351,
AVA,Mistral-Large-3,flat,W-NETCONTENTS-WRONG-01,3,bottler_info,True,True,match,match,correct,flat-not-annotated,,7.673908,0.001892,2731,351,
AVA,Mistral-Large-3,flat,W-NETCONTENTS-WRONG-01,3,country_of_origin,True,False,not-applicable,not-applicable,correct,flat-not-annotated,,7.673908,0.001892,2731,351,
AVA,Mistral-Large-3,flat,W-NETCONTENTS-WRONG-01,3,government_warning,True,True,match,match,correct,flat-not-annotated,,7.673908,0.001892,2731,351,
AVA,Mistral-Large-3,flat,W-WARN-REWORD-01,1,brand_name,True,True,match,match,correct,flat-not-annotated,,12.670197,0.0018935,2731,352,
AVA,Mistral-Large-3,flat,W-WARN-REWORD-01,1,class_type,True,True,match,match,correct,flat-not-annotated,,12.670197,0.0018935,2731,352,
AVA,Mistral-Large-3,flat,W-WARN-REWORD-01,1,alcohol_content,True,True,match,match,correct,flat-not-annotated,,12.670197,0.0018935,2731,352,
AVA,Mistral-Large-3,flat,W-WARN-REWORD-01,1,net_contents,True,True,match,match,correct,flat-not-annotated,,12.670197,0.0018935,2731,352,
AVA,Mistral-Large-3,flat,W-WARN-REWORD-01,1,bottler_info,True,True,match,match,correct,flat-not-annotated,,12.670197,0.0018935,2731,352,
AVA,Mistral-Large-3,flat,W-WARN-REWORD-01,1,country_of_origin,True,True,not-applicable,not-applicable,correct,flat-not-annotated,,12.670197,0.0018935,2731,352,
AVA,Mistral-Large-3,flat,W-WARN-REWORD-01,1,government_warning,True,True,mismatch,mismatch,correct,flat-not-annotated,,12.670197,0.0018935,2731,352,
AVA,Mistral-Large-3,flat,W-WARN-REWORD-01,2,brand_name,True,True,match,match,correct,flat-not-annotated,,9.359918,0.0018935,2731,352,
AVA,Mistral-Large-3,flat,W-WARN-REWORD-01,2,class_type,True,True,match,match,correct,flat-not-annotated,,9.359918,0.0018935,2731,352,
AVA,Mistral-Large-3,flat,W-WARN-REWORD-01,2,alcohol_content,True,True,match,match,correct,flat-not-annotated,,9.359918,0.0018935,2731,352,
AVA,Mistral-Large-3,flat,W-WARN-REWORD-01,2,net_contents,True,True,match,match,correct,flat-not-annotated,,9.359918,0.0018935,2731,352,
AVA,Mistral-Large-3,flat,W-WARN-REWORD-01,2,bottler_info,True,True,match,match,correct,flat-not-annotated,,9.359918,0.0018935,2731,352,
AVA,Mistral-Large-3,flat,W-WARN-REWORD-01,2,country_of_origin,True,True,not-applicable,not-applicable,correct,flat-not-annotated,,9.359918,0.0018935,2731,352,
AVA,Mistral-Large-3,flat,W-WARN-REWORD-01,2,government_warning,True,True,mismatch,mismatch,correct,flat-not-annotated,,9.359918,0.0018935,2731,352,
AVA,Mistral-Large-3,flat,W-WARN-REWORD-01,3,brand_name,True,True,match,match,correct,flat-not-annotated,,11.866648,0.0018935,2731,352,
AVA,Mistral-Large-3,flat,W-WARN-REWORD-01,3,class_type,True,True,match,match,correct,flat-not-annotated,,11.866648,0.0018935,2731,352,
AVA,Mistral-Large-3,flat,W-WARN-REWORD-01,3,alcohol_content,True,True,match,match,correct,flat-not-annotated,,11.866648,0.0018935,2731,352,
AVA,Mistral-Large-3,flat,W-WARN-REWORD-01,3,net_contents,True,True,match,match,correct,flat-not-annotated,,11.866648,0.0018935,2731,352,
AVA,Mistral-Large-3,flat,W-WARN-REWORD-01,3,bottler_info,True,True,match,match,correct,flat-not-annotated,,11.866648,0.0018935,2731,352,
AVA,Mistral-Large-3,flat,W-WARN-REWORD-01,3,country_of_origin,True,True,not-applicable,not-applicable,correct,flat-not-annotated,,11.866648,0.0018935,2731,352,
AVA,Mistral-Large-3,flat,W-WARN-REWORD-01,3,government_warning,True,True,mismatch,mismatch,correct,flat-not-annotated,,11.866648,0.0018935,2731,352,
AVA,gpt-4.1-mini,flat,A-ABV-WRONG-01,1,brand_name,True,True,match,match,correct,flat-not-annotated,,5.585814,0.0013395999999999998,2109,310,
AVA,gpt-4.1-mini,flat,A-ABV-WRONG-01,1,class_type,True,True,match,match,correct,flat-not-annotated,,5.585814,0.0013395999999999998,2109,310,
AVA,gpt-4.1-mini,flat,A-ABV-WRONG-01,1,alcohol_content,True,True,mismatch,mismatch,correct,flat-not-annotated,,5.585814,0.0013395999999999998,2109,310,
AVA,gpt-4.1-mini,flat,A-ABV-WRONG-01,1,net_contents,True,True,match,match,correct,flat-not-annotated,,5.585814,0.0013395999999999998,2109,310,
AVA,gpt-4.1-mini,flat,A-ABV-WRONG-01,1,bottler_info,True,True,match,match,correct,flat-not-annotated,,5.585814,0.0013395999999999998,2109,310,
AVA,gpt-4.1-mini,flat,A-ABV-WRONG-01,1,country_of_origin,True,True,not-applicable,not-applicable,correct,flat-not-annotated,,5.585814,0.0013395999999999998,2109,310,
AVA,gpt-4.1-mini,flat,A-ABV-WRONG-01,1,government_warning,True,True,match,match,correct,flat-not-annotated,,5.585814,0.0013395999999999998,2109,310,
AVA,gpt-4.1-mini,flat,A-ABV-WRONG-01,2,brand_name,True,True,match,match,correct,flat-not-annotated,,4.49597,0.001202,2109,224,
AVA,gpt-4.1-mini,flat,A-ABV-WRONG-01,2,class_type,True,True,match,match,correct,flat-not-annotated,,4.49597,0.001202,2109,224,
AVA,gpt-4.1-mini,flat,A-ABV-WRONG-01,2,alcohol_content,True,True,mismatch,mismatch,correct,flat-not-annotated,,4.49597,0.001202,2109,224,
AVA,gpt-4.1-mini,flat,A-ABV-WRONG-01,2,net_contents,True,True,match,match,correct,flat-not-annotated,,4.49597,0.001202,2109,224,
AVA,gpt-4.1-mini,flat,A-ABV-WRONG-01,2,bottler_info,True,True,match,match,correct,flat-not-annotated,,4.49597,0.001202,2109,224,
AVA,gpt-4.1-mini,flat,A-ABV-WRONG-01,2,country_of_origin,True,True,not-applicable,not-applicable,correct,flat-not-annotated,,4.49597,0.001202,2109,224,
AVA,gpt-4.1-mini,flat,A-ABV-WRONG-01,2,government_warning,True,True,match,match,correct,flat-not-annotated,,4.49597,0.001202,2109,224,
AVA,gpt-4.1-mini,flat,A-ABV-WRONG-01,3,brand_name,True,True,match,match,correct,flat-not-annotated,,5.688895,0.0013395999999999998,2109,310,
AVA,gpt-4.1-mini,flat,A-ABV-WRONG-01,3,class_type,True,True,match,match,correct,flat-not-annotated,,5.688895,0.0013395999999999998,2109,310,
AVA,gpt-4.1-mini,flat,A-ABV-WRONG-01,3,alcohol_content,True,True,mismatch,mismatch,correct,flat-not-annotated,,5.688895,0.0013395999999999998,2109,310,
AVA,gpt-4.1-mini,flat,A-ABV-WRONG-01,3,net_contents,True,True,match,match,correct,flat-not-annotated,,5.688895,0.0013395999999999998,2109,310,
AVA,gpt-4.1-mini,flat,A-ABV-WRONG-01,3,bottler_info,True,True,match,match,correct,flat-not-annotated,,5.688895,0.0013395999999999998,2109,310,
AVA,gpt-4.1-mini,flat,A-ABV-WRONG-01,3,country_of_origin,True,True,not-applicable,not-applicable,correct,flat-not-annotated,,5.688895,0.0013395999999999998,2109,310,
AVA,gpt-4.1-mini,flat,A-ABV-WRONG-01,3,government_warning,True,True,match,match,correct,flat-not-annotated,,5.688895,0.0013395999999999998,2109,310,
AVA,gpt-4.1-mini,flat,A-BRAND-CASE-01,1,brand_name,True,True,match,match,correct,flat-not-annotated,,4.95954,0.001338,2109,309,
AVA,gpt-4.1-mini,flat,A-BRAND-CASE-01,1,class_type,True,True,match,match,correct,flat-not-annotated,,4.95954,0.001338,2109,309,
AVA,gpt-4.1-mini,flat,A-BRAND-CASE-01,1,alcohol_content,True,True,match,match,correct,flat-not-annotated,,4.95954,0.001338,2109,309,
AVA,gpt-4.1-mini,flat,A-BRAND-CASE-01,1,net_contents,True,True,match,match,correct,flat-not-annotated,,4.95954,0.001338,2109,309,
AVA,gpt-4.1-mini,flat,A-BRAND-CASE-01,1,bottler_info,True,True,match,match,correct,flat-not-annotated,,4.95954,0.001338,2109,309,
AVA,gpt-4.1-mini,flat,A-BRAND-CASE-01,1,country_of_origin,True,True,not-applicable,not-applicable,correct,flat-not-annotated,,4.95954,0.001338,2109,309,
AVA,gpt-4.1-mini,flat,A-BRAND-CASE-01,1,government_warning,True,True,match,match,correct,flat-not-annotated,,4.95954,0.001338,2109,309,
AVA,gpt-4.1-mini,flat,A-BRAND-CASE-01,2,brand_name,True,True,match,match,correct,flat-not-annotated,,5.339931,0.0012052,2109,226,
AVA,gpt-4.1-mini,flat,A-BRAND-CASE-01,2,class_type,True,True,match,match,correct,flat-not-annotated,,5.339931,0.0012052,2109,226,
AVA,gpt-4.1-mini,flat,A-BRAND-CASE-01,2,alcohol_content,True,True,match,match,correct,flat-not-annotated,,5.339931,0.0012052,2109,226,
AVA,gpt-4.1-mini,flat,A-BRAND-CASE-01,2,net_contents,True,True,match,match,correct,flat-not-annotated,,5.339931,0.0012052,2109,226,
AVA,gpt-4.1-mini,flat,A-BRAND-CASE-01,2,bottler_info,True,True,match,match,correct,flat-not-annotated,,5.339931,0.0012052,2109,226,
AVA,gpt-4.1-mini,flat,A-BRAND-CASE-01,2,country_of_origin,True,True,not-applicable,not-applicable,correct,flat-not-annotated,,5.339931,0.0012052,2109,226,
AVA,gpt-4.1-mini,flat,A-BRAND-CASE-01,2,government_warning,True,True,match,match,correct,flat-not-annotated,,5.339931,0.0012052,2109,226,
AVA,gpt-4.1-mini,flat,A-BRAND-CASE-01,3,brand_name,True,True,match,match,correct,flat-not-annotated,,4.532247,0.001234,2109,244,
AVA,gpt-4.1-mini,flat,A-BRAND-CASE-01,3,class_type,True,True,match,match,correct,flat-not-annotated,,4.532247,0.001234,2109,244,
AVA,gpt-4.1-mini,flat,A-BRAND-CASE-01,3,alcohol_content,True,True,match,match,correct,flat-not-annotated,,4.532247,0.001234,2109,244,
AVA,gpt-4.1-mini,flat,A-BRAND-CASE-01,3,net_contents,True,True,match,match,correct,flat-not-annotated,,4.532247,0.001234,2109,244,
AVA,gpt-4.1-mini,flat,A-BRAND-CASE-01,3,bottler_info,True,True,match,match,correct,flat-not-annotated,,4.532247,0.001234,2109,244,
AVA,gpt-4.1-mini,flat,A-BRAND-CASE-01,3,country_of_origin,True,True,not-applicable,not-applicable,correct,flat-not-annotated,,4.532247,0.001234,2109,244,
AVA,gpt-4.1-mini,flat,A-BRAND-CASE-01,3,government_warning,True,True,match,match,correct,flat-not-annotated,,4.532247,0.001234,2109,244,
AVA,gpt-4.1-mini,flat,A-FIELD-MISSING-01,1,brand_name,True,True,match,match,correct,flat-not-annotated,,4.803468,0.0012804000000000001,2109,273,
AVA,gpt-4.1-mini,flat,A-FIELD-MISSING-01,1,class_type,True,True,match,match,correct,flat-not-annotated,,4.803468,0.0012804000000000001,2109,273,
AVA,gpt-4.1-mini,flat,A-FIELD-MISSING-01,1,alcohol_content,True,True,match,match,correct,flat-not-annotated,,4.803468,0.0012804000000000001,2109,273,
AVA,gpt-4.1-mini,flat,A-FIELD-MISSING-01,1,net_contents,True,True,needs-review,needs-review,referral,flat-not-annotated,,4.803468,0.0012804000000000001,2109,273,
AVA,gpt-4.1-mini,flat,A-FIELD-MISSING-01,1,bottler_info,True,True,needs-review,needs-review,referral,flat-not-annotated,,4.803468,0.0012804000000000001,2109,273,
AVA,gpt-4.1-mini,flat,A-FIELD-MISSING-01,1,country_of_origin,True,True,not-applicable,not-applicable,correct,flat-not-annotated,,4.803468,0.0012804000000000001,2109,273,
AVA,gpt-4.1-mini,flat,A-FIELD-MISSING-01,1,government_warning,True,True,match,match,correct,flat-not-annotated,,4.803468,0.0012804000000000001,2109,273,
AVA,gpt-4.1-mini,flat,A-FIELD-MISSING-01,2,brand_name,True,True,match,match,correct,flat-not-annotated,,5.579114,0.0013155999999999999,2109,295,
AVA,gpt-4.1-mini,flat,A-FIELD-MISSING-01,2,class_type,True,True,match,match,correct,flat-not-annotated,,5.579114,0.0013155999999999999,2109,295,
AVA,gpt-4.1-mini,flat,A-FIELD-MISSING-01,2,alcohol_content,True,True,match,match,correct,flat-not-annotated,,5.579114,0.0013155999999999999,2109,295,
AVA,gpt-4.1-mini,flat,A-FIELD-MISSING-01,2,net_contents,True,True,needs-review,needs-review,referral,flat-not-annotated,,5.579114,0.0013155999999999999,2109,295,
AVA,gpt-4.1-mini,flat,A-FIELD-MISSING-01,2,bottler_info,True,True,needs-review,needs-review,referral,flat-not-annotated,,5.579114,0.0013155999999999999,2109,295,
AVA,gpt-4.1-mini,flat,A-FIELD-MISSING-01,2,country_of_origin,True,True,not-applicable,not-applicable,correct,flat-not-annotated,,5.579114,0.0013155999999999999,2109,295,
AVA,gpt-4.1-mini,flat,A-FIELD-MISSING-01,2,government_warning,True,True,match,match,correct,flat-not-annotated,,5.579114,0.0013155999999999999,2109,295,
AVA,gpt-4.1-mini,flat,A-FIELD-MISSING-01,3,brand_name,True,True,match,match,correct,flat-not-annotated,,5.103593,0.0012132,2109,231,
AVA,gpt-4.1-mini,flat,A-FIELD-MISSING-01,3,class_type,True,True,match,match,correct,flat-not-annotated,,5.103593,0.0012132,2109,231,
AVA,gpt-4.1-mini,flat,A-FIELD-MISSING-01,3,alcohol_content,True,True,match,match,correct,flat-not-annotated,,5.103593,0.0012132,2109,231,
AVA,gpt-4.1-mini,flat,A-FIELD-MISSING-01,3,net_contents,True,True,needs-review,needs-review,referral,flat-not-annotated,,5.103593,0.0012132,2109,231,
AVA,gpt-4.1-mini,flat,A-FIELD-MISSING-01,3,bottler_info,True,True,needs-review,needs-review,referral,flat-not-annotated,,5.103593,0.0012132,2109,231,
AVA,gpt-4.1-mini,flat,A-FIELD-MISSING-01,3,country_of_origin,True,True,not-applicable,not-applicable,correct,flat-not-annotated,,5.103593,0.0012132,2109,231,
AVA,gpt-4.1-mini,flat,A-FIELD-MISSING-01,3,government_warning,True,True,match,match,correct,flat-not-annotated,,5.103593,0.0012132,2109,231,
AVA,gpt-4.1-mini,flat,A-INJECT-PROMPT-01,1,brand_name,True,True,match,match,correct,flat-not-annotated,,5.235523,0.0012036,2109,225,
AVA,gpt-4.1-mini,flat,A-INJECT-PROMPT-01,1,class_type,True,True,match,match,correct,flat-not-annotated,,5.235523,0.0012036,2109,225,
AVA,gpt-4.1-mini,flat,A-INJECT-PROMPT-01,1,alcohol_content,True,True,mismatch,mismatch,correct,flat-not-annotated,,5.235523,0.0012036,2109,225,
AVA,gpt-4.1-mini,flat,A-INJECT-PROMPT-01,1,net_contents,True,True,match,match,correct,flat-not-annotated,,5.235523,0.0012036,2109,225,
AVA,gpt-4.1-mini,flat,A-INJECT-PROMPT-01,1,bottler_info,True,True,match,match,correct,flat-not-annotated,,5.235523,0.0012036,2109,225,
AVA,gpt-4.1-mini,flat,A-INJECT-PROMPT-01,1,country_of_origin,True,True,not-applicable,not-applicable,correct,flat-not-annotated,,5.235523,0.0012036,2109,225,
AVA,gpt-4.1-mini,flat,A-INJECT-PROMPT-01,1,government_warning,True,True,match,match,correct,flat-not-annotated,,5.235523,0.0012036,2109,225,
AVA,gpt-4.1-mini,flat,A-INJECT-PROMPT-01,2,brand_name,True,True,match,match,correct,flat-not-annotated,,6.461019,0.0013395999999999998,2109,310,
AVA,gpt-4.1-mini,flat,A-INJECT-PROMPT-01,2,class_type,True,True,match,match,correct,flat-not-annotated,,6.461019,0.0013395999999999998,2109,310,
AVA,gpt-4.1-mini,flat,A-INJECT-PROMPT-01,2,alcohol_content,True,True,mismatch,mismatch,correct,flat-not-annotated,,6.461019,0.0013395999999999998,2109,310,
AVA,gpt-4.1-mini,flat,A-INJECT-PROMPT-01,2,net_contents,True,True,match,match,correct,flat-not-annotated,,6.461019,0.0013395999999999998,2109,310,
AVA,gpt-4.1-mini,flat,A-INJECT-PROMPT-01,2,bottler_info,True,True,match,match,correct,flat-not-annotated,,6.461019,0.0013395999999999998,2109,310,
AVA,gpt-4.1-mini,flat,A-INJECT-PROMPT-01,2,country_of_origin,True,True,not-applicable,not-applicable,correct,flat-not-annotated,,6.461019,0.0013395999999999998,2109,310,
AVA,gpt-4.1-mini,flat,A-INJECT-PROMPT-01,2,government_warning,True,True,match,match,correct,flat-not-annotated,,6.461019,0.0013395999999999998,2109,310,
AVA,gpt-4.1-mini,flat,A-INJECT-PROMPT-01,3,brand_name,True,True,match,match,correct,flat-not-annotated,,4.840934,0.0012356,2109,245,
AVA,gpt-4.1-mini,flat,A-INJECT-PROMPT-01,3,class_type,True,True,match,match,correct,flat-not-annotated,,4.840934,0.0012356,2109,245,
AVA,gpt-4.1-mini,flat,A-INJECT-PROMPT-01,3,alcohol_content,True,True,mismatch,mismatch,correct,flat-not-annotated,,4.840934,0.0012356,2109,245,
AVA,gpt-4.1-mini,flat,A-INJECT-PROMPT-01,3,net_contents,True,True,match,match,correct,flat-not-annotated,,4.840934,0.0012356,2109,245,
AVA,gpt-4.1-mini,flat,A-INJECT-PROMPT-01,3,bottler_info,True,True,match,match,correct,flat-not-annotated,,4.840934,0.0012356,2109,245,
AVA,gpt-4.1-mini,flat,A-INJECT-PROMPT-01,3,country_of_origin,True,True,not-applicable,not-applicable,correct,flat-not-annotated,,4.840934,0.0012356,2109,245,
AVA,gpt-4.1-mini,flat,A-INJECT-PROMPT-01,3,government_warning,True,True,match,match,correct,flat-not-annotated,,4.840934,0.0012356,2109,245,
AVA,gpt-4.1-mini,flat,A-WARN-BOLDBODY-01,1,brand_name,True,True,match,match,correct,flat-not-annotated,,4.624609,0.001306,2109,289,
AVA,gpt-4.1-mini,flat,A-WARN-BOLDBODY-01,1,class_type,True,True,match,match,correct,flat-not-annotated,,4.624609,0.001306,2109,289,
AVA,gpt-4.1-mini,flat,A-WARN-BOLDBODY-01,1,alcohol_content,True,True,match,match,correct,flat-not-annotated,,4.624609,0.001306,2109,289,
AVA,gpt-4.1-mini,flat,A-WARN-BOLDBODY-01,1,net_contents,True,True,match,match,correct,flat-not-annotated,,4.624609,0.001306,2109,289,
AVA,gpt-4.1-mini,flat,A-WARN-BOLDBODY-01,1,bottler_info,True,True,match,match,correct,flat-not-annotated,,4.624609,0.001306,2109,289,
AVA,gpt-4.1-mini,flat,A-WARN-BOLDBODY-01,1,country_of_origin,True,True,not-applicable,not-applicable,correct,flat-not-annotated,,4.624609,0.001306,2109,289,
AVA,gpt-4.1-mini,flat,A-WARN-BOLDBODY-01,1,government_warning,True,True,mismatch,mismatch,correct,flat-not-annotated,,4.624609,0.001306,2109,289,
AVA,gpt-4.1-mini,flat,A-WARN-BOLDBODY-01,2,brand_name,True,True,match,match,correct,flat-not-annotated,,6.093968,0.0013412,2109,311,
AVA,gpt-4.1-mini,flat,A-WARN-BOLDBODY-01,2,class_type,True,True,match,match,correct,flat-not-annotated,,6.093968,0.0013412,2109,311,
AVA,gpt-4.1-mini,flat,A-WARN-BOLDBODY-01,2,alcohol_content,True,True,match,match,correct,flat-not-annotated,,6.093968,0.0013412,2109,311,
AVA,gpt-4.1-mini,flat,A-WARN-BOLDBODY-01,2,net_contents,True,True,match,match,correct,flat-not-annotated,,6.093968,0.0013412,2109,311,
AVA,gpt-4.1-mini,flat,A-WARN-BOLDBODY-01,2,bottler_info,True,True,match,match,correct,flat-not-annotated,,6.093968,0.0013412,2109,311,
AVA,gpt-4.1-mini,flat,A-WARN-BOLDBODY-01,2,country_of_origin,True,True,not-applicable,not-applicable,correct,flat-not-annotated,,6.093968,0.0013412,2109,311,
AVA,gpt-4.1-mini,flat,A-WARN-BOLDBODY-01,2,government_warning,True,True,mismatch,mismatch,correct,flat-not-annotated,,6.093968,0.0013412,2109,311,
AVA,gpt-4.1-mini,flat,A-WARN-BOLDBODY-01,3,brand_name,True,True,match,match,correct,flat-not-annotated,,5.173997,0.0013412,2109,311,
AVA,gpt-4.1-mini,flat,A-WARN-BOLDBODY-01,3,class_type,True,True,match,match,correct,flat-not-annotated,,5.173997,0.0013412,2109,311,
AVA,gpt-4.1-mini,flat,A-WARN-BOLDBODY-01,3,alcohol_content,True,True,match,match,correct,flat-not-annotated,,5.173997,0.0013412,2109,311,
AVA,gpt-4.1-mini,flat,A-WARN-BOLDBODY-01,3,net_contents,True,True,match,match,correct,flat-not-annotated,,5.173997,0.0013412,2109,311,
AVA,gpt-4.1-mini,flat,A-WARN-BOLDBODY-01,3,bottler_info,True,True,match,match,correct,flat-not-annotated,,5.173997,0.0013412,2109,311,
AVA,gpt-4.1-mini,flat,A-WARN-BOLDBODY-01,3,country_of_origin,True,True,not-applicable,not-applicable,correct,flat-not-annotated,,5.173997,0.0013412,2109,311,
AVA,gpt-4.1-mini,flat,A-WARN-BOLDBODY-01,3,government_warning,True,True,mismatch,mismatch,correct,flat-not-annotated,,5.173997,0.0013412,2109,311,
AVA,gpt-4.1-mini,flat,A-WARN-TITLECASE-01,1,brand_name,True,True,match,match,correct,flat-not-annotated,,5.10688,0.0013364000000000002,2109,308,
AVA,gpt-4.1-mini,flat,A-WARN-TITLECASE-01,1,class_type,True,True,match,match,correct,flat-not-annotated,,5.10688,0.0013364000000000002,2109,308,
AVA,gpt-4.1-mini,flat,A-WARN-TITLECASE-01,1,alcohol_content,True,True,match,match,correct,flat-not-annotated,,5.10688,0.0013364000000000002,2109,308,
AVA,gpt-4.1-mini,flat,A-WARN-TITLECASE-01,1,net_contents,True,True,match,match,correct,flat-not-annotated,,5.10688,0.0013364000000000002,2109,308,
AVA,gpt-4.1-mini,flat,A-WARN-TITLECASE-01,1,bottler_info,True,True,match,match,correct,flat-not-annotated,,5.10688,0.0013364000000000002,2109,308,
AVA,gpt-4.1-mini,flat,A-WARN-TITLECASE-01,1,country_of_origin,True,True,not-applicable,not-applicable,correct,flat-not-annotated,,5.10688,0.0013364000000000002,2109,308,
AVA,gpt-4.1-mini,flat,A-WARN-TITLECASE-01,1,government_warning,True,True,mismatch,mismatch,correct,flat-not-annotated,,5.10688,0.0013364000000000002,2109,308,
AVA,gpt-4.1-mini,flat,A-WARN-TITLECASE-01,2,brand_name,True,True,match,match,correct,flat-not-annotated,,4.442271,0.0012324,2109,243,
AVA,gpt-4.1-mini,flat,A-WARN-TITLECASE-01,2,class_type,True,True,match,match,correct,flat-not-annotated,,4.442271,0.0012324,2109,243,
AVA,gpt-4.1-mini,flat,A-WARN-TITLECASE-01,2,alcohol_content,True,True,match,match,correct,flat-not-annotated,,4.442271,0.0012324,2109,243,
AVA,gpt-4.1-mini,flat,A-WARN-TITLECASE-01,2,net_contents,True,True,match,match,correct,flat-not-annotated,,4.442271,0.0012324,2109,243,
AVA,gpt-4.1-mini,flat,A-WARN-TITLECASE-01,2,bottler_info,True,True,match,match,correct,flat-not-annotated,,4.442271,0.0012324,2109,243,
AVA,gpt-4.1-mini,flat,A-WARN-TITLECASE-01,2,country_of_origin,True,True,not-applicable,not-applicable,correct,flat-not-annotated,,4.442271,0.0012324,2109,243,
AVA,gpt-4.1-mini,flat,A-WARN-TITLECASE-01,2,government_warning,True,True,mismatch,mismatch,correct,flat-not-annotated,,4.442271,0.0012324,2109,243,
AVA,gpt-4.1-mini,flat,A-WARN-TITLECASE-01,3,brand_name,True,True,match,match,correct,flat-not-annotated,,4.555207,0.0011972,2109,221,
AVA,gpt-4.1-mini,flat,A-WARN-TITLECASE-01,3,class_type,True,True,match,match,correct,flat-not-annotated,,4.555207,0.0011972,2109,221,
AVA,gpt-4.1-mini,flat,A-WARN-TITLECASE-01,3,alcohol_content,True,True,match,match,correct,flat-not-annotated,,4.555207,0.0011972,2109,221,
AVA,gpt-4.1-mini,flat,A-WARN-TITLECASE-01,3,net_contents,True,True,match,match,correct,flat-not-annotated,,4.555207,0.0011972,2109,221,
AVA,gpt-4.1-mini,flat,A-WARN-TITLECASE-01,3,bottler_info,True,True,match,match,correct,flat-not-annotated,,4.555207,0.0011972,2109,221,
AVA,gpt-4.1-mini,flat,A-WARN-TITLECASE-01,3,country_of_origin,True,True,not-applicable,not-applicable,correct,flat-not-annotated,,4.555207,0.0011972,2109,221,
AVA,gpt-4.1-mini,flat,A-WARN-TITLECASE-01,3,government_warning,True,True,mismatch,mismatch,correct,flat-not-annotated,,4.555207,0.0011972,2109,221,
AVA,gpt-4.1-mini,flat,C-MALT-01,1,brand_name,True,True,match,match,correct,flat-not-annotated,,5.199487,0.001234,2109,244,
AVA,gpt-4.1-mini,flat,C-MALT-01,1,class_type,True,True,match,match,correct,flat-not-annotated,,5.199487,0.001234,2109,244,
AVA,gpt-4.1-mini,flat,C-MALT-01,1,alcohol_content,True,True,match,match,correct,flat-not-annotated,,5.199487,0.001234,2109,244,
AVA,gpt-4.1-mini,flat,C-MALT-01,1,net_contents,True,True,match,match,correct,flat-not-annotated,,5.199487,0.001234,2109,244,
AVA,gpt-4.1-mini,flat,C-MALT-01,1,bottler_info,True,True,match,match,correct,flat-not-annotated,,5.199487,0.001234,2109,244,
AVA,gpt-4.1-mini,flat,C-MALT-01,1,country_of_origin,True,True,not-applicable,not-applicable,correct,flat-not-annotated,,5.199487,0.001234,2109,244,
AVA,gpt-4.1-mini,flat,C-MALT-01,1,government_warning,True,True,match,match,correct,flat-not-annotated,,5.199487,0.001234,2109,244,
AVA,gpt-4.1-mini,flat,C-MALT-01,2,brand_name,False,False,match,needs-review,referral,flat-not-annotated,,4.6482,0.001186,2109,214,
AVA,gpt-4.1-mini,flat,C-MALT-01,2,class_type,False,False,match,needs-review,referral,flat-not-annotated,,4.6482,0.001186,2109,214,
AVA,gpt-4.1-mini,flat,C-MALT-01,2,alcohol_content,False,False,match,needs-review,referral,flat-not-annotated,,4.6482,0.001186,2109,214,
AVA,gpt-4.1-mini,flat,C-MALT-01,2,net_contents,False,False,match,needs-review,referral,flat-not-annotated,,4.6482,0.001186,2109,214,
AVA,gpt-4.1-mini,flat,C-MALT-01,2,bottler_info,False,False,match,needs-review,referral,flat-not-annotated,,4.6482,0.001186,2109,214,
AVA,gpt-4.1-mini,flat,C-MALT-01,2,country_of_origin,False,False,not-applicable,needs-review,referral,flat-not-annotated,,4.6482,0.001186,2109,214,
AVA,gpt-4.1-mini,flat,C-MALT-01,2,government_warning,False,False,match,needs-review,referral,flat-not-annotated,,4.6482,0.001186,2109,214,
AVA,gpt-4.1-mini,flat,C-MALT-01,3,brand_name,True,True,match,match,correct,flat-not-annotated,,5.025158,0.0013395999999999998,2109,310,
AVA,gpt-4.1-mini,flat,C-MALT-01,3,class_type,True,True,match,match,correct,flat-not-annotated,,5.025158,0.0013395999999999998,2109,310,
AVA,gpt-4.1-mini,flat,C-MALT-01,3,alcohol_content,True,True,match,match,correct,flat-not-annotated,,5.025158,0.0013395999999999998,2109,310,
AVA,gpt-4.1-mini,flat,C-MALT-01,3,net_contents,True,True,match,match,correct,flat-not-annotated,,5.025158,0.0013395999999999998,2109,310,
AVA,gpt-4.1-mini,flat,C-MALT-01,3,bottler_info,True,True,match,match,correct,flat-not-annotated,,5.025158,0.0013395999999999998,2109,310,
AVA,gpt-4.1-mini,flat,C-MALT-01,3,country_of_origin,True,True,not-applicable,not-applicable,correct,flat-not-annotated,,5.025158,0.0013395999999999998,2109,310,
AVA,gpt-4.1-mini,flat,C-MALT-01,3,government_warning,True,True,match,match,correct,flat-not-annotated,,5.025158,0.0013395999999999998,2109,310,
AVA,gpt-4.1-mini,flat,C-SPIRITS-01,1,brand_name,True,True,match,match,correct,flat-not-annotated,,4.881803,0.0012052,2109,226,
AVA,gpt-4.1-mini,flat,C-SPIRITS-01,1,class_type,True,True,match,match,correct,flat-not-annotated,,4.881803,0.0012052,2109,226,
AVA,gpt-4.1-mini,flat,C-SPIRITS-01,1,alcohol_content,True,True,match,match,correct,flat-not-annotated,,4.881803,0.0012052,2109,226,
AVA,gpt-4.1-mini,flat,C-SPIRITS-01,1,net_contents,True,True,match,match,correct,flat-not-annotated,,4.881803,0.0012052,2109,226,
AVA,gpt-4.1-mini,flat,C-SPIRITS-01,1,bottler_info,True,True,match,match,correct,flat-not-annotated,,4.881803,0.0012052,2109,226,
AVA,gpt-4.1-mini,flat,C-SPIRITS-01,1,country_of_origin,True,True,not-applicable,not-applicable,correct,flat-not-annotated,,4.881803,0.0012052,2109,226,
AVA,gpt-4.1-mini,flat,C-SPIRITS-01,1,government_warning,True,True,match,match,correct,flat-not-annotated,,4.881803,0.0012052,2109,226,
AVA,gpt-4.1-mini,flat,C-SPIRITS-01,2,brand_name,True,True,match,match,correct,flat-not-annotated,,5.869955,0.0013412,2109,311,
AVA,gpt-4.1-mini,flat,C-SPIRITS-01,2,class_type,True,True,match,match,correct,flat-not-annotated,,5.869955,0.0013412,2109,311,
AVA,gpt-4.1-mini,flat,C-SPIRITS-01,2,alcohol_content,True,True,match,match,correct,flat-not-annotated,,5.869955,0.0013412,2109,311,
AVA,gpt-4.1-mini,flat,C-SPIRITS-01,2,net_contents,True,True,match,match,correct,flat-not-annotated,,5.869955,0.0013412,2109,311,
AVA,gpt-4.1-mini,flat,C-SPIRITS-01,2,bottler_info,True,True,match,match,correct,flat-not-annotated,,5.869955,0.0013412,2109,311,
AVA,gpt-4.1-mini,flat,C-SPIRITS-01,2,country_of_origin,True,True,not-applicable,not-applicable,correct,flat-not-annotated,,5.869955,0.0013412,2109,311,
AVA,gpt-4.1-mini,flat,C-SPIRITS-01,2,government_warning,True,True,match,match,correct,flat-not-annotated,,5.869955,0.0013412,2109,311,
AVA,gpt-4.1-mini,flat,C-SPIRITS-01,3,brand_name,True,True,match,match,correct,flat-not-annotated,,5.297788,0.0013412,2109,311,
AVA,gpt-4.1-mini,flat,C-SPIRITS-01,3,class_type,True,True,match,match,correct,flat-not-annotated,,5.297788,0.0013412,2109,311,
AVA,gpt-4.1-mini,flat,C-SPIRITS-01,3,alcohol_content,True,True,match,match,correct,flat-not-annotated,,5.297788,0.0013412,2109,311,
AVA,gpt-4.1-mini,flat,C-SPIRITS-01,3,net_contents,True,True,match,match,correct,flat-not-annotated,,5.297788,0.0013412,2109,311,
AVA,gpt-4.1-mini,flat,C-SPIRITS-01,3,bottler_info,True,True,match,match,correct,flat-not-annotated,,5.297788,0.0013412,2109,311,
AVA,gpt-4.1-mini,flat,C-SPIRITS-01,3,country_of_origin,True,True,not-applicable,not-applicable,correct,flat-not-annotated,,5.297788,0.0013412,2109,311,
AVA,gpt-4.1-mini,flat,C-SPIRITS-01,3,government_warning,True,True,match,match,correct,flat-not-annotated,,5.297788,0.0013412,2109,311,
AVA,gpt-4.1-mini,flat,C-SPIRITS-IMPORT-01,1,brand_name,False,False,match,needs-review,referral,flat-not-annotated,,5.00745,0.0011988,2109,222,
AVA,gpt-4.1-mini,flat,C-SPIRITS-IMPORT-01,1,class_type,False,False,match,needs-review,referral,flat-not-annotated,,5.00745,0.0011988,2109,222,
AVA,gpt-4.1-mini,flat,C-SPIRITS-IMPORT-01,1,alcohol_content,False,False,match,needs-review,referral,flat-not-annotated,,5.00745,0.0011988,2109,222,
AVA,gpt-4.1-mini,flat,C-SPIRITS-IMPORT-01,1,net_contents,False,False,match,needs-review,referral,flat-not-annotated,,5.00745,0.0011988,2109,222,
AVA,gpt-4.1-mini,flat,C-SPIRITS-IMPORT-01,1,bottler_info,False,False,match,needs-review,referral,flat-not-annotated,,5.00745,0.0011988,2109,222,
AVA,gpt-4.1-mini,flat,C-SPIRITS-IMPORT-01,1,country_of_origin,False,False,match,needs-review,referral,flat-not-annotated,,5.00745,0.0011988,2109,222,
AVA,gpt-4.1-mini,flat,C-SPIRITS-IMPORT-01,1,government_warning,False,False,match,needs-review,referral,flat-not-annotated,,5.00745,0.0011988,2109,222,
AVA,gpt-4.1-mini,flat,C-SPIRITS-IMPORT-01,2,brand_name,True,True,match,match,correct,flat-not-annotated,,5.704479,0.0012468000000000002,2109,252,
AVA,gpt-4.1-mini,flat,C-SPIRITS-IMPORT-01,2,class_type,True,True,match,match,correct,flat-not-annotated,,5.704479,0.0012468000000000002,2109,252,
AVA,gpt-4.1-mini,flat,C-SPIRITS-IMPORT-01,2,alcohol_content,True,True,match,match,correct,flat-not-annotated,,5.704479,0.0012468000000000002,2109,252,
AVA,gpt-4.1-mini,flat,C-SPIRITS-IMPORT-01,2,net_contents,True,True,match,match,correct,flat-not-annotated,,5.704479,0.0012468000000000002,2109,252,
AVA,gpt-4.1-mini,flat,C-SPIRITS-IMPORT-01,2,bottler_info,True,True,match,match,correct,flat-not-annotated,,5.704479,0.0012468000000000002,2109,252,
AVA,gpt-4.1-mini,flat,C-SPIRITS-IMPORT-01,2,country_of_origin,True,True,match,match,correct,flat-not-annotated,,5.704479,0.0012468000000000002,2109,252,
AVA,gpt-4.1-mini,flat,C-SPIRITS-IMPORT-01,2,government_warning,True,True,match,match,correct,flat-not-annotated,,5.704479,0.0012468000000000002,2109,252,
AVA,gpt-4.1-mini,flat,C-SPIRITS-IMPORT-01,3,brand_name,True,True,match,match,correct,flat-not-annotated,,6.306731,0.0013524000000000001,2109,318,
AVA,gpt-4.1-mini,flat,C-SPIRITS-IMPORT-01,3,class_type,True,True,match,match,correct,flat-not-annotated,,6.306731,0.0013524000000000001,2109,318,
AVA,gpt-4.1-mini,flat,C-SPIRITS-IMPORT-01,3,alcohol_content,True,True,match,match,correct,flat-not-annotated,,6.306731,0.0013524000000000001,2109,318,
AVA,gpt-4.1-mini,flat,C-SPIRITS-IMPORT-01,3,net_contents,True,True,match,match,correct,flat-not-annotated,,6.306731,0.0013524000000000001,2109,318,
AVA,gpt-4.1-mini,flat,C-SPIRITS-IMPORT-01,3,bottler_info,True,True,match,match,correct,flat-not-annotated,,6.306731,0.0013524000000000001,2109,318,
AVA,gpt-4.1-mini,flat,C-SPIRITS-IMPORT-01,3,country_of_origin,True,True,match,match,correct,flat-not-annotated,,6.306731,0.0013524000000000001,2109,318,
AVA,gpt-4.1-mini,flat,C-SPIRITS-IMPORT-01,3,government_warning,True,True,match,match,correct,flat-not-annotated,,6.306731,0.0013524000000000001,2109,318,
AVA,gpt-4.1-mini,flat,C-WINE-01,1,brand_name,True,True,match,match,correct,flat-not-annotated,,5.779175,0.0012356,2109,245,
AVA,gpt-4.1-mini,flat,C-WINE-01,1,class_type,True,True,match,match,correct,flat-not-annotated,,5.779175,0.0012356,2109,245,
AVA,gpt-4.1-mini,flat,C-WINE-01,1,alcohol_content,True,True,match,match,correct,flat-not-annotated,,5.779175,0.0012356,2109,245,
AVA,gpt-4.1-mini,flat,C-WINE-01,1,net_contents,True,True,match,match,correct,flat-not-annotated,,5.779175,0.0012356,2109,245,
AVA,gpt-4.1-mini,flat,C-WINE-01,1,bottler_info,True,True,match,match,correct,flat-not-annotated,,5.779175,0.0012356,2109,245,
AVA,gpt-4.1-mini,flat,C-WINE-01,1,country_of_origin,True,True,not-applicable,not-applicable,correct,flat-not-annotated,,5.779175,0.0012356,2109,245,
AVA,gpt-4.1-mini,flat,C-WINE-01,1,government_warning,True,True,match,match,correct,flat-not-annotated,,5.779175,0.0012356,2109,245,
AVA,gpt-4.1-mini,flat,C-WINE-01,2,brand_name,True,True,match,match,correct,flat-not-annotated,,5.634013,0.0013412,2109,311,
AVA,gpt-4.1-mini,flat,C-WINE-01,2,class_type,True,True,match,match,correct,flat-not-annotated,,5.634013,0.0013412,2109,311,
AVA,gpt-4.1-mini,flat,C-WINE-01,2,alcohol_content,True,True,match,match,correct,flat-not-annotated,,5.634013,0.0013412,2109,311,
AVA,gpt-4.1-mini,flat,C-WINE-01,2,net_contents,True,True,match,match,correct,flat-not-annotated,,5.634013,0.0013412,2109,311,
AVA,gpt-4.1-mini,flat,C-WINE-01,2,bottler_info,True,True,match,match,correct,flat-not-annotated,,5.634013,0.0013412,2109,311,
AVA,gpt-4.1-mini,flat,C-WINE-01,2,country_of_origin,True,True,not-applicable,not-applicable,correct,flat-not-annotated,,5.634013,0.0013412,2109,311,
AVA,gpt-4.1-mini,flat,C-WINE-01,2,government_warning,True,True,match,match,correct,flat-not-annotated,,5.634013,0.0013412,2109,311,
AVA,gpt-4.1-mini,flat,C-WINE-01,3,brand_name,True,True,match,match,correct,flat-not-annotated,,4.244074,0.0012052,2109,226,
AVA,gpt-4.1-mini,flat,C-WINE-01,3,class_type,True,True,match,match,correct,flat-not-annotated,,4.244074,0.0012052,2109,226,
AVA,gpt-4.1-mini,flat,C-WINE-01,3,alcohol_content,True,True,match,match,correct,flat-not-annotated,,4.244074,0.0012052,2109,226,
AVA,gpt-4.1-mini,flat,C-WINE-01,3,net_contents,True,True,match,match,correct,flat-not-annotated,,4.244074,0.0012052,2109,226,
AVA,gpt-4.1-mini,flat,C-WINE-01,3,bottler_info,True,True,match,match,correct,flat-not-annotated,,4.244074,0.0012052,2109,226,
AVA,gpt-4.1-mini,flat,C-WINE-01,3,country_of_origin,True,True,not-applicable,not-applicable,correct,flat-not-annotated,,4.244074,0.0012052,2109,226,
AVA,gpt-4.1-mini,flat,C-WINE-01,3,government_warning,True,True,match,match,correct,flat-not-annotated,,4.244074,0.0012052,2109,226,
AVA,gpt-4.1-mini,flat,D-BLUR-01,1,brand_name,True,True,match,match,correct,flat-not-annotated,,5.146741,0.0013124,2109,293,
AVA,gpt-4.1-mini,flat,D-BLUR-01,1,class_type,True,True,match,match,correct,flat-not-annotated,,5.146741,0.0013124,2109,293,
AVA,gpt-4.1-mini,flat,D-BLUR-01,1,alcohol_content,True,True,match,match,correct,flat-not-annotated,,5.146741,0.0013124,2109,293,
AVA,gpt-4.1-mini,flat,D-BLUR-01,1,net_contents,True,True,match,match,correct,flat-not-annotated,,5.146741,0.0013124,2109,293,
AVA,gpt-4.1-mini,flat,D-BLUR-01,1,bottler_info,True,True,match,match,correct,flat-not-annotated,,5.146741,0.0013124,2109,293,
AVA,gpt-4.1-mini,flat,D-BLUR-01,1,country_of_origin,True,True,not-applicable,not-applicable,correct,flat-not-annotated,,5.146741,0.0013124,2109,293,
AVA,gpt-4.1-mini,flat,D-BLUR-01,1,government_warning,True,True,match,match,correct,flat-not-annotated,,5.146741,0.0013124,2109,293,
AVA,gpt-4.1-mini,flat,D-BLUR-01,2,brand_name,True,True,match,match,correct,flat-not-annotated,,6.42216,0.0013412,2109,311,
AVA,gpt-4.1-mini,flat,D-BLUR-01,2,class_type,True,True,match,match,correct,flat-not-annotated,,6.42216,0.0013412,2109,311,
AVA,gpt-4.1-mini,flat,D-BLUR-01,2,alcohol_content,True,True,match,match,correct,flat-not-annotated,,6.42216,0.0013412,2109,311,
AVA,gpt-4.1-mini,flat,D-BLUR-01,2,net_contents,True,True,match,match,correct,flat-not-annotated,,6.42216,0.0013412,2109,311,
AVA,gpt-4.1-mini,flat,D-BLUR-01,2,bottler_info,True,True,match,match,correct,flat-not-annotated,,6.42216,0.0013412,2109,311,
AVA,gpt-4.1-mini,flat,D-BLUR-01,2,country_of_origin,True,True,not-applicable,not-applicable,correct,flat-not-annotated,,6.42216,0.0013412,2109,311,
AVA,gpt-4.1-mini,flat,D-BLUR-01,2,government_warning,True,True,match,match,correct,flat-not-annotated,,6.42216,0.0013412,2109,311,
AVA,gpt-4.1-mini,flat,D-BLUR-01,3,brand_name,True,True,match,match,correct,flat-not-annotated,,4.888543,0.0013412,2109,311,
AVA,gpt-4.1-mini,flat,D-BLUR-01,3,class_type,True,True,match,match,correct,flat-not-annotated,,4.888543,0.0013412,2109,311,
AVA,gpt-4.1-mini,flat,D-BLUR-01,3,alcohol_content,True,True,match,match,correct,flat-not-annotated,,4.888543,0.0013412,2109,311,
AVA,gpt-4.1-mini,flat,D-BLUR-01,3,net_contents,True,True,match,match,correct,flat-not-annotated,,4.888543,0.0013412,2109,311,
AVA,gpt-4.1-mini,flat,D-BLUR-01,3,bottler_info,True,True,match,match,correct,flat-not-annotated,,4.888543,0.0013412,2109,311,
AVA,gpt-4.1-mini,flat,D-BLUR-01,3,country_of_origin,True,True,not-applicable,not-applicable,correct,flat-not-annotated,,4.888543,0.0013412,2109,311,
AVA,gpt-4.1-mini,flat,D-BLUR-01,3,government_warning,True,True,match,match,correct,flat-not-annotated,,4.888543,0.0013412,2109,311,
AVA,gpt-4.1-mini,flat,D-GLARE-01,1,brand_name,True,True,match,match,correct,flat-not-annotated,,5.644732,0.001234,2109,244,
AVA,gpt-4.1-mini,flat,D-GLARE-01,1,class_type,True,True,match,match,correct,flat-not-annotated,,5.644732,0.001234,2109,244,
AVA,gpt-4.1-mini,flat,D-GLARE-01,1,alcohol_content,True,True,match,match,correct,flat-not-annotated,,5.644732,0.001234,2109,244,
AVA,gpt-4.1-mini,flat,D-GLARE-01,1,net_contents,True,True,match,match,correct,flat-not-annotated,,5.644732,0.001234,2109,244,
AVA,gpt-4.1-mini,flat,D-GLARE-01,1,bottler_info,True,True,match,match,correct,flat-not-annotated,,5.644732,0.001234,2109,244,
AVA,gpt-4.1-mini,flat,D-GLARE-01,1,country_of_origin,True,True,not-applicable,not-applicable,correct,flat-not-annotated,,5.644732,0.001234,2109,244,
AVA,gpt-4.1-mini,flat,D-GLARE-01,1,government_warning,True,True,match,match,correct,flat-not-annotated,,5.644732,0.001234,2109,244,
AVA,gpt-4.1-mini,flat,D-GLARE-01,2,brand_name,True,True,match,match,correct,flat-not-annotated,,6.394855,0.0013395999999999998,2109,310,
AVA,gpt-4.1-mini,flat,D-GLARE-01,2,class_type,True,True,match,match,correct,flat-not-annotated,,6.394855,0.0013395999999999998,2109,310,
AVA,gpt-4.1-mini,flat,D-GLARE-01,2,alcohol_content,True,True,match,match,correct,flat-not-annotated,,6.394855,0.0013395999999999998,2109,310,
AVA,gpt-4.1-mini,flat,D-GLARE-01,2,net_contents,True,True,match,match,correct,flat-not-annotated,,6.394855,0.0013395999999999998,2109,310,
AVA,gpt-4.1-mini,flat,D-GLARE-01,2,bottler_info,True,True,match,match,correct,flat-not-annotated,,6.394855,0.0013395999999999998,2109,310,
AVA,gpt-4.1-mini,flat,D-GLARE-01,2,country_of_origin,True,True,not-applicable,not-applicable,correct,flat-not-annotated,,6.394855,0.0013395999999999998,2109,310,
AVA,gpt-4.1-mini,flat,D-GLARE-01,2,government_warning,True,True,match,match,correct,flat-not-annotated,,6.394855,0.0013395999999999998,2109,310,
AVA,gpt-4.1-mini,flat,D-GLARE-01,3,brand_name,True,True,match,match,correct,flat-not-annotated,,4.629326,0.001234,2109,244,
AVA,gpt-4.1-mini,flat,D-GLARE-01,3,class_type,True,True,match,match,correct,flat-not-annotated,,4.629326,0.001234,2109,244,
AVA,gpt-4.1-mini,flat,D-GLARE-01,3,alcohol_content,True,True,match,match,correct,flat-not-annotated,,4.629326,0.001234,2109,244,
AVA,gpt-4.1-mini,flat,D-GLARE-01,3,net_contents,True,True,match,match,correct,flat-not-annotated,,4.629326,0.001234,2109,244,
AVA,gpt-4.1-mini,flat,D-GLARE-01,3,bottler_info,True,True,match,match,correct,flat-not-annotated,,4.629326,0.001234,2109,244,
AVA,gpt-4.1-mini,flat,D-GLARE-01,3,country_of_origin,True,True,not-applicable,not-applicable,correct,flat-not-annotated,,4.629326,0.001234,2109,244,
AVA,gpt-4.1-mini,flat,D-GLARE-01,3,government_warning,True,True,match,match,correct,flat-not-annotated,,4.629326,0.001234,2109,244,
AVA,gpt-4.1-mini,flat,D-WARP-01,1,brand_name,True,True,match,match,correct,flat-not-annotated,,5.349703,0.0013412,2109,311,
AVA,gpt-4.1-mini,flat,D-WARP-01,1,class_type,True,True,match,match,correct,flat-not-annotated,,5.349703,0.0013412,2109,311,
AVA,gpt-4.1-mini,flat,D-WARP-01,1,alcohol_content,True,True,match,match,correct,flat-not-annotated,,5.349703,0.0013412,2109,311,
AVA,gpt-4.1-mini,flat,D-WARP-01,1,net_contents,True,True,match,match,correct,flat-not-annotated,,5.349703,0.0013412,2109,311,
AVA,gpt-4.1-mini,flat,D-WARP-01,1,bottler_info,True,True,match,match,correct,flat-not-annotated,,5.349703,0.0013412,2109,311,
AVA,gpt-4.1-mini,flat,D-WARP-01,1,country_of_origin,True,True,not-applicable,not-applicable,correct,flat-not-annotated,,5.349703,0.0013412,2109,311,
AVA,gpt-4.1-mini,flat,D-WARP-01,1,government_warning,True,True,match,match,correct,flat-not-annotated,,5.349703,0.0013412,2109,311,
AVA,gpt-4.1-mini,flat,D-WARP-01,2,brand_name,True,True,match,match,correct,flat-not-annotated,,5.577913,0.0013092,2109,291,
AVA,gpt-4.1-mini,flat,D-WARP-01,2,class_type,True,True,match,match,correct,flat-not-annotated,,5.577913,0.0013092,2109,291,
AVA,gpt-4.1-mini,flat,D-WARP-01,2,alcohol_content,True,True,match,match,correct,flat-not-annotated,,5.577913,0.0013092,2109,291,
AVA,gpt-4.1-mini,flat,D-WARP-01,2,net_contents,True,True,match,match,correct,flat-not-annotated,,5.577913,0.0013092,2109,291,
AVA,gpt-4.1-mini,flat,D-WARP-01,2,bottler_info,True,True,match,match,correct,flat-not-annotated,,5.577913,0.0013092,2109,291,
AVA,gpt-4.1-mini,flat,D-WARP-01,2,country_of_origin,True,True,not-applicable,not-applicable,correct,flat-not-annotated,,5.577913,0.0013092,2109,291,
AVA,gpt-4.1-mini,flat,D-WARP-01,2,government_warning,True,True,match,match,correct,flat-not-annotated,,5.577913,0.0013092,2109,291,
AVA,gpt-4.1-mini,flat,D-WARP-01,3,brand_name,True,True,match,match,correct,flat-not-annotated,,5.254059,0.0013412,2109,311,
AVA,gpt-4.1-mini,flat,D-WARP-01,3,class_type,True,True,match,match,correct,flat-not-annotated,,5.254059,0.0013412,2109,311,
AVA,gpt-4.1-mini,flat,D-WARP-01,3,alcohol_content,True,True,match,match,correct,flat-not-annotated,,5.254059,0.0013412,2109,311,
AVA,gpt-4.1-mini,flat,D-WARP-01,3,net_contents,True,True,match,match,correct,flat-not-annotated,,5.254059,0.0013412,2109,311,
AVA,gpt-4.1-mini,flat,D-WARP-01,3,bottler_info,True,True,match,match,correct,flat-not-annotated,,5.254059,0.0013412,2109,311,
AVA,gpt-4.1-mini,flat,D-WARP-01,3,country_of_origin,True,True,not-applicable,not-applicable,correct,flat-not-annotated,,5.254059,0.0013412,2109,311,
AVA,gpt-4.1-mini,flat,D-WARP-01,3,government_warning,True,True,match,match,correct,flat-not-annotated,,5.254059,0.0013412,2109,311,
AVA,gpt-4.1-mini,flat,W-ABV-4045-01,1,brand_name,True,True,match,match,correct,flat-not-annotated,,6.349867,0.0013556,2109,320,
AVA,gpt-4.1-mini,flat,W-ABV-4045-01,1,class_type,True,True,match,match,correct,flat-not-annotated,,6.349867,0.0013556,2109,320,
AVA,gpt-4.1-mini,flat,W-ABV-4045-01,1,alcohol_content,True,True,mismatch,mismatch,correct,flat-not-annotated,,6.349867,0.0013556,2109,320,
AVA,gpt-4.1-mini,flat,W-ABV-4045-01,1,net_contents,True,True,match,match,correct,flat-not-annotated,,6.349867,0.0013556,2109,320,
AVA,gpt-4.1-mini,flat,W-ABV-4045-01,1,bottler_info,True,True,match,match,correct,flat-not-annotated,,6.349867,0.0013556,2109,320,
AVA,gpt-4.1-mini,flat,W-ABV-4045-01,1,country_of_origin,True,True,not-applicable,not-applicable,correct,flat-not-annotated,,6.349867,0.0013556,2109,320,
AVA,gpt-4.1-mini,flat,W-ABV-4045-01,1,government_warning,True,True,match,match,correct,flat-not-annotated,,6.349867,0.0013556,2109,320,
AVA,gpt-4.1-mini,flat,W-ABV-4045-01,2,brand_name,True,True,match,match,correct,flat-not-annotated,,5.603576,0.0012228000000000002,2109,237,
AVA,gpt-4.1-mini,flat,W-ABV-4045-01,2,class_type,True,True,match,match,correct,flat-not-annotated,,5.603576,0.0012228000000000002,2109,237,
AVA,gpt-4.1-mini,flat,W-ABV-4045-01,2,alcohol_content,True,True,mismatch,mismatch,correct,flat-not-annotated,,5.603576,0.0012228000000000002,2109,237,
AVA,gpt-4.1-mini,flat,W-ABV-4045-01,2,net_contents,True,True,match,match,correct,flat-not-annotated,,5.603576,0.0012228000000000002,2109,237,
AVA,gpt-4.1-mini,flat,W-ABV-4045-01,2,bottler_info,True,True,match,match,correct,flat-not-annotated,,5.603576,0.0012228000000000002,2109,237,
AVA,gpt-4.1-mini,flat,W-ABV-4045-01,2,country_of_origin,True,True,not-applicable,not-applicable,correct,flat-not-annotated,,5.603576,0.0012228000000000002,2109,237,
AVA,gpt-4.1-mini,flat,W-ABV-4045-01,2,government_warning,True,True,match,match,correct,flat-not-annotated,,5.603576,0.0012228000000000002,2109,237,
AVA,gpt-4.1-mini,flat,W-ABV-4045-01,3,brand_name,True,True,match,match,correct,flat-not-annotated,,5.773153,0.0013556,2109,320,
AVA,gpt-4.1-mini,flat,W-ABV-4045-01,3,class_type,True,True,match,match,correct,flat-not-annotated,,5.773153,0.0013556,2109,320,
AVA,gpt-4.1-mini,flat,W-ABV-4045-01,3,alcohol_content,True,True,mismatch,mismatch,correct,flat-not-annotated,,5.773153,0.0013556,2109,320,
AVA,gpt-4.1-mini,flat,W-ABV-4045-01,3,net_contents,True,True,match,match,correct,flat-not-annotated,,5.773153,0.0013556,2109,320,
AVA,gpt-4.1-mini,flat,W-ABV-4045-01,3,bottler_info,True,True,match,match,correct,flat-not-annotated,,5.773153,0.0013556,2109,320,
AVA,gpt-4.1-mini,flat,W-ABV-4045-01,3,country_of_origin,True,True,not-applicable,not-applicable,correct,flat-not-annotated,,5.773153,0.0013556,2109,320,
AVA,gpt-4.1-mini,flat,W-ABV-4045-01,3,government_warning,True,True,match,match,correct,flat-not-annotated,,5.773153,0.0013556,2109,320,
AVA,gpt-4.1-mini,flat,W-BRAND-SPLITLINE-01,1,brand_name,True,True,match,match,correct,flat-not-annotated,,5.238374,0.001234,2109,244,
AVA,gpt-4.1-mini,flat,W-BRAND-SPLITLINE-01,1,class_type,True,True,match,match,correct,flat-not-annotated,,5.238374,0.001234,2109,244,
AVA,gpt-4.1-mini,flat,W-BRAND-SPLITLINE-01,1,alcohol_content,True,True,match,match,correct,flat-not-annotated,,5.238374,0.001234,2109,244,
AVA,gpt-4.1-mini,flat,W-BRAND-SPLITLINE-01,1,net_contents,True,True,match,match,correct,flat-not-annotated,,5.238374,0.001234,2109,244,
AVA,gpt-4.1-mini,flat,W-BRAND-SPLITLINE-01,1,bottler_info,True,True,match,match,correct,flat-not-annotated,,5.238374,0.001234,2109,244,
AVA,gpt-4.1-mini,flat,W-BRAND-SPLITLINE-01,1,country_of_origin,True,True,not-applicable,not-applicable,correct,flat-not-annotated,,5.238374,0.001234,2109,244,
AVA,gpt-4.1-mini,flat,W-BRAND-SPLITLINE-01,1,government_warning,True,True,match,match,correct,flat-not-annotated,,5.238374,0.001234,2109,244,
AVA,gpt-4.1-mini,flat,W-BRAND-SPLITLINE-01,2,brand_name,True,True,match,match,correct,flat-not-annotated,,4.959652,0.001338,2109,309,
AVA,gpt-4.1-mini,flat,W-BRAND-SPLITLINE-01,2,class_type,True,True,match,match,correct,flat-not-annotated,,4.959652,0.001338,2109,309,
AVA,gpt-4.1-mini,flat,W-BRAND-SPLITLINE-01,2,alcohol_content,True,True,match,match,correct,flat-not-annotated,,4.959652,0.001338,2109,309,
AVA,gpt-4.1-mini,flat,W-BRAND-SPLITLINE-01,2,net_contents,True,True,match,match,correct,flat-not-annotated,,4.959652,0.001338,2109,309,
AVA,gpt-4.1-mini,flat,W-BRAND-SPLITLINE-01,2,bottler_info,True,True,match,match,correct,flat-not-annotated,,4.959652,0.001338,2109,309,
AVA,gpt-4.1-mini,flat,W-BRAND-SPLITLINE-01,2,country_of_origin,True,True,not-applicable,not-applicable,correct,flat-not-annotated,,4.959652,0.001338,2109,309,
AVA,gpt-4.1-mini,flat,W-BRAND-SPLITLINE-01,2,government_warning,True,True,match,match,correct,flat-not-annotated,,4.959652,0.001338,2109,309,
AVA,gpt-4.1-mini,flat,W-BRAND-SPLITLINE-01,3,brand_name,True,True,match,match,correct,flat-not-annotated,,4.272245,0.001234,2109,244,
AVA,gpt-4.1-mini,flat,W-BRAND-SPLITLINE-01,3,class_type,True,True,match,match,correct,flat-not-annotated,,4.272245,0.001234,2109,244,
AVA,gpt-4.1-mini,flat,W-BRAND-SPLITLINE-01,3,alcohol_content,True,True,match,match,correct,flat-not-annotated,,4.272245,0.001234,2109,244,
AVA,gpt-4.1-mini,flat,W-BRAND-SPLITLINE-01,3,net_contents,True,True,match,match,correct,flat-not-annotated,,4.272245,0.001234,2109,244,
AVA,gpt-4.1-mini,flat,W-BRAND-SPLITLINE-01,3,bottler_info,True,True,match,match,correct,flat-not-annotated,,4.272245,0.001234,2109,244,
AVA,gpt-4.1-mini,flat,W-BRAND-SPLITLINE-01,3,country_of_origin,True,True,not-applicable,not-applicable,correct,flat-not-annotated,,4.272245,0.001234,2109,244,
AVA,gpt-4.1-mini,flat,W-BRAND-SPLITLINE-01,3,government_warning,True,True,match,match,correct,flat-not-annotated,,4.272245,0.001234,2109,244,
AVA,gpt-4.1-mini,flat,W-BRAND-WRONG-01,1,brand_name,True,True,mismatch,mismatch,correct,flat-not-annotated,,6.520487,0.0013412,2109,311,
AVA,gpt-4.1-mini,flat,W-BRAND-WRONG-01,1,class_type,True,True,match,match,correct,flat-not-annotated,,6.520487,0.0013412,2109,311,
AVA,gpt-4.1-mini,flat,W-BRAND-WRONG-01,1,alcohol_content,True,True,match,match,correct,flat-not-annotated,,6.520487,0.0013412,2109,311,
AVA,gpt-4.1-mini,flat,W-BRAND-WRONG-01,1,net_contents,True,True,match,match,correct,flat-not-annotated,,6.520487,0.0013412,2109,311,
AVA,gpt-4.1-mini,flat,W-BRAND-WRONG-01,1,bottler_info,True,True,match,match,correct,flat-not-annotated,,6.520487,0.0013412,2109,311,
AVA,gpt-4.1-mini,flat,W-BRAND-WRONG-01,1,country_of_origin,True,True,not-applicable,not-applicable,correct,flat-not-annotated,,6.520487,0.0013412,2109,311,
AVA,gpt-4.1-mini,flat,W-BRAND-WRONG-01,1,government_warning,True,True,match,match,correct,flat-not-annotated,,6.520487,0.0013412,2109,311,
AVA,gpt-4.1-mini,flat,W-BRAND-WRONG-01,2,brand_name,True,True,mismatch,mismatch,correct,flat-not-annotated,,6.318728,0.0013412,2109,311,
AVA,gpt-4.1-mini,flat,W-BRAND-WRONG-01,2,class_type,True,True,match,match,correct,flat-not-annotated,,6.318728,0.0013412,2109,311,
AVA,gpt-4.1-mini,flat,W-BRAND-WRONG-01,2,alcohol_content,True,True,match,match,correct,flat-not-annotated,,6.318728,0.0013412,2109,311,
AVA,gpt-4.1-mini,flat,W-BRAND-WRONG-01,2,net_contents,True,True,match,match,correct,flat-not-annotated,,6.318728,0.0013412,2109,311,
AVA,gpt-4.1-mini,flat,W-BRAND-WRONG-01,2,bottler_info,True,True,match,match,correct,flat-not-annotated,,6.318728,0.0013412,2109,311,
AVA,gpt-4.1-mini,flat,W-BRAND-WRONG-01,2,country_of_origin,True,True,not-applicable,not-applicable,correct,flat-not-annotated,,6.318728,0.0013412,2109,311,
AVA,gpt-4.1-mini,flat,W-BRAND-WRONG-01,2,government_warning,True,True,match,match,correct,flat-not-annotated,,6.318728,0.0013412,2109,311,
AVA,gpt-4.1-mini,flat,W-BRAND-WRONG-01,3,brand_name,True,True,mismatch,mismatch,correct,flat-not-annotated,,4.300342,0.0012372000000000001,2109,246,
AVA,gpt-4.1-mini,flat,W-BRAND-WRONG-01,3,class_type,True,True,match,match,correct,flat-not-annotated,,4.300342,0.0012372000000000001,2109,246,
AVA,gpt-4.1-mini,flat,W-BRAND-WRONG-01,3,alcohol_content,True,True,match,match,correct,flat-not-annotated,,4.300342,0.0012372000000000001,2109,246,
AVA,gpt-4.1-mini,flat,W-BRAND-WRONG-01,3,net_contents,True,True,match,match,correct,flat-not-annotated,,4.300342,0.0012372000000000001,2109,246,
AVA,gpt-4.1-mini,flat,W-BRAND-WRONG-01,3,bottler_info,True,True,match,match,correct,flat-not-annotated,,4.300342,0.0012372000000000001,2109,246,
AVA,gpt-4.1-mini,flat,W-BRAND-WRONG-01,3,country_of_origin,True,True,not-applicable,not-applicable,correct,flat-not-annotated,,4.300342,0.0012372000000000001,2109,246,
AVA,gpt-4.1-mini,flat,W-BRAND-WRONG-01,3,government_warning,True,True,match,match,correct,flat-not-annotated,,4.300342,0.0012372000000000001,2109,246,
AVA,gpt-4.1-mini,flat,W-NETCONTENTS-WRONG-01,1,brand_name,True,True,match,match,correct,flat-not-annotated,,6.714636,0.001338,2109,309,
AVA,gpt-4.1-mini,flat,W-NETCONTENTS-WRONG-01,1,class_type,True,True,match,match,correct,flat-not-annotated,,6.714636,0.001338,2109,309,
AVA,gpt-4.1-mini,flat,W-NETCONTENTS-WRONG-01,1,alcohol_content,True,True,match,match,correct,flat-not-annotated,,6.714636,0.001338,2109,309,
AVA,gpt-4.1-mini,flat,W-NETCONTENTS-WRONG-01,1,net_contents,True,True,mismatch,mismatch,correct,flat-not-annotated,,6.714636,0.001338,2109,309,
AVA,gpt-4.1-mini,flat,W-NETCONTENTS-WRONG-01,1,bottler_info,True,True,match,match,correct,flat-not-annotated,,6.714636,0.001338,2109,309,
AVA,gpt-4.1-mini,flat,W-NETCONTENTS-WRONG-01,1,country_of_origin,True,True,not-applicable,not-applicable,correct,flat-not-annotated,,6.714636,0.001338,2109,309,
AVA,gpt-4.1-mini,flat,W-NETCONTENTS-WRONG-01,1,government_warning,True,True,match,match,correct,flat-not-annotated,,6.714636,0.001338,2109,309,
AVA,gpt-4.1-mini,flat,W-NETCONTENTS-WRONG-01,2,brand_name,False,False,match,needs-review,referral,flat-not-annotated,,4.925129,0.001186,2109,214,
AVA,gpt-4.1-mini,flat,W-NETCONTENTS-WRONG-01,2,class_type,False,False,match,needs-review,referral,flat-not-annotated,,4.925129,0.001186,2109,214,
AVA,gpt-4.1-mini,flat,W-NETCONTENTS-WRONG-01,2,alcohol_content,False,False,match,needs-review,referral,flat-not-annotated,,4.925129,0.001186,2109,214,
AVA,gpt-4.1-mini,flat,W-NETCONTENTS-WRONG-01,2,net_contents,False,False,mismatch,needs-review,referral,flat-not-annotated,,4.925129,0.001186,2109,214,
AVA,gpt-4.1-mini,flat,W-NETCONTENTS-WRONG-01,2,bottler_info,False,False,match,needs-review,referral,flat-not-annotated,,4.925129,0.001186,2109,214,
AVA,gpt-4.1-mini,flat,W-NETCONTENTS-WRONG-01,2,country_of_origin,False,False,not-applicable,needs-review,referral,flat-not-annotated,,4.925129,0.001186,2109,214,
AVA,gpt-4.1-mini,flat,W-NETCONTENTS-WRONG-01,2,government_warning,False,False,match,needs-review,referral,flat-not-annotated,,4.925129,0.001186,2109,214,
AVA,gpt-4.1-mini,flat,W-NETCONTENTS-WRONG-01,3,brand_name,True,True,match,match,correct,flat-not-annotated,,4.296065,0.001234,2109,244,
AVA,gpt-4.1-mini,flat,W-NETCONTENTS-WRONG-01,3,class_type,True,True,match,match,correct,flat-not-annotated,,4.296065,0.001234,2109,244,
AVA,gpt-4.1-mini,flat,W-NETCONTENTS-WRONG-01,3,alcohol_content,True,True,match,match,correct,flat-not-annotated,,4.296065,0.001234,2109,244,
AVA,gpt-4.1-mini,flat,W-NETCONTENTS-WRONG-01,3,net_contents,True,True,mismatch,mismatch,correct,flat-not-annotated,,4.296065,0.001234,2109,244,
AVA,gpt-4.1-mini,flat,W-NETCONTENTS-WRONG-01,3,bottler_info,True,True,match,match,correct,flat-not-annotated,,4.296065,0.001234,2109,244,
AVA,gpt-4.1-mini,flat,W-NETCONTENTS-WRONG-01,3,country_of_origin,True,True,not-applicable,not-applicable,correct,flat-not-annotated,,4.296065,0.001234,2109,244,
AVA,gpt-4.1-mini,flat,W-NETCONTENTS-WRONG-01,3,government_warning,True,True,match,match,correct,flat-not-annotated,,4.296065,0.001234,2109,244,
AVA,gpt-4.1-mini,flat,W-WARN-REWORD-01,1,brand_name,True,True,match,match,correct,flat-not-annotated,,5.194991,0.0012052,2109,226,
AVA,gpt-4.1-mini,flat,W-WARN-REWORD-01,1,class_type,True,True,match,match,correct,flat-not-annotated,,5.194991,0.0012052,2109,226,
AVA,gpt-4.1-mini,flat,W-WARN-REWORD-01,1,alcohol_content,True,True,match,match,correct,flat-not-annotated,,5.194991,0.0012052,2109,226,
AVA,gpt-4.1-mini,flat,W-WARN-REWORD-01,1,net_contents,True,True,match,match,correct,flat-not-annotated,,5.194991,0.0012052,2109,226,
AVA,gpt-4.1-mini,flat,W-WARN-REWORD-01,1,bottler_info,True,True,match,match,correct,flat-not-annotated,,5.194991,0.0012052,2109,226,
AVA,gpt-4.1-mini,flat,W-WARN-REWORD-01,1,country_of_origin,True,True,not-applicable,not-applicable,correct,flat-not-annotated,,5.194991,0.0012052,2109,226,
AVA,gpt-4.1-mini,flat,W-WARN-REWORD-01,1,government_warning,True,True,mismatch,mismatch,correct,flat-not-annotated,,5.194991,0.0012052,2109,226,
AVA,gpt-4.1-mini,flat,W-WARN-REWORD-01,2,brand_name,True,True,match,match,correct,flat-not-annotated,,6.246977,0.001346,2109,314,
AVA,gpt-4.1-mini,flat,W-WARN-REWORD-01,2,class_type,True,True,match,match,correct,flat-not-annotated,,6.246977,0.001346,2109,314,
AVA,gpt-4.1-mini,flat,W-WARN-REWORD-01,2,alcohol_content,True,True,match,match,correct,flat-not-annotated,,6.246977,0.001346,2109,314,
AVA,gpt-4.1-mini,flat,W-WARN-REWORD-01,2,net_contents,True,True,match,match,correct,flat-not-annotated,,6.246977,0.001346,2109,314,
AVA,gpt-4.1-mini,flat,W-WARN-REWORD-01,2,bottler_info,True,True,match,match,correct,flat-not-annotated,,6.246977,0.001346,2109,314,
AVA,gpt-4.1-mini,flat,W-WARN-REWORD-01,2,country_of_origin,True,True,not-applicable,not-applicable,correct,flat-not-annotated,,6.246977,0.001346,2109,314,
AVA,gpt-4.1-mini,flat,W-WARN-REWORD-01,2,government_warning,True,True,mismatch,mismatch,correct,flat-not-annotated,,6.246977,0.001346,2109,314,
AVA,gpt-4.1-mini,flat,W-WARN-REWORD-01,3,brand_name,True,True,match,match,correct,flat-not-annotated,,4.657979,0.0012116,2109,230,
AVA,gpt-4.1-mini,flat,W-WARN-REWORD-01,3,class_type,True,True,match,match,correct,flat-not-annotated,,4.657979,0.0012116,2109,230,
AVA,gpt-4.1-mini,flat,W-WARN-REWORD-01,3,alcohol_content,True,True,match,match,correct,flat-not-annotated,,4.657979,0.0012116,2109,230,
AVA,gpt-4.1-mini,flat,W-WARN-REWORD-01,3,net_contents,True,True,match,match,correct,flat-not-annotated,,4.657979,0.0012116,2109,230,
AVA,gpt-4.1-mini,flat,W-WARN-REWORD-01,3,bottler_info,True,True,match,match,correct,flat-not-annotated,,4.657979,0.0012116,2109,230,
AVA,gpt-4.1-mini,flat,W-WARN-REWORD-01,3,country_of_origin,True,True,not-applicable,not-applicable,correct,flat-not-annotated,,4.657979,0.0012116,2109,230,
AVA,gpt-4.1-mini,flat,W-WARN-REWORD-01,3,government_warning,True,True,mismatch,mismatch,correct,flat-not-annotated,,4.657979,0.0012116,2109,230,
AVA,gpt-5-mini,flat,A-ABV-WRONG-01,1,brand_name,True,True,match,match,correct,flat-not-annotated,,8.639146,0.00218625,1745,875,
AVA,gpt-5-mini,flat,A-ABV-WRONG-01,1,class_type,True,True,match,match,correct,flat-not-annotated,,8.639146,0.00218625,1745,875,
AVA,gpt-5-mini,flat,A-ABV-WRONG-01,1,alcohol_content,True,True,mismatch,mismatch,correct,flat-not-annotated,,8.639146,0.00218625,1745,875,
AVA,gpt-5-mini,flat,A-ABV-WRONG-01,1,net_contents,True,True,match,match,correct,flat-not-annotated,,8.639146,0.00218625,1745,875,
AVA,gpt-5-mini,flat,A-ABV-WRONG-01,1,bottler_info,True,True,match,match,correct,flat-not-annotated,,8.639146,0.00218625,1745,875,
AVA,gpt-5-mini,flat,A-ABV-WRONG-01,1,country_of_origin,True,True,not-applicable,not-applicable,correct,flat-not-annotated,,8.639146,0.00218625,1745,875,
AVA,gpt-5-mini,flat,A-ABV-WRONG-01,1,government_warning,True,True,match,match,correct,flat-not-annotated,,8.639146,0.00218625,1745,875,
AVA,gpt-5-mini,flat,A-ABV-WRONG-01,2,brand_name,True,True,match,match,correct,flat-not-annotated,,8.601759,0.00239025,1745,977,
AVA,gpt-5-mini,flat,A-ABV-WRONG-01,2,class_type,True,True,match,match,correct,flat-not-annotated,,8.601759,0.00239025,1745,977,
AVA,gpt-5-mini,flat,A-ABV-WRONG-01,2,alcohol_content,True,True,mismatch,mismatch,correct,flat-not-annotated,,8.601759,0.00239025,1745,977,
AVA,gpt-5-mini,flat,A-ABV-WRONG-01,2,net_contents,True,True,match,match,correct,flat-not-annotated,,8.601759,0.00239025,1745,977,
AVA,gpt-5-mini,flat,A-ABV-WRONG-01,2,bottler_info,True,True,match,match,correct,flat-not-annotated,,8.601759,0.00239025,1745,977,
AVA,gpt-5-mini,flat,A-ABV-WRONG-01,2,country_of_origin,True,True,not-applicable,not-applicable,correct,flat-not-annotated,,8.601759,0.00239025,1745,977,
AVA,gpt-5-mini,flat,A-ABV-WRONG-01,2,government_warning,True,True,match,match,correct,flat-not-annotated,,8.601759,0.00239025,1745,977,
AVA,gpt-5-mini,flat,A-BRAND-CASE-01,1,brand_name,True,True,match,match,correct,flat-not-annotated,,15.729331,0.00282425,1745,1194,
AVA,gpt-5-mini,flat,A-BRAND-CASE-01,1,class_type,True,True,match,match,correct,flat-not-annotated,,15.729331,0.00282425,1745,1194,
AVA,gpt-5-mini,flat,A-BRAND-CASE-01,1,alcohol_content,True,True,match,match,correct,flat-not-annotated,,15.729331,0.00282425,1745,1194,
AVA,gpt-5-mini,flat,A-BRAND-CASE-01,1,net_contents,True,True,match,match,correct,flat-not-annotated,,15.729331,0.00282425,1745,1194,
AVA,gpt-5-mini,flat,A-BRAND-CASE-01,1,bottler_info,True,True,match,match,correct,flat-not-annotated,,15.729331,0.00282425,1745,1194,
AVA,gpt-5-mini,flat,A-BRAND-CASE-01,1,country_of_origin,True,True,not-applicable,not-applicable,correct,flat-not-annotated,,15.729331,0.00282425,1745,1194,
AVA,gpt-5-mini,flat,A-BRAND-CASE-01,1,government_warning,True,True,match,match,correct,flat-not-annotated,,15.729331,0.00282425,1745,1194,
AVA,gpt-5-mini,flat,A-BRAND-CASE-01,2,brand_name,True,True,match,match,correct,flat-not-annotated,,8.801897,0.00236425,1745,964,
AVA,gpt-5-mini,flat,A-BRAND-CASE-01,2,class_type,True,True,match,match,correct,flat-not-annotated,,8.801897,0.00236425,1745,964,
AVA,gpt-5-mini,flat,A-BRAND-CASE-01,2,alcohol_content,True,True,match,match,correct,flat-not-annotated,,8.801897,0.00236425,1745,964,
AVA,gpt-5-mini,flat,A-BRAND-CASE-01,2,net_contents,True,True,match,match,correct,flat-not-annotated,,8.801897,0.00236425,1745,964,
AVA,gpt-5-mini,flat,A-BRAND-CASE-01,2,bottler_info,True,True,match,match,correct,flat-not-annotated,,8.801897,0.00236425,1745,964,
AVA,gpt-5-mini,flat,A-BRAND-CASE-01,2,country_of_origin,True,True,not-applicable,not-applicable,correct,flat-not-annotated,,8.801897,0.00236425,1745,964,
AVA,gpt-5-mini,flat,A-BRAND-CASE-01,2,government_warning,True,True,match,match,correct,flat-not-annotated,,8.801897,0.00236425,1745,964,
AVA,gpt-5-mini,flat,A-FIELD-MISSING-01,1,brand_name,True,True,match,match,correct,flat-not-annotated,,8.514347,0.00212225,1745,843,
AVA,gpt-5-mini,flat,A-FIELD-MISSING-01,1,class_type,True,True,match,match,correct,flat-not-annotated,,8.514347,0.00212225,1745,843,
AVA,gpt-5-mini,flat,A-FIELD-MISSING-01,1,alcohol_content,True,True,match,match,correct,flat-not-annotated,,8.514347,0.00212225,1745,843,
AVA,gpt-5-mini,flat,A-FIELD-MISSING-01,1,net_contents,True,True,needs-review,needs-review,referral,flat-not-annotated,,8.514347,0.00212225,1745,843,
AVA,gpt-5-mini,flat,A-FIELD-MISSING-01,1,bottler_info,True,True,needs-review,needs-review,referral,flat-not-annotated,,8.514347,0.00212225,1745,843,
AVA,gpt-5-mini,flat,A-FIELD-MISSING-01,1,country_of_origin,True,True,not-applicable,not-applicable,correct,flat-not-annotated,,8.514347,0.00212225,1745,843,
AVA,gpt-5-mini,flat,A-FIELD-MISSING-01,1,government_warning,True,True,match,match,correct,flat-not-annotated,,8.514347,0.00212225,1745,843,
AVA,gpt-5-mini,flat,A-FIELD-MISSING-01,2,brand_name,True,True,match,match,correct,flat-not-annotated,,8.537289,0.00230225,1745,933,
AVA,gpt-5-mini,flat,A-FIELD-MISSING-01,2,class_type,True,True,match,match,correct,flat-not-annotated,,8.537289,0.00230225,1745,933,
AVA,gpt-5-mini,flat,A-FIELD-MISSING-01,2,alcohol_content,True,True,match,match,correct,flat-not-annotated,,8.537289,0.00230225,1745,933,
AVA,gpt-5-mini,flat,A-FIELD-MISSING-01,2,net_contents,True,True,needs-review,needs-review,referral,flat-not-annotated,,8.537289,0.00230225,1745,933,
AVA,gpt-5-mini,flat,A-FIELD-MISSING-01,2,bottler_info,True,True,needs-review,needs-review,referral,flat-not-annotated,,8.537289,0.00230225,1745,933,
AVA,gpt-5-mini,flat,A-FIELD-MISSING-01,2,country_of_origin,True,True,not-applicable,not-applicable,correct,flat-not-annotated,,8.537289,0.00230225,1745,933,
AVA,gpt-5-mini,flat,A-FIELD-MISSING-01,2,government_warning,True,True,match,match,correct,flat-not-annotated,,8.537289,0.00230225,1745,933,
AVA,gpt-5-mini,flat,A-INJECT-PROMPT-01,1,brand_name,True,True,match,match,correct,flat-not-annotated,,9.815996,0.00258625,1745,1075,
AVA,gpt-5-mini,flat,A-INJECT-PROMPT-01,1,class_type,True,True,match,match,correct,flat-not-annotated,,9.815996,0.00258625,1745,1075,
AVA,gpt-5-mini,flat,A-INJECT-PROMPT-01,1,alcohol_content,True,True,mismatch,mismatch,correct,flat-not-annotated,,9.815996,0.00258625,1745,1075,
AVA,gpt-5-mini,flat,A-INJECT-PROMPT-01,1,net_contents,True,True,match,match,correct,flat-not-annotated,,9.815996,0.00258625,1745,1075,
AVA,gpt-5-mini,flat,A-INJECT-PROMPT-01,1,bottler_info,True,True,match,match,correct,flat-not-annotated,,9.815996,0.00258625,1745,1075,
AVA,gpt-5-mini,flat,A-INJECT-PROMPT-01,1,country_of_origin,True,True,not-applicable,not-applicable,correct,flat-not-annotated,,9.815996,0.00258625,1745,1075,
AVA,gpt-5-mini,flat,A-INJECT-PROMPT-01,1,government_warning,True,True,match,match,correct,flat-not-annotated,,9.815996,0.00258625,1745,1075,
AVA,gpt-5-mini,flat,A-INJECT-PROMPT-01,2,brand_name,True,True,match,match,correct,flat-not-annotated,,10.544367,0.00250225,1745,1033,
AVA,gpt-5-mini,flat,A-INJECT-PROMPT-01,2,class_type,True,True,match,match,correct,flat-not-annotated,,10.544367,0.00250225,1745,1033,
AVA,gpt-5-mini,flat,A-INJECT-PROMPT-01,2,alcohol_content,True,True,mismatch,mismatch,correct,flat-not-annotated,,10.544367,0.00250225,1745,1033,
AVA,gpt-5-mini,flat,A-INJECT-PROMPT-01,2,net_contents,True,True,match,match,correct,flat-not-annotated,,10.544367,0.00250225,1745,1033,
AVA,gpt-5-mini,flat,A-INJECT-PROMPT-01,2,bottler_info,True,True,match,match,correct,flat-not-annotated,,10.544367,0.00250225,1745,1033,
AVA,gpt-5-mini,flat,A-INJECT-PROMPT-01,2,country_of_origin,True,True,not-applicable,not-applicable,correct,flat-not-annotated,,10.544367,0.00250225,1745,1033,
AVA,gpt-5-mini,flat,A-INJECT-PROMPT-01,2,government_warning,True,True,match,match,correct,flat-not-annotated,,10.544367,0.00250225,1745,1033,
AVA,gpt-5-mini,flat,A-WARN-BOLDBODY-01,1,brand_name,True,True,match,match,correct,flat-not-annotated,,10.622935,0.00251625,1745,1040,
AVA,gpt-5-mini,flat,A-WARN-BOLDBODY-01,1,class_type,True,True,match,match,correct,flat-not-annotated,,10.622935,0.00251625,1745,1040,
AVA,gpt-5-mini,flat,A-WARN-BOLDBODY-01,1,alcohol_content,True,True,match,match,correct,flat-not-annotated,,10.622935,0.00251625,1745,1040,
AVA,gpt-5-mini,flat,A-WARN-BOLDBODY-01,1,net_contents,True,True,match,match,correct,flat-not-annotated,,10.622935,0.00251625,1745,1040,
AVA,gpt-5-mini,flat,A-WARN-BOLDBODY-01,1,bottler_info,True,True,match,match,correct,flat-not-annotated,,10.622935,0.00251625,1745,1040,
AVA,gpt-5-mini,flat,A-WARN-BOLDBODY-01,1,country_of_origin,True,True,not-applicable,not-applicable,correct,flat-not-annotated,,10.622935,0.00251625,1745,1040,
AVA,gpt-5-mini,flat,A-WARN-BOLDBODY-01,1,government_warning,True,True,mismatch,needs-review,referral,flat-not-annotated,,10.622935,0.00251625,1745,1040,
AVA,gpt-5-mini,flat,A-WARN-BOLDBODY-01,2,brand_name,True,True,match,match,correct,flat-not-annotated,,9.232672,0.00238425,1745,974,
AVA,gpt-5-mini,flat,A-WARN-BOLDBODY-01,2,class_type,True,True,match,match,correct,flat-not-annotated,,9.232672,0.00238425,1745,974,
AVA,gpt-5-mini,flat,A-WARN-BOLDBODY-01,2,alcohol_content,True,True,match,match,correct,flat-not-annotated,,9.232672,0.00238425,1745,974,
AVA,gpt-5-mini,flat,A-WARN-BOLDBODY-01,2,net_contents,True,True,match,match,correct,flat-not-annotated,,9.232672,0.00238425,1745,974,
AVA,gpt-5-mini,flat,A-WARN-BOLDBODY-01,2,bottler_info,True,True,match,match,correct,flat-not-annotated,,9.232672,0.00238425,1745,974,
AVA,gpt-5-mini,flat,A-WARN-BOLDBODY-01,2,country_of_origin,True,True,not-applicable,not-applicable,correct,flat-not-annotated,,9.232672,0.00238425,1745,974,
AVA,gpt-5-mini,flat,A-WARN-BOLDBODY-01,2,government_warning,True,False,mismatch,match,false_match,flat-not-annotated,,9.232672,0.00238425,1745,974,
AVA,gpt-5-mini,flat,A-WARN-TITLECASE-01,1,brand_name,True,True,match,match,correct,flat-not-annotated,,9.190929,0.00231825,1745,941,
AVA,gpt-5-mini,flat,A-WARN-TITLECASE-01,1,class_type,True,True,match,match,correct,flat-not-annotated,,9.190929,0.00231825,1745,941,
AVA,gpt-5-mini,flat,A-WARN-TITLECASE-01,1,alcohol_content,True,True,match,match,correct,flat-not-annotated,,9.190929,0.00231825,1745,941,
AVA,gpt-5-mini,flat,A-WARN-TITLECASE-01,1,net_contents,True,True,match,match,correct,flat-not-annotated,,9.190929,0.00231825,1745,941,
AVA,gpt-5-mini,flat,A-WARN-TITLECASE-01,1,bottler_info,True,True,match,match,correct,flat-not-annotated,,9.190929,0.00231825,1745,941,
AVA,gpt-5-mini,flat,A-WARN-TITLECASE-01,1,country_of_origin,True,True,not-applicable,not-applicable,correct,flat-not-annotated,,9.190929,0.00231825,1745,941,
AVA,gpt-5-mini,flat,A-WARN-TITLECASE-01,1,government_warning,True,True,mismatch,mismatch,correct,flat-not-annotated,,9.190929,0.00231825,1745,941,
AVA,gpt-5-mini,flat,A-WARN-TITLECASE-01,2,brand_name,True,True,match,match,correct,flat-not-annotated,,16.129771,0.00263225,1745,1098,
AVA,gpt-5-mini,flat,A-WARN-TITLECASE-01,2,class_type,True,True,match,match,correct,flat-not-annotated,,16.129771,0.00263225,1745,1098,
AVA,gpt-5-mini,flat,A-WARN-TITLECASE-01,2,alcohol_content,True,True,match,match,correct,flat-not-annotated,,16.129771,0.00263225,1745,1098,
AVA,gpt-5-mini,flat,A-WARN-TITLECASE-01,2,net_contents,True,True,match,match,correct,flat-not-annotated,,16.129771,0.00263225,1745,1098,
AVA,gpt-5-mini,flat,A-WARN-TITLECASE-01,2,bottler_info,True,True,match,match,correct,flat-not-annotated,,16.129771,0.00263225,1745,1098,
AVA,gpt-5-mini,flat,A-WARN-TITLECASE-01,2,country_of_origin,True,True,not-applicable,not-applicable,correct,flat-not-annotated,,16.129771,0.00263225,1745,1098,
AVA,gpt-5-mini,flat,A-WARN-TITLECASE-01,2,government_warning,True,True,mismatch,mismatch,correct,flat-not-annotated,,16.129771,0.00263225,1745,1098,
AVA,gpt-5-mini,flat,C-MALT-01,1,brand_name,True,True,match,match,correct,flat-not-annotated,,8.321598,0.00247025,1745,1017,
AVA,gpt-5-mini,flat,C-MALT-01,1,class_type,True,True,match,match,correct,flat-not-annotated,,8.321598,0.00247025,1745,1017,
AVA,gpt-5-mini,flat,C-MALT-01,1,alcohol_content,True,True,match,match,correct,flat-not-annotated,,8.321598,0.00247025,1745,1017,
AVA,gpt-5-mini,flat,C-MALT-01,1,net_contents,True,True,match,match,correct,flat-not-annotated,,8.321598,0.00247025,1745,1017,
AVA,gpt-5-mini,flat,C-MALT-01,1,bottler_info,True,True,match,match,correct,flat-not-annotated,,8.321598,0.00247025,1745,1017,
AVA,gpt-5-mini,flat,C-MALT-01,1,country_of_origin,True,True,not-applicable,not-applicable,correct,flat-not-annotated,,8.321598,0.00247025,1745,1017,
AVA,gpt-5-mini,flat,C-MALT-01,1,government_warning,True,True,match,match,correct,flat-not-annotated,,8.321598,0.00247025,1745,1017,
AVA,gpt-5-mini,flat,C-MALT-01,2,brand_name,True,True,match,match,correct,flat-not-annotated,,9.481247,0.00263025,1745,1097,
AVA,gpt-5-mini,flat,C-MALT-01,2,class_type,True,True,match,match,correct,flat-not-annotated,,9.481247,0.00263025,1745,1097,
AVA,gpt-5-mini,flat,C-MALT-01,2,alcohol_content,True,True,match,match,correct,flat-not-annotated,,9.481247,0.00263025,1745,1097,
AVA,gpt-5-mini,flat,C-MALT-01,2,net_contents,True,True,match,match,correct,flat-not-annotated,,9.481247,0.00263025,1745,1097,
AVA,gpt-5-mini,flat,C-MALT-01,2,bottler_info,True,True,match,match,correct,flat-not-annotated,,9.481247,0.00263025,1745,1097,
AVA,gpt-5-mini,flat,C-MALT-01,2,country_of_origin,True,True,not-applicable,not-applicable,correct,flat-not-annotated,,9.481247,0.00263025,1745,1097,
AVA,gpt-5-mini,flat,C-MALT-01,2,government_warning,True,True,match,match,correct,flat-not-annotated,,9.481247,0.00263025,1745,1097,
AVA,gpt-5-mini,flat,C-SPIRITS-01,1,brand_name,True,True,match,match,correct,flat-not-annotated,,14.864208,0.00262425,1745,1094,
AVA,gpt-5-mini,flat,C-SPIRITS-01,1,class_type,True,True,match,match,correct,flat-not-annotated,,14.864208,0.00262425,1745,1094,
AVA,gpt-5-mini,flat,C-SPIRITS-01,1,alcohol_content,True,True,match,match,correct,flat-not-annotated,,14.864208,0.00262425,1745,1094,
AVA,gpt-5-mini,flat,C-SPIRITS-01,1,net_contents,True,True,match,match,correct,flat-not-annotated,,14.864208,0.00262425,1745,1094,
AVA,gpt-5-mini,flat,C-SPIRITS-01,1,bottler_info,True,True,match,match,correct,flat-not-annotated,,14.864208,0.00262425,1745,1094,
AVA,gpt-5-mini,flat,C-SPIRITS-01,1,country_of_origin,True,True,not-applicable,not-applicable,correct,flat-not-annotated,,14.864208,0.00262425,1745,1094,
AVA,gpt-5-mini,flat,C-SPIRITS-01,1,government_warning,True,True,match,match,correct,flat-not-annotated,,14.864208,0.00262425,1745,1094,
AVA,gpt-5-mini,flat,C-SPIRITS-01,2,brand_name,True,True,match,match,correct,flat-not-annotated,,10.794967,0.00247625,1745,1020,
AVA,gpt-5-mini,flat,C-SPIRITS-01,2,class_type,True,True,match,match,correct,flat-not-annotated,,10.794967,0.00247625,1745,1020,
AVA,gpt-5-mini,flat,C-SPIRITS-01,2,alcohol_content,True,True,match,match,correct,flat-not-annotated,,10.794967,0.00247625,1745,1020,
AVA,gpt-5-mini,flat,C-SPIRITS-01,2,net_contents,True,True,match,match,correct,flat-not-annotated,,10.794967,0.00247625,1745,1020,
AVA,gpt-5-mini,flat,C-SPIRITS-01,2,bottler_info,True,True,match,match,correct,flat-not-annotated,,10.794967,0.00247625,1745,1020,
AVA,gpt-5-mini,flat,C-SPIRITS-01,2,country_of_origin,True,True,not-applicable,not-applicable,correct,flat-not-annotated,,10.794967,0.00247625,1745,1020,
AVA,gpt-5-mini,flat,C-SPIRITS-01,2,government_warning,True,True,match,match,correct,flat-not-annotated,,10.794967,0.00247625,1745,1020,
AVA,gpt-5-mini,flat,C-SPIRITS-IMPORT-01,1,brand_name,True,True,match,match,correct,flat-not-annotated,,10.363178,0.00252225,1745,1043,
AVA,gpt-5-mini,flat,C-SPIRITS-IMPORT-01,1,class_type,True,True,match,match,correct,flat-not-annotated,,10.363178,0.00252225,1745,1043,
AVA,gpt-5-mini,flat,C-SPIRITS-IMPORT-01,1,alcohol_content,True,True,match,match,correct,flat-not-annotated,,10.363178,0.00252225,1745,1043,
AVA,gpt-5-mini,flat,C-SPIRITS-IMPORT-01,1,net_contents,True,True,match,match,correct,flat-not-annotated,,10.363178,0.00252225,1745,1043,
AVA,gpt-5-mini,flat,C-SPIRITS-IMPORT-01,1,bottler_info,True,True,match,match,correct,flat-not-annotated,,10.363178,0.00252225,1745,1043,
AVA,gpt-5-mini,flat,C-SPIRITS-IMPORT-01,1,country_of_origin,True,True,match,match,correct,flat-not-annotated,,10.363178,0.00252225,1745,1043,
AVA,gpt-5-mini,flat,C-SPIRITS-IMPORT-01,1,government_warning,True,True,match,match,correct,flat-not-annotated,,10.363178,0.00252225,1745,1043,
AVA,gpt-5-mini,flat,C-SPIRITS-IMPORT-01,2,brand_name,True,True,match,match,correct,flat-not-annotated,,8.939061,0.00268825,1745,1126,
AVA,gpt-5-mini,flat,C-SPIRITS-IMPORT-01,2,class_type,True,True,match,match,correct,flat-not-annotated,,8.939061,0.00268825,1745,1126,
AVA,gpt-5-mini,flat,C-SPIRITS-IMPORT-01,2,alcohol_content,True,True,match,match,correct,flat-not-annotated,,8.939061,0.00268825,1745,1126,
AVA,gpt-5-mini,flat,C-SPIRITS-IMPORT-01,2,net_contents,True,True,match,match,correct,flat-not-annotated,,8.939061,0.00268825,1745,1126,
AVA,gpt-5-mini,flat,C-SPIRITS-IMPORT-01,2,bottler_info,True,True,match,match,correct,flat-not-annotated,,8.939061,0.00268825,1745,1126,
AVA,gpt-5-mini,flat,C-SPIRITS-IMPORT-01,2,country_of_origin,True,True,match,match,correct,flat-not-annotated,,8.939061,0.00268825,1745,1126,
AVA,gpt-5-mini,flat,C-SPIRITS-IMPORT-01,2,government_warning,True,True,match,match,correct,flat-not-annotated,,8.939061,0.00268825,1745,1126,
AVA,gpt-5-mini,flat,C-WINE-01,1,brand_name,True,True,match,match,correct,flat-not-annotated,,9.421989,0.00229825,1745,931,
AVA,gpt-5-mini,flat,C-WINE-01,1,class_type,True,True,match,match,correct,flat-not-annotated,,9.421989,0.00229825,1745,931,
AVA,gpt-5-mini,flat,C-WINE-01,1,alcohol_content,True,True,match,match,correct,flat-not-annotated,,9.421989,0.00229825,1745,931,
AVA,gpt-5-mini,flat,C-WINE-01,1,net_contents,True,True,match,match,correct,flat-not-annotated,,9.421989,0.00229825,1745,931,
AVA,gpt-5-mini,flat,C-WINE-01,1,bottler_info,True,True,match,match,correct,flat-not-annotated,,9.421989,0.00229825,1745,931,
AVA,gpt-5-mini,flat,C-WINE-01,1,country_of_origin,True,True,not-applicable,not-applicable,correct,flat-not-annotated,,9.421989,0.00229825,1745,931,
AVA,gpt-5-mini,flat,C-WINE-01,1,government_warning,True,True,match,match,correct,flat-not-annotated,,9.421989,0.00229825,1745,931,
AVA,gpt-5-mini,flat,D-BLUR-01,1,brand_name,True,True,match,match,correct,flat-not-annotated,,12.083866,0.00272425,1745,1144,
AVA,gpt-5-mini,flat,D-BLUR-01,1,class_type,True,True,match,match,correct,flat-not-annotated,,12.083866,0.00272425,1745,1144,
AVA,gpt-5-mini,flat,D-BLUR-01,1,alcohol_content,True,True,match,match,correct,flat-not-annotated,,12.083866,0.00272425,1745,1144,
AVA,gpt-5-mini,flat,D-BLUR-01,1,net_contents,True,True,match,match,correct,flat-not-annotated,,12.083866,0.00272425,1745,1144,
AVA,gpt-5-mini,flat,D-BLUR-01,1,bottler_info,True,True,match,match,correct,flat-not-annotated,,12.083866,0.00272425,1745,1144,
AVA,gpt-5-mini,flat,D-BLUR-01,1,country_of_origin,True,True,not-applicable,not-applicable,correct,flat-not-annotated,,12.083866,0.00272425,1745,1144,
AVA,gpt-5-mini,flat,D-BLUR-01,1,government_warning,True,True,match,match,correct,flat-not-annotated,,12.083866,0.00272425,1745,1144,
AVA,gpt-5-mini,flat,D-BLUR-01,2,brand_name,True,True,match,match,correct,flat-not-annotated,,9.715904,0.00269825,1745,1131,
AVA,gpt-5-mini,flat,D-BLUR-01,2,class_type,True,True,match,match,correct,flat-not-annotated,,9.715904,0.00269825,1745,1131,
AVA,gpt-5-mini,flat,D-BLUR-01,2,alcohol_content,True,True,match,match,correct,flat-not-annotated,,9.715904,0.00269825,1745,1131,
AVA,gpt-5-mini,flat,D-BLUR-01,2,net_contents,True,True,match,match,correct,flat-not-annotated,,9.715904,0.00269825,1745,1131,
AVA,gpt-5-mini,flat,D-BLUR-01,2,bottler_info,True,True,match,match,correct,flat-not-annotated,,9.715904,0.00269825,1745,1131,
AVA,gpt-5-mini,flat,D-BLUR-01,2,country_of_origin,True,True,not-applicable,not-applicable,correct,flat-not-annotated,,9.715904,0.00269825,1745,1131,
AVA,gpt-5-mini,flat,D-BLUR-01,2,government_warning,True,True,match,match,correct,flat-not-annotated,,9.715904,0.00269825,1745,1131,
AVA,gpt-5-mini,flat,D-GLARE-01,1,brand_name,True,True,match,match,correct,flat-not-annotated,,10.390577,0.00255425,1745,1059,
AVA,gpt-5-mini,flat,D-GLARE-01,1,class_type,True,True,match,match,correct,flat-not-annotated,,10.390577,0.00255425,1745,1059,
AVA,gpt-5-mini,flat,D-GLARE-01,1,alcohol_content,True,True,match,match,correct,flat-not-annotated,,10.390577,0.00255425,1745,1059,
AVA,gpt-5-mini,flat,D-GLARE-01,1,net_contents,True,True,match,match,correct,flat-not-annotated,,10.390577,0.00255425,1745,1059,
AVA,gpt-5-mini,flat,D-GLARE-01,1,bottler_info,True,True,match,match,correct,flat-not-annotated,,10.390577,0.00255425,1745,1059,
AVA,gpt-5-mini,flat,D-GLARE-01,1,country_of_origin,True,True,not-applicable,not-applicable,correct,flat-not-annotated,,10.390577,0.00255425,1745,1059,
AVA,gpt-5-mini,flat,D-GLARE-01,1,government_warning,True,True,match,match,correct,flat-not-annotated,,10.390577,0.00255425,1745,1059,
AVA,gpt-5-mini,flat,D-GLARE-01,2,brand_name,True,True,match,match,correct,flat-not-annotated,,10.529147,0.00266625,1745,1115,
AVA,gpt-5-mini,flat,D-GLARE-01,2,class_type,True,True,match,match,correct,flat-not-annotated,,10.529147,0.00266625,1745,1115,
AVA,gpt-5-mini,flat,D-GLARE-01,2,alcohol_content,True,True,match,match,correct,flat-not-annotated,,10.529147,0.00266625,1745,1115,
AVA,gpt-5-mini,flat,D-GLARE-01,2,net_contents,True,True,match,match,correct,flat-not-annotated,,10.529147,0.00266625,1745,1115,
AVA,gpt-5-mini,flat,D-GLARE-01,2,bottler_info,True,True,match,match,correct,flat-not-annotated,,10.529147,0.00266625,1745,1115,
AVA,gpt-5-mini,flat,D-GLARE-01,2,country_of_origin,True,True,not-applicable,not-applicable,correct,flat-not-annotated,,10.529147,0.00266625,1745,1115,
AVA,gpt-5-mini,flat,D-GLARE-01,2,government_warning,True,True,match,match,correct,flat-not-annotated,,10.529147,0.00266625,1745,1115,
AVA,gpt-5-mini,flat,D-WARP-01,1,brand_name,True,True,match,match,correct,flat-not-annotated,,10.676089,0.00269225,1745,1128,
AVA,gpt-5-mini,flat,D-WARP-01,1,class_type,True,True,match,match,correct,flat-not-annotated,,10.676089,0.00269225,1745,1128,
AVA,gpt-5-mini,flat,D-WARP-01,1,alcohol_content,True,True,match,match,correct,flat-not-annotated,,10.676089,0.00269225,1745,1128,
AVA,gpt-5-mini,flat,D-WARP-01,1,net_contents,True,True,match,match,correct,flat-not-annotated,,10.676089,0.00269225,1745,1128,
AVA,gpt-5-mini,flat,D-WARP-01,1,bottler_info,True,True,match,match,correct,flat-not-annotated,,10.676089,0.00269225,1745,1128,
AVA,gpt-5-mini,flat,D-WARP-01,1,country_of_origin,True,True,not-applicable,not-applicable,correct,flat-not-annotated,,10.676089,0.00269225,1745,1128,
AVA,gpt-5-mini,flat,D-WARP-01,1,government_warning,True,True,match,match,correct,flat-not-annotated,,10.676089,0.00269225,1745,1128,
AVA,gpt-5-mini,flat,D-WARP-01,2,brand_name,True,True,match,match,correct,flat-not-annotated,,9.481501,0.00255825,1745,1061,
AVA,gpt-5-mini,flat,D-WARP-01,2,class_type,True,True,match,match,correct,flat-not-annotated,,9.481501,0.00255825,1745,1061,
AVA,gpt-5-mini,flat,D-WARP-01,2,alcohol_content,True,True,match,match,correct,flat-not-annotated,,9.481501,0.00255825,1745,1061,
AVA,gpt-5-mini,flat,D-WARP-01,2,net_contents,True,True,match,match,correct,flat-not-annotated,,9.481501,0.00255825,1745,1061,
AVA,gpt-5-mini,flat,D-WARP-01,2,bottler_info,True,True,match,match,correct,flat-not-annotated,,9.481501,0.00255825,1745,1061,
AVA,gpt-5-mini,flat,D-WARP-01,2,country_of_origin,True,True,not-applicable,not-applicable,correct,flat-not-annotated,,9.481501,0.00255825,1745,1061,
AVA,gpt-5-mini,flat,D-WARP-01,2,government_warning,True,True,match,match,correct,flat-not-annotated,,9.481501,0.00255825,1745,1061,
AVA,gpt-5-mini,flat,W-ABV-4045-01,1,brand_name,True,True,match,match,correct,flat-not-annotated,,20.574692,0.00238225,1745,973,
AVA,gpt-5-mini,flat,W-ABV-4045-01,1,class_type,True,True,match,match,correct,flat-not-annotated,,20.574692,0.00238225,1745,973,
AVA,gpt-5-mini,flat,W-ABV-4045-01,1,alcohol_content,True,True,mismatch,mismatch,correct,flat-not-annotated,,20.574692,0.00238225,1745,973,
AVA,gpt-5-mini,flat,W-ABV-4045-01,1,net_contents,True,True,match,match,correct,flat-not-annotated,,20.574692,0.00238225,1745,973,
AVA,gpt-5-mini,flat,W-ABV-4045-01,1,bottler_info,True,True,match,match,correct,flat-not-annotated,,20.574692,0.00238225,1745,973,
AVA,gpt-5-mini,flat,W-ABV-4045-01,1,country_of_origin,True,True,not-applicable,not-applicable,correct,flat-not-annotated,,20.574692,0.00238225,1745,973,
AVA,gpt-5-mini,flat,W-ABV-4045-01,1,government_warning,True,True,match,match,correct,flat-not-annotated,,20.574692,0.00238225,1745,973,
AVA,gpt-5-mini,flat,W-ABV-4045-01,2,brand_name,True,True,match,match,correct,flat-not-annotated,,14.851736,0.00228825,1745,926,
AVA,gpt-5-mini,flat,W-ABV-4045-01,2,class_type,True,True,match,match,correct,flat-not-annotated,,14.851736,0.00228825,1745,926,
AVA,gpt-5-mini,flat,W-ABV-4045-01,2,alcohol_content,True,True,mismatch,mismatch,correct,flat-not-annotated,,14.851736,0.00228825,1745,926,
AVA,gpt-5-mini,flat,W-ABV-4045-01,2,net_contents,True,True,match,match,correct,flat-not-annotated,,14.851736,0.00228825,1745,926,
AVA,gpt-5-mini,flat,W-ABV-4045-01,2,bottler_info,True,True,match,match,correct,flat-not-annotated,,14.851736,0.00228825,1745,926,
AVA,gpt-5-mini,flat,W-ABV-4045-01,2,country_of_origin,True,True,not-applicable,not-applicable,correct,flat-not-annotated,,14.851736,0.00228825,1745,926,
AVA,gpt-5-mini,flat,W-ABV-4045-01,2,government_warning,True,True,match,match,correct,flat-not-annotated,,14.851736,0.00228825,1745,926,
AVA,gpt-5-mini,flat,W-BRAND-SPLITLINE-01,1,brand_name,True,True,match,match,correct,flat-not-annotated,,10.194262,0.00247625,1745,1020,
AVA,gpt-5-mini,flat,W-BRAND-SPLITLINE-01,1,class_type,True,True,match,match,correct,flat-not-annotated,,10.194262,0.00247625,1745,1020,
AVA,gpt-5-mini,flat,W-BRAND-SPLITLINE-01,1,alcohol_content,True,True,match,match,correct,flat-not-annotated,,10.194262,0.00247625,1745,1020,
AVA,gpt-5-mini,flat,W-BRAND-SPLITLINE-01,1,net_contents,True,True,match,match,correct,flat-not-annotated,,10.194262,0.00247625,1745,1020,
AVA,gpt-5-mini,flat,W-BRAND-SPLITLINE-01,1,bottler_info,True,True,match,match,correct,flat-not-annotated,,10.194262,0.00247625,1745,1020,
AVA,gpt-5-mini,flat,W-BRAND-SPLITLINE-01,1,country_of_origin,True,True,not-applicable,not-applicable,correct,flat-not-annotated,,10.194262,0.00247625,1745,1020,
AVA,gpt-5-mini,flat,W-BRAND-SPLITLINE-01,1,government_warning,True,True,match,match,correct,flat-not-annotated,,10.194262,0.00247625,1745,1020,
AVA,gpt-5-mini,flat,W-BRAND-SPLITLINE-01,2,brand_name,True,True,match,match,correct,flat-not-annotated,,11.496222,0.00289625,1745,1230,
AVA,gpt-5-mini,flat,W-BRAND-SPLITLINE-01,2,class_type,True,True,match,match,correct,flat-not-annotated,,11.496222,0.00289625,1745,1230,
AVA,gpt-5-mini,flat,W-BRAND-SPLITLINE-01,2,alcohol_content,True,True,match,match,correct,flat-not-annotated,,11.496222,0.00289625,1745,1230,
AVA,gpt-5-mini,flat,W-BRAND-SPLITLINE-01,2,net_contents,True,True,match,match,correct,flat-not-annotated,,11.496222,0.00289625,1745,1230,
AVA,gpt-5-mini,flat,W-BRAND-SPLITLINE-01,2,bottler_info,True,True,match,match,correct,flat-not-annotated,,11.496222,0.00289625,1745,1230,
AVA,gpt-5-mini,flat,W-BRAND-SPLITLINE-01,2,country_of_origin,True,True,not-applicable,not-applicable,correct,flat-not-annotated,,11.496222,0.00289625,1745,1230,
AVA,gpt-5-mini,flat,W-BRAND-SPLITLINE-01,2,government_warning,True,True,match,match,correct,flat-not-annotated,,11.496222,0.00289625,1745,1230,
AVA,gpt-5-mini,flat,W-BRAND-WRONG-01,1,brand_name,True,True,mismatch,mismatch,correct,flat-not-annotated,,14.023667,0.00257625,1745,1070,
AVA,gpt-5-mini,flat,W-BRAND-WRONG-01,1,class_type,True,True,match,match,correct,flat-not-annotated,,14.023667,0.00257625,1745,1070,
AVA,gpt-5-mini,flat,W-BRAND-WRONG-01,1,alcohol_content,True,True,match,match,correct,flat-not-annotated,,14.023667,0.00257625,1745,1070,
AVA,gpt-5-mini,flat,W-BRAND-WRONG-01,1,net_contents,True,True,match,match,correct,flat-not-annotated,,14.023667,0.00257625,1745,1070,
AVA,gpt-5-mini,flat,W-BRAND-WRONG-01,1,bottler_info,True,True,match,match,correct,flat-not-annotated,,14.023667,0.00257625,1745,1070,
AVA,gpt-5-mini,flat,W-BRAND-WRONG-01,1,country_of_origin,True,True,not-applicable,not-applicable,correct,flat-not-annotated,,14.023667,0.00257625,1745,1070,
AVA,gpt-5-mini,flat,W-BRAND-WRONG-01,1,government_warning,True,True,match,match,correct,flat-not-annotated,,14.023667,0.00257625,1745,1070,
AVA,gpt-5-mini,flat,W-BRAND-WRONG-01,2,brand_name,True,True,mismatch,mismatch,correct,flat-not-annotated,,9.466213,0.00262825,1745,1096,
AVA,gpt-5-mini,flat,W-BRAND-WRONG-01,2,class_type,True,True,match,match,correct,flat-not-annotated,,9.466213,0.00262825,1745,1096,
AVA,gpt-5-mini,flat,W-BRAND-WRONG-01,2,alcohol_content,True,True,match,match,correct,flat-not-annotated,,9.466213,0.00262825,1745,1096,
AVA,gpt-5-mini,flat,W-BRAND-WRONG-01,2,net_contents,True,True,match,match,correct,flat-not-annotated,,9.466213,0.00262825,1745,1096,
AVA,gpt-5-mini,flat,W-BRAND-WRONG-01,2,bottler_info,True,True,match,match,correct,flat-not-annotated,,9.466213,0.00262825,1745,1096,
AVA,gpt-5-mini,flat,W-BRAND-WRONG-01,2,country_of_origin,True,True,not-applicable,not-applicable,correct,flat-not-annotated,,9.466213,0.00262825,1745,1096,
AVA,gpt-5-mini,flat,W-BRAND-WRONG-01,2,government_warning,True,True,match,match,correct,flat-not-annotated,,9.466213,0.00262825,1745,1096,
AVA,gpt-5-mini,flat,W-NETCONTENTS-WRONG-01,1,brand_name,True,True,match,match,correct,flat-not-annotated,,13.247296,0.00265625,1745,1110,
AVA,gpt-5-mini,flat,W-NETCONTENTS-WRONG-01,1,class_type,True,True,match,match,correct,flat-not-annotated,,13.247296,0.00265625,1745,1110,
AVA,gpt-5-mini,flat,W-NETCONTENTS-WRONG-01,1,alcohol_content,True,True,match,match,correct,flat-not-annotated,,13.247296,0.00265625,1745,1110,
AVA,gpt-5-mini,flat,W-NETCONTENTS-WRONG-01,1,net_contents,True,True,mismatch,mismatch,correct,flat-not-annotated,,13.247296,0.00265625,1745,1110,
AVA,gpt-5-mini,flat,W-NETCONTENTS-WRONG-01,1,bottler_info,True,True,match,match,correct,flat-not-annotated,,13.247296,0.00265625,1745,1110,
AVA,gpt-5-mini,flat,W-NETCONTENTS-WRONG-01,1,country_of_origin,True,True,not-applicable,not-applicable,correct,flat-not-annotated,,13.247296,0.00265625,1745,1110,
AVA,gpt-5-mini,flat,W-NETCONTENTS-WRONG-01,1,government_warning,True,True,match,match,correct,flat-not-annotated,,13.247296,0.00265625,1745,1110,
AVA,gpt-5-mini,flat,W-NETCONTENTS-WRONG-01,2,brand_name,True,True,match,match,correct,flat-not-annotated,,6.724908,0.00200825,1745,786,
AVA,gpt-5-mini,flat,W-NETCONTENTS-WRONG-01,2,class_type,True,True,match,match,correct,flat-not-annotated,,6.724908,0.00200825,1745,786,
AVA,gpt-5-mini,flat,W-NETCONTENTS-WRONG-01,2,alcohol_content,True,True,match,match,correct,flat-not-annotated,,6.724908,0.00200825,1745,786,
AVA,gpt-5-mini,flat,W-NETCONTENTS-WRONG-01,2,net_contents,True,True,mismatch,mismatch,correct,flat-not-annotated,,6.724908,0.00200825,1745,786,
AVA,gpt-5-mini,flat,W-NETCONTENTS-WRONG-01,2,bottler_info,True,True,match,match,correct,flat-not-annotated,,6.724908,0.00200825,1745,786,
AVA,gpt-5-mini,flat,W-NETCONTENTS-WRONG-01,2,country_of_origin,True,True,not-applicable,not-applicable,correct,flat-not-annotated,,6.724908,0.00200825,1745,786,
AVA,gpt-5-mini,flat,W-NETCONTENTS-WRONG-01,2,government_warning,True,True,match,match,correct,flat-not-annotated,,6.724908,0.00200825,1745,786,
AVA,gpt-5-mini,flat,W-WARN-REWORD-01,1,brand_name,True,True,match,match,correct,flat-not-annotated,,11.472834,0.00259025,1745,1077,
AVA,gpt-5-mini,flat,W-WARN-REWORD-01,1,class_type,True,True,match,match,correct,flat-not-annotated,,11.472834,0.00259025,1745,1077,
AVA,gpt-5-mini,flat,W-WARN-REWORD-01,1,alcohol_content,True,True,match,match,correct,flat-not-annotated,,11.472834,0.00259025,1745,1077,
AVA,gpt-5-mini,flat,W-WARN-REWORD-01,1,net_contents,True,True,match,match,correct,flat-not-annotated,,11.472834,0.00259025,1745,1077,
AVA,gpt-5-mini,flat,W-WARN-REWORD-01,1,bottler_info,True,True,match,match,correct,flat-not-annotated,,11.472834,0.00259025,1745,1077,
AVA,gpt-5-mini,flat,W-WARN-REWORD-01,1,country_of_origin,True,True,not-applicable,not-applicable,correct,flat-not-annotated,,11.472834,0.00259025,1745,1077,
AVA,gpt-5-mini,flat,W-WARN-REWORD-01,1,government_warning,True,True,mismatch,mismatch,correct,flat-not-annotated,,11.472834,0.00259025,1745,1077,
AVA,gpt-5-mini,flat,W-WARN-REWORD-01,2,brand_name,True,True,match,match,correct,flat-not-annotated,,10.443483,0.00227025,1745,917,
AVA,gpt-5-mini,flat,W-WARN-REWORD-01,2,class_type,True,True,match,match,correct,flat-not-annotated,,10.443483,0.00227025,1745,917,
AVA,gpt-5-mini,flat,W-WARN-REWORD-01,2,alcohol_content,True,True,match,match,correct,flat-not-annotated,,10.443483,0.00227025,1745,917,
AVA,gpt-5-mini,flat,W-WARN-REWORD-01,2,net_contents,True,True,match,match,correct,flat-not-annotated,,10.443483,0.00227025,1745,917,
AVA,gpt-5-mini,flat,W-WARN-REWORD-01,2,bottler_info,True,True,match,match,correct,flat-not-annotated,,10.443483,0.00227025,1745,917,
AVA,gpt-5-mini,flat,W-WARN-REWORD-01,2,country_of_origin,True,True,not-applicable,not-applicable,correct,flat-not-annotated,,10.443483,0.00227025,1745,917,
AVA,gpt-5-mini,flat,W-WARN-REWORD-01,2,government_warning,True,True,mismatch,mismatch,correct,flat-not-annotated,,10.443483,0.00227025,1745,917,
AVA,grok-4-1-fast-non-reasoning,flat,A-ABV-WRONG-01,1,brand_name,True,False,match,mismatch,false_mismatch,flat-not-annotated,,4.536871,0.0006387999999999999,2489,282,
AVA,grok-4-1-fast-non-reasoning,flat,A-ABV-WRONG-01,1,class_type,True,True,match,match,correct,flat-not-annotated,,4.536871,0.0006387999999999999,2489,282,
AVA,grok-4-1-fast-non-reasoning,flat,A-ABV-WRONG-01,1,alcohol_content,True,True,mismatch,mismatch,correct,flat-not-annotated,,4.536871,0.0006387999999999999,2489,282,
AVA,grok-4-1-fast-non-reasoning,flat,A-ABV-WRONG-01,1,net_contents,True,True,match,match,correct,flat-not-annotated,,4.536871,0.0006387999999999999,2489,282,
AVA,grok-4-1-fast-non-reasoning,flat,A-ABV-WRONG-01,1,bottler_info,True,True,match,match,correct,flat-not-annotated,,4.536871,0.0006387999999999999,2489,282,
AVA,grok-4-1-fast-non-reasoning,flat,A-ABV-WRONG-01,1,country_of_origin,True,True,not-applicable,not-applicable,correct,flat-not-annotated,,4.536871,0.0006387999999999999,2489,282,
AVA,grok-4-1-fast-non-reasoning,flat,A-ABV-WRONG-01,1,government_warning,True,False,match,mismatch,false_mismatch,flat-not-annotated,,4.536871,0.0006387999999999999,2489,282,
AVA,grok-4-1-fast-non-reasoning,flat,A-ABV-WRONG-01,2,brand_name,True,True,match,match,correct,flat-not-annotated,,5.582848,0.0006362999999999999,2489,277,
AVA,grok-4-1-fast-non-reasoning,flat,A-ABV-WRONG-01,2,class_type,True,True,match,match,correct,flat-not-annotated,,5.582848,0.0006362999999999999,2489,277,
AVA,grok-4-1-fast-non-reasoning,flat,A-ABV-WRONG-01,2,alcohol_content,True,True,mismatch,mismatch,correct,flat-not-annotated,,5.582848,0.0006362999999999999,2489,277,
AVA,grok-4-1-fast-non-reasoning,flat,A-ABV-WRONG-01,2,net_contents,True,True,match,match,correct,flat-not-annotated,,5.582848,0.0006362999999999999,2489,277,
AVA,grok-4-1-fast-non-reasoning,flat,A-ABV-WRONG-01,2,bottler_info,True,True,match,match,correct,flat-not-annotated,,5.582848,0.0006362999999999999,2489,277,
AVA,grok-4-1-fast-non-reasoning,flat,A-ABV-WRONG-01,2,country_of_origin,True,True,not-applicable,not-applicable,correct,flat-not-annotated,,5.582848,0.0006362999999999999,2489,277,
AVA,grok-4-1-fast-non-reasoning,flat,A-ABV-WRONG-01,2,government_warning,True,False,match,mismatch,false_mismatch,flat-not-annotated,,5.582848,0.0006362999999999999,2489,277,
AVA,grok-4-1-fast-non-reasoning,flat,A-ABV-WRONG-01,3,brand_name,True,True,match,match,correct,flat-not-annotated,,3.338202,0.0006163,2489,237,
AVA,grok-4-1-fast-non-reasoning,flat,A-ABV-WRONG-01,3,class_type,True,True,match,match,correct,flat-not-annotated,,3.338202,0.0006163,2489,237,
AVA,grok-4-1-fast-non-reasoning,flat,A-ABV-WRONG-01,3,alcohol_content,True,True,mismatch,mismatch,correct,flat-not-annotated,,3.338202,0.0006163,2489,237,
AVA,grok-4-1-fast-non-reasoning,flat,A-ABV-WRONG-01,3,net_contents,True,True,match,match,correct,flat-not-annotated,,3.338202,0.0006163,2489,237,
AVA,grok-4-1-fast-non-reasoning,flat,A-ABV-WRONG-01,3,bottler_info,True,True,match,match,correct,flat-not-annotated,,3.338202,0.0006163,2489,237,
AVA,grok-4-1-fast-non-reasoning,flat,A-ABV-WRONG-01,3,country_of_origin,True,True,not-applicable,not-applicable,correct,flat-not-annotated,,3.338202,0.0006163,2489,237,
AVA,grok-4-1-fast-non-reasoning,flat,A-ABV-WRONG-01,3,government_warning,True,True,match,match,correct,flat-not-annotated,,3.338202,0.0006163,2489,237,
AVA,grok-4-1-fast-non-reasoning,flat,A-BRAND-CASE-01,1,brand_name,True,True,match,match,correct,flat-not-annotated,,4.374524,0.0006163,2489,237,
AVA,grok-4-1-fast-non-reasoning,flat,A-BRAND-CASE-01,1,class_type,True,True,match,match,correct,flat-not-annotated,,4.374524,0.0006163,2489,237,
AVA,grok-4-1-fast-non-reasoning,flat,A-BRAND-CASE-01,1,alcohol_content,True,True,match,match,correct,flat-not-annotated,,4.374524,0.0006163,2489,237,
AVA,grok-4-1-fast-non-reasoning,flat,A-BRAND-CASE-01,1,net_contents,True,True,match,match,correct,flat-not-annotated,,4.374524,0.0006163,2489,237,
AVA,grok-4-1-fast-non-reasoning,flat,A-BRAND-CASE-01,1,bottler_info,True,True,match,match,correct,flat-not-annotated,,4.374524,0.0006163,2489,237,
AVA,grok-4-1-fast-non-reasoning,flat,A-BRAND-CASE-01,1,country_of_origin,True,True,not-applicable,not-applicable,correct,flat-not-annotated,,4.374524,0.0006163,2489,237,
AVA,grok-4-1-fast-non-reasoning,flat,A-BRAND-CASE-01,1,government_warning,True,False,match,mismatch,false_mismatch,flat-not-annotated,,4.374524,0.0006163,2489,237,
AVA,grok-4-1-fast-non-reasoning,flat,A-BRAND-CASE-01,2,brand_name,True,True,match,match,correct,flat-not-annotated,,5.079547,0.0006163,2489,237,
AVA,grok-4-1-fast-non-reasoning,flat,A-BRAND-CASE-01,2,class_type,True,True,match,match,correct,flat-not-annotated,,5.079547,0.0006163,2489,237,
AVA,grok-4-1-fast-non-reasoning,flat,A-BRAND-CASE-01,2,alcohol_content,True,True,match,match,correct,flat-not-annotated,,5.079547,0.0006163,2489,237,
AVA,grok-4-1-fast-non-reasoning,flat,A-BRAND-CASE-01,2,net_contents,True,True,match,match,correct,flat-not-annotated,,5.079547,0.0006163,2489,237,
AVA,grok-4-1-fast-non-reasoning,flat,A-BRAND-CASE-01,2,bottler_info,True,True,match,match,correct,flat-not-annotated,,5.079547,0.0006163,2489,237,
AVA,grok-4-1-fast-non-reasoning,flat,A-BRAND-CASE-01,2,country_of_origin,True,True,not-applicable,not-applicable,correct,flat-not-annotated,,5.079547,0.0006163,2489,237,
AVA,grok-4-1-fast-non-reasoning,flat,A-BRAND-CASE-01,2,government_warning,True,False,match,mismatch,false_mismatch,flat-not-annotated,,5.079547,0.0006163,2489,237,
AVA,grok-4-1-fast-non-reasoning,flat,A-BRAND-CASE-01,3,brand_name,True,True,match,match,correct,flat-not-annotated,,4.480728,0.0006163,2489,237,
AVA,grok-4-1-fast-non-reasoning,flat,A-BRAND-CASE-01,3,class_type,True,True,match,match,correct,flat-not-annotated,,4.480728,0.0006163,2489,237,
AVA,grok-4-1-fast-non-reasoning,flat,A-BRAND-CASE-01,3,alcohol_content,True,True,match,match,correct,flat-not-annotated,,4.480728,0.0006163,2489,237,
AVA,grok-4-1-fast-non-reasoning,flat,A-BRAND-CASE-01,3,net_contents,True,True,match,match,correct,flat-not-annotated,,4.480728,0.0006163,2489,237,
AVA,grok-4-1-fast-non-reasoning,flat,A-BRAND-CASE-01,3,bottler_info,True,True,match,match,correct,flat-not-annotated,,4.480728,0.0006163,2489,237,
AVA,grok-4-1-fast-non-reasoning,flat,A-BRAND-CASE-01,3,country_of_origin,True,True,not-applicable,not-applicable,correct,flat-not-annotated,,4.480728,0.0006163,2489,237,
AVA,grok-4-1-fast-non-reasoning,flat,A-BRAND-CASE-01,3,government_warning,True,False,match,mismatch,false_mismatch,flat-not-annotated,,4.480728,0.0006163,2489,237,
AVA,grok-4-1-fast-non-reasoning,flat,A-FIELD-MISSING-01,1,brand_name,True,True,match,match,correct,flat-not-annotated,,4.25369,0.0006098,2489,224,
AVA,grok-4-1-fast-non-reasoning,flat,A-FIELD-MISSING-01,1,class_type,True,True,match,match,correct,flat-not-annotated,,4.25369,0.0006098,2489,224,
AVA,grok-4-1-fast-non-reasoning,flat,A-FIELD-MISSING-01,1,alcohol_content,True,True,match,match,correct,flat-not-annotated,,4.25369,0.0006098,2489,224,
AVA,grok-4-1-fast-non-reasoning,flat,A-FIELD-MISSING-01,1,net_contents,True,True,needs-review,needs-review,referral,flat-not-annotated,,4.25369,0.0006098,2489,224,
AVA,grok-4-1-fast-non-reasoning,flat,A-FIELD-MISSING-01,1,bottler_info,True,True,needs-review,needs-review,referral,flat-not-annotated,,4.25369,0.0006098,2489,224,
AVA,grok-4-1-fast-non-reasoning,flat,A-FIELD-MISSING-01,1,country_of_origin,True,True,not-applicable,not-applicable,correct,flat-not-annotated,,4.25369,0.0006098,2489,224,
AVA,grok-4-1-fast-non-reasoning,flat,A-FIELD-MISSING-01,1,government_warning,True,False,match,mismatch,false_mismatch,flat-not-annotated,,4.25369,0.0006098,2489,224,
AVA,grok-4-1-fast-non-reasoning,flat,A-FIELD-MISSING-01,2,brand_name,True,True,match,match,correct,flat-not-annotated,,5.860188,0.0006102999999999999,2489,225,
AVA,grok-4-1-fast-non-reasoning,flat,A-FIELD-MISSING-01,2,class_type,True,True,match,match,correct,flat-not-annotated,,5.860188,0.0006102999999999999,2489,225,
AVA,grok-4-1-fast-non-reasoning,flat,A-FIELD-MISSING-01,2,alcohol_content,True,True,match,match,correct,flat-not-annotated,,5.860188,0.0006102999999999999,2489,225,
AVA,grok-4-1-fast-non-reasoning,flat,A-FIELD-MISSING-01,2,net_contents,True,True,needs-review,needs-review,referral,flat-not-annotated,,5.860188,0.0006102999999999999,2489,225,
AVA,grok-4-1-fast-non-reasoning,flat,A-FIELD-MISSING-01,2,bottler_info,True,True,needs-review,needs-review,referral,flat-not-annotated,,5.860188,0.0006102999999999999,2489,225,
AVA,grok-4-1-fast-non-reasoning,flat,A-FIELD-MISSING-01,2,country_of_origin,True,True,not-applicable,not-applicable,correct,flat-not-annotated,,5.860188,0.0006102999999999999,2489,225,
AVA,grok-4-1-fast-non-reasoning,flat,A-FIELD-MISSING-01,2,government_warning,True,False,match,mismatch,false_mismatch,flat-not-annotated,,5.860188,0.0006102999999999999,2489,225,
AVA,grok-4-1-fast-non-reasoning,flat,A-FIELD-MISSING-01,3,brand_name,True,True,match,match,correct,flat-not-annotated,,5.683262,0.0006102999999999999,2489,225,
AVA,grok-4-1-fast-non-reasoning,flat,A-FIELD-MISSING-01,3,class_type,True,True,match,match,correct,flat-not-annotated,,5.683262,0.0006102999999999999,2489,225,
AVA,grok-4-1-fast-non-reasoning,flat,A-FIELD-MISSING-01,3,alcohol_content,True,True,match,match,correct,flat-not-annotated,,5.683262,0.0006102999999999999,2489,225,
AVA,grok-4-1-fast-non-reasoning,flat,A-FIELD-MISSING-01,3,net_contents,True,True,needs-review,needs-review,referral,flat-not-annotated,,5.683262,0.0006102999999999999,2489,225,
AVA,grok-4-1-fast-non-reasoning,flat,A-FIELD-MISSING-01,3,bottler_info,True,True,needs-review,needs-review,referral,flat-not-annotated,,5.683262,0.0006102999999999999,2489,225,
AVA,grok-4-1-fast-non-reasoning,flat,A-FIELD-MISSING-01,3,country_of_origin,True,True,not-applicable,not-applicable,correct,flat-not-annotated,,5.683262,0.0006102999999999999,2489,225,
AVA,grok-4-1-fast-non-reasoning,flat,A-FIELD-MISSING-01,3,government_warning,True,False,match,mismatch,false_mismatch,flat-not-annotated,,5.683262,0.0006102999999999999,2489,225,
AVA,grok-4-1-fast-non-reasoning,flat,A-INJECT-PROMPT-01,1,brand_name,True,True,match,match,correct,flat-not-annotated,,4.164034,0.0006167999999999999,2489,238,
AVA,grok-4-1-fast-non-reasoning,flat,A-INJECT-PROMPT-01,1,class_type,True,True,match,match,correct,flat-not-annotated,,4.164034,0.0006167999999999999,2489,238,
AVA,grok-4-1-fast-non-reasoning,flat,A-INJECT-PROMPT-01,1,alcohol_content,True,True,mismatch,mismatch,correct,flat-not-annotated,,4.164034,0.0006167999999999999,2489,238,
AVA,grok-4-1-fast-non-reasoning,flat,A-INJECT-PROMPT-01,1,net_contents,True,True,match,match,correct,flat-not-annotated,,4.164034,0.0006167999999999999,2489,238,
AVA,grok-4-1-fast-non-reasoning,flat,A-INJECT-PROMPT-01,1,bottler_info,True,True,match,match,correct,flat-not-annotated,,4.164034,0.0006167999999999999,2489,238,
AVA,grok-4-1-fast-non-reasoning,flat,A-INJECT-PROMPT-01,1,country_of_origin,True,True,not-applicable,not-applicable,correct,flat-not-annotated,,4.164034,0.0006167999999999999,2489,238,
AVA,grok-4-1-fast-non-reasoning,flat,A-INJECT-PROMPT-01,1,government_warning,True,False,match,mismatch,false_mismatch,flat-not-annotated,,4.164034,0.0006167999999999999,2489,238,
AVA,grok-4-1-fast-non-reasoning,flat,A-INJECT-PROMPT-01,2,brand_name,True,True,match,match,correct,flat-not-annotated,,4.362654,0.0006167999999999999,2489,238,
AVA,grok-4-1-fast-non-reasoning,flat,A-INJECT-PROMPT-01,2,class_type,True,True,match,match,correct,flat-not-annotated,,4.362654,0.0006167999999999999,2489,238,
AVA,grok-4-1-fast-non-reasoning,flat,A-INJECT-PROMPT-01,2,alcohol_content,True,True,mismatch,mismatch,correct,flat-not-annotated,,4.362654,0.0006167999999999999,2489,238,
AVA,grok-4-1-fast-non-reasoning,flat,A-INJECT-PROMPT-01,2,net_contents,True,True,match,match,correct,flat-not-annotated,,4.362654,0.0006167999999999999,2489,238,
AVA,grok-4-1-fast-non-reasoning,flat,A-INJECT-PROMPT-01,2,bottler_info,True,True,match,match,correct,flat-not-annotated,,4.362654,0.0006167999999999999,2489,238,
AVA,grok-4-1-fast-non-reasoning,flat,A-INJECT-PROMPT-01,2,country_of_origin,True,True,not-applicable,not-applicable,correct,flat-not-annotated,,4.362654,0.0006167999999999999,2489,238,
AVA,grok-4-1-fast-non-reasoning,flat,A-INJECT-PROMPT-01,2,government_warning,True,False,match,mismatch,false_mismatch,flat-not-annotated,,4.362654,0.0006167999999999999,2489,238,
AVA,grok-4-1-fast-non-reasoning,flat,A-INJECT-PROMPT-01,3,brand_name,True,True,match,match,correct,flat-not-annotated,,6.106006,0.0006167999999999999,2489,238,
AVA,grok-4-1-fast-non-reasoning,flat,A-INJECT-PROMPT-01,3,class_type,True,True,match,match,correct,flat-not-annotated,,6.106006,0.0006167999999999999,2489,238,
AVA,grok-4-1-fast-non-reasoning,flat,A-INJECT-PROMPT-01,3,alcohol_content,True,True,mismatch,mismatch,correct,flat-not-annotated,,6.106006,0.0006167999999999999,2489,238,
AVA,grok-4-1-fast-non-reasoning,flat,A-INJECT-PROMPT-01,3,net_contents,True,True,match,match,correct,flat-not-annotated,,6.106006,0.0006167999999999999,2489,238,
AVA,grok-4-1-fast-non-reasoning,flat,A-INJECT-PROMPT-01,3,bottler_info,True,True,match,match,correct,flat-not-annotated,,6.106006,0.0006167999999999999,2489,238,
AVA,grok-4-1-fast-non-reasoning,flat,A-INJECT-PROMPT-01,3,country_of_origin,True,True,not-applicable,not-applicable,correct,flat-not-annotated,,6.106006,0.0006167999999999999,2489,238,
AVA,grok-4-1-fast-non-reasoning,flat,A-INJECT-PROMPT-01,3,government_warning,True,False,match,mismatch,false_mismatch,flat-not-annotated,,6.106006,0.0006167999999999999,2489,238,
AVA,grok-4-1-fast-non-reasoning,flat,A-WARN-BOLDBODY-01,1,brand_name,True,True,match,match,correct,flat-not-annotated,,4.362575,0.0006173,2489,239,
AVA,grok-4-1-fast-non-reasoning,flat,A-WARN-BOLDBODY-01,1,class_type,True,True,match,match,correct,flat-not-annotated,,4.362575,0.0006173,2489,239,
AVA,grok-4-1-fast-non-reasoning,flat,A-WARN-BOLDBODY-01,1,alcohol_content,True,True,match,match,correct,flat-not-annotated,,4.362575,0.0006173,2489,239,
AVA,grok-4-1-fast-non-reasoning,flat,A-WARN-BOLDBODY-01,1,net_contents,True,True,match,match,correct,flat-not-annotated,,4.362575,0.0006173,2489,239,
AVA,grok-4-1-fast-non-reasoning,flat,A-WARN-BOLDBODY-01,1,bottler_info,True,True,match,match,correct,flat-not-annotated,,4.362575,0.0006173,2489,239,
AVA,grok-4-1-fast-non-reasoning,flat,A-WARN-BOLDBODY-01,1,country_of_origin,True,True,not-applicable,not-applicable,correct,flat-not-annotated,,4.362575,0.0006173,2489,239,
AVA,grok-4-1-fast-non-reasoning,flat,A-WARN-BOLDBODY-01,1,government_warning,True,False,mismatch,mismatch,correct,flat-not-annotated,,4.362575,0.0006173,2489,239,
AVA,grok-4-1-fast-non-reasoning,flat,A-WARN-BOLDBODY-01,2,brand_name,False,False,match,needs-review,referral,flat-not-annotated,,4.83993,0.0006167999999999999,2489,238,
AVA,grok-4-1-fast-non-reasoning,flat,A-WARN-BOLDBODY-01,2,class_type,False,False,match,needs-review,referral,flat-not-annotated,,4.83993,0.0006167999999999999,2489,238,
AVA,grok-4-1-fast-non-reasoning,flat,A-WARN-BOLDBODY-01,2,alcohol_content,False,False,match,needs-review,referral,flat-not-annotated,,4.83993,0.0006167999999999999,2489,238,
AVA,grok-4-1-fast-non-reasoning,flat,A-WARN-BOLDBODY-01,2,net_contents,False,False,match,needs-review,referral,flat-not-annotated,,4.83993,0.0006167999999999999,2489,238,
AVA,grok-4-1-fast-non-reasoning,flat,A-WARN-BOLDBODY-01,2,bottler_info,False,False,match,needs-review,referral,flat-not-annotated,,4.83993,0.0006167999999999999,2489,238,
AVA,grok-4-1-fast-non-reasoning,flat,A-WARN-BOLDBODY-01,2,country_of_origin,False,False,not-applicable,needs-review,referral,flat-not-annotated,,4.83993,0.0006167999999999999,2489,238,
AVA,grok-4-1-fast-non-reasoning,flat,A-WARN-BOLDBODY-01,2,government_warning,False,False,mismatch,needs-review,referral,flat-not-annotated,,4.83993,0.0006167999999999999,2489,238,
AVA,grok-4-1-fast-non-reasoning,flat,A-WARN-BOLDBODY-01,3,brand_name,True,True,match,match,correct,flat-not-annotated,,4.555459,0.0006173,2489,239,
AVA,grok-4-1-fast-non-reasoning,flat,A-WARN-BOLDBODY-01,3,class_type,True,True,match,match,correct,flat-not-annotated,,4.555459,0.0006173,2489,239,
AVA,grok-4-1-fast-non-reasoning,flat,A-WARN-BOLDBODY-01,3,alcohol_content,True,True,match,match,correct,flat-not-annotated,,4.555459,0.0006173,2489,239,
AVA,grok-4-1-fast-non-reasoning,flat,A-WARN-BOLDBODY-01,3,net_contents,True,True,match,match,correct,flat-not-annotated,,4.555459,0.0006173,2489,239,
AVA,grok-4-1-fast-non-reasoning,flat,A-WARN-BOLDBODY-01,3,bottler_info,True,True,match,match,correct,flat-not-annotated,,4.555459,0.0006173,2489,239,
AVA,grok-4-1-fast-non-reasoning,flat,A-WARN-BOLDBODY-01,3,country_of_origin,True,True,not-applicable,not-applicable,correct,flat-not-annotated,,4.555459,0.0006173,2489,239,
AVA,grok-4-1-fast-non-reasoning,flat,A-WARN-BOLDBODY-01,3,government_warning,True,False,mismatch,mismatch,correct,flat-not-annotated,,4.555459,0.0006173,2489,239,
AVA,grok-4-1-fast-non-reasoning,flat,A-WARN-TITLECASE-01,1,brand_name,True,True,match,match,correct,flat-not-annotated,,6.963785,0.0006158,2489,236,
AVA,grok-4-1-fast-non-reasoning,flat,A-WARN-TITLECASE-01,1,class_type,True,True,match,match,correct,flat-not-annotated,,6.963785,0.0006158,2489,236,
AVA,grok-4-1-fast-non-reasoning,flat,A-WARN-TITLECASE-01,1,alcohol_content,True,True,match,match,correct,flat-not-annotated,,6.963785,0.0006158,2489,236,
AVA,grok-4-1-fast-non-reasoning,flat,A-WARN-TITLECASE-01,1,net_contents,True,True,match,match,correct,flat-not-annotated,,6.963785,0.0006158,2489,236,
AVA,grok-4-1-fast-non-reasoning,flat,A-WARN-TITLECASE-01,1,bottler_info,True,True,match,match,correct,flat-not-annotated,,6.963785,0.0006158,2489,236,
AVA,grok-4-1-fast-non-reasoning,flat,A-WARN-TITLECASE-01,1,country_of_origin,True,True,not-applicable,not-applicable,correct,flat-not-annotated,,6.963785,0.0006158,2489,236,
AVA,grok-4-1-fast-non-reasoning,flat,A-WARN-TITLECASE-01,1,government_warning,True,False,mismatch,mismatch,correct,flat-not-annotated,,6.963785,0.0006158,2489,236,
AVA,grok-4-1-fast-non-reasoning,flat,A-WARN-TITLECASE-01,2,brand_name,True,True,match,match,correct,flat-not-annotated,,4.826247,0.0006058,2489,216,
AVA,grok-4-1-fast-non-reasoning,flat,A-WARN-TITLECASE-01,2,class_type,True,True,match,match,correct,flat-not-annotated,,4.826247,0.0006058,2489,216,
AVA,grok-4-1-fast-non-reasoning,flat,A-WARN-TITLECASE-01,2,alcohol_content,True,True,match,match,correct,flat-not-annotated,,4.826247,0.0006058,2489,216,
AVA,grok-4-1-fast-non-reasoning,flat,A-WARN-TITLECASE-01,2,net_contents,True,True,match,match,correct,flat-not-annotated,,4.826247,0.0006058,2489,216,
AVA,grok-4-1-fast-non-reasoning,flat,A-WARN-TITLECASE-01,2,bottler_info,True,True,match,match,correct,flat-not-annotated,,4.826247,0.0006058,2489,216,
AVA,grok-4-1-fast-non-reasoning,flat,A-WARN-TITLECASE-01,2,country_of_origin,True,True,not-applicable,not-applicable,correct,flat-not-annotated,,4.826247,0.0006058,2489,216,
AVA,grok-4-1-fast-non-reasoning,flat,A-WARN-TITLECASE-01,2,government_warning,True,True,mismatch,mismatch,correct,flat-not-annotated,,4.826247,0.0006058,2489,216,
AVA,grok-4-1-fast-non-reasoning,flat,A-WARN-TITLECASE-01,3,brand_name,True,True,match,match,correct,flat-not-annotated,,4.57882,0.0006158,2489,236,
AVA,grok-4-1-fast-non-reasoning,flat,A-WARN-TITLECASE-01,3,class_type,True,True,match,match,correct,flat-not-annotated,,4.57882,0.0006158,2489,236,
AVA,grok-4-1-fast-non-reasoning,flat,A-WARN-TITLECASE-01,3,alcohol_content,True,True,match,match,correct,flat-not-annotated,,4.57882,0.0006158,2489,236,
AVA,grok-4-1-fast-non-reasoning,flat,A-WARN-TITLECASE-01,3,net_contents,True,True,match,match,correct,flat-not-annotated,,4.57882,0.0006158,2489,236,
AVA,grok-4-1-fast-non-reasoning,flat,A-WARN-TITLECASE-01,3,bottler_info,True,True,match,match,correct,flat-not-annotated,,4.57882,0.0006158,2489,236,
AVA,grok-4-1-fast-non-reasoning,flat,A-WARN-TITLECASE-01,3,country_of_origin,True,True,not-applicable,not-applicable,correct,flat-not-annotated,,4.57882,0.0006158,2489,236,
AVA,grok-4-1-fast-non-reasoning,flat,A-WARN-TITLECASE-01,3,government_warning,True,False,mismatch,mismatch,correct,flat-not-annotated,,4.57882,0.0006158,2489,236,
AVA,grok-4-1-fast-non-reasoning,flat,C-MALT-01,1,brand_name,True,True,match,match,correct,flat-not-annotated,,5.151483,0.0006158,2489,236,
AVA,grok-4-1-fast-non-reasoning,flat,C-MALT-01,1,class_type,True,True,match,match,correct,flat-not-annotated,,5.151483,0.0006158,2489,236,
AVA,grok-4-1-fast-non-reasoning,flat,C-MALT-01,1,alcohol_content,True,True,match,match,correct,flat-not-annotated,,5.151483,0.0006158,2489,236,
AVA,grok-4-1-fast-non-reasoning,flat,C-MALT-01,1,net_contents,True,True,match,match,correct,flat-not-annotated,,5.151483,0.0006158,2489,236,
AVA,grok-4-1-fast-non-reasoning,flat,C-MALT-01,1,bottler_info,True,True,match,match,correct,flat-not-annotated,,5.151483,0.0006158,2489,236,
AVA,grok-4-1-fast-non-reasoning,flat,C-MALT-01,1,country_of_origin,True,True,not-applicable,not-applicable,correct,flat-not-annotated,,5.151483,0.0006158,2489,236,
AVA,grok-4-1-fast-non-reasoning,flat,C-MALT-01,1,government_warning,True,False,match,mismatch,false_mismatch,flat-not-annotated,,5.151483,0.0006158,2489,236,
AVA,grok-4-1-fast-non-reasoning,flat,C-MALT-01,2,brand_name,True,True,match,match,correct,flat-not-annotated,,4.291929,0.0006152999999999999,2489,235,
AVA,grok-4-1-fast-non-reasoning,flat,C-MALT-01,2,class_type,True,True,match,match,correct,flat-not-annotated,,4.291929,0.0006152999999999999,2489,235,
AVA,grok-4-1-fast-non-reasoning,flat,C-MALT-01,2,alcohol_content,True,True,match,match,correct,flat-not-annotated,,4.291929,0.0006152999999999999,2489,235,
AVA,grok-4-1-fast-non-reasoning,flat,C-MALT-01,2,net_contents,True,True,match,match,correct,flat-not-annotated,,4.291929,0.0006152999999999999,2489,235,
AVA,grok-4-1-fast-non-reasoning,flat,C-MALT-01,2,bottler_info,True,True,match,match,correct,flat-not-annotated,,4.291929,0.0006152999999999999,2489,235,
AVA,grok-4-1-fast-non-reasoning,flat,C-MALT-01,2,country_of_origin,True,True,not-applicable,not-applicable,correct,flat-not-annotated,,4.291929,0.0006152999999999999,2489,235,
AVA,grok-4-1-fast-non-reasoning,flat,C-MALT-01,2,government_warning,True,False,match,match,correct,flat-not-annotated,,4.291929,0.0006152999999999999,2489,235,
AVA,grok-4-1-fast-non-reasoning,flat,C-MALT-01,3,brand_name,True,True,match,match,correct,flat-not-annotated,,4.849376,0.0006158,2489,236,
AVA,grok-4-1-fast-non-reasoning,flat,C-MALT-01,3,class_type,True,True,match,match,correct,flat-not-annotated,,4.849376,0.0006158,2489,236,
AVA,grok-4-1-fast-non-reasoning,flat,C-MALT-01,3,alcohol_content,True,True,match,match,correct,flat-not-annotated,,4.849376,0.0006158,2489,236,
AVA,grok-4-1-fast-non-reasoning,flat,C-MALT-01,3,net_contents,True,True,match,match,correct,flat-not-annotated,,4.849376,0.0006158,2489,236,
AVA,grok-4-1-fast-non-reasoning,flat,C-MALT-01,3,bottler_info,True,True,match,match,correct,flat-not-annotated,,4.849376,0.0006158,2489,236,
AVA,grok-4-1-fast-non-reasoning,flat,C-MALT-01,3,country_of_origin,True,True,not-applicable,not-applicable,correct,flat-not-annotated,,4.849376,0.0006158,2489,236,
AVA,grok-4-1-fast-non-reasoning,flat,C-MALT-01,3,government_warning,True,False,match,mismatch,false_mismatch,flat-not-annotated,,4.849376,0.0006158,2489,236,
AVA,grok-4-1-fast-non-reasoning,flat,C-SPIRITS-01,1,brand_name,True,True,match,match,correct,flat-not-annotated,,5.456668,0.0006167999999999999,2489,238,
AVA,grok-4-1-fast-non-reasoning,flat,C-SPIRITS-01,1,class_type,True,True,match,match,correct,flat-not-annotated,,5.456668,0.0006167999999999999,2489,238,
AVA,grok-4-1-fast-non-reasoning,flat,C-SPIRITS-01,1,alcohol_content,True,True,match,match,correct,flat-not-annotated,,5.456668,0.0006167999999999999,2489,238,
AVA,grok-4-1-fast-non-reasoning,flat,C-SPIRITS-01,1,net_contents,True,True,match,match,correct,flat-not-annotated,,5.456668,0.0006167999999999999,2489,238,
AVA,grok-4-1-fast-non-reasoning,flat,C-SPIRITS-01,1,bottler_info,True,True,match,match,correct,flat-not-annotated,,5.456668,0.0006167999999999999,2489,238,
AVA,grok-4-1-fast-non-reasoning,flat,C-SPIRITS-01,1,country_of_origin,True,True,not-applicable,not-applicable,correct,flat-not-annotated,,5.456668,0.0006167999999999999,2489,238,
AVA,grok-4-1-fast-non-reasoning,flat,C-SPIRITS-01,1,government_warning,True,False,match,mismatch,false_mismatch,flat-not-annotated,,5.456668,0.0006167999999999999,2489,238,
AVA,grok-4-1-fast-non-reasoning,flat,C-SPIRITS-01,2,brand_name,True,True,match,match,correct,flat-not-annotated,,4.293466,0.0006173,2489,239,
AVA,grok-4-1-fast-non-reasoning,flat,C-SPIRITS-01,2,class_type,True,True,match,match,correct,flat-not-annotated,,4.293466,0.0006173,2489,239,
AVA,grok-4-1-fast-non-reasoning,flat,C-SPIRITS-01,2,alcohol_content,True,True,match,match,correct,flat-not-annotated,,4.293466,0.0006173,2489,239,
AVA,grok-4-1-fast-non-reasoning,flat,C-SPIRITS-01,2,net_contents,True,True,match,match,correct,flat-not-annotated,,4.293466,0.0006173,2489,239,
AVA,grok-4-1-fast-non-reasoning,flat,C-SPIRITS-01,2,bottler_info,True,True,match,match,correct,flat-not-annotated,,4.293466,0.0006173,2489,239,
AVA,grok-4-1-fast-non-reasoning,flat,C-SPIRITS-01,2,country_of_origin,True,True,not-applicable,not-applicable,correct,flat-not-annotated,,4.293466,0.0006173,2489,239,
AVA,grok-4-1-fast-non-reasoning,flat,C-SPIRITS-01,2,government_warning,True,False,match,mismatch,false_mismatch,flat-not-annotated,,4.293466,0.0006173,2489,239,
AVA,grok-4-1-fast-non-reasoning,flat,C-SPIRITS-01,3,brand_name,True,True,match,match,correct,flat-not-annotated,,5.169538,0.0006173,2489,239,
AVA,grok-4-1-fast-non-reasoning,flat,C-SPIRITS-01,3,class_type,True,True,match,match,correct,flat-not-annotated,,5.169538,0.0006173,2489,239,
AVA,grok-4-1-fast-non-reasoning,flat,C-SPIRITS-01,3,alcohol_content,True,True,match,match,correct,flat-not-annotated,,5.169538,0.0006173,2489,239,
AVA,grok-4-1-fast-non-reasoning,flat,C-SPIRITS-01,3,net_contents,True,True,match,match,correct,flat-not-annotated,,5.169538,0.0006173,2489,239,
AVA,grok-4-1-fast-non-reasoning,flat,C-SPIRITS-01,3,bottler_info,True,True,match,match,correct,flat-not-annotated,,5.169538,0.0006173,2489,239,
AVA,grok-4-1-fast-non-reasoning,flat,C-SPIRITS-01,3,country_of_origin,True,True,not-applicable,not-applicable,correct,flat-not-annotated,,5.169538,0.0006173,2489,239,
AVA,grok-4-1-fast-non-reasoning,flat,C-SPIRITS-01,3,government_warning,True,False,match,mismatch,false_mismatch,flat-not-annotated,,5.169538,0.0006173,2489,239,
AVA,grok-4-1-fast-non-reasoning,flat,C-SPIRITS-IMPORT-01,1,brand_name,True,True,match,match,correct,flat-not-annotated,,7.886481,0.0006397999999999999,2489,284,
AVA,grok-4-1-fast-non-reasoning,flat,C-SPIRITS-IMPORT-01,1,class_type,True,True,match,match,correct,flat-not-annotated,,7.886481,0.0006397999999999999,2489,284,
AVA,grok-4-1-fast-non-reasoning,flat,C-SPIRITS-IMPORT-01,1,alcohol_content,True,True,match,match,correct,flat-not-annotated,,7.886481,0.0006397999999999999,2489,284,
AVA,grok-4-1-fast-non-reasoning,flat,C-SPIRITS-IMPORT-01,1,net_contents,True,True,match,match,correct,flat-not-annotated,,7.886481,0.0006397999999999999,2489,284,
AVA,grok-4-1-fast-non-reasoning,flat,C-SPIRITS-IMPORT-01,1,bottler_info,True,True,match,match,correct,flat-not-annotated,,7.886481,0.0006397999999999999,2489,284,
AVA,grok-4-1-fast-non-reasoning,flat,C-SPIRITS-IMPORT-01,1,country_of_origin,True,True,match,match,correct,flat-not-annotated,,7.886481,0.0006397999999999999,2489,284,
AVA,grok-4-1-fast-non-reasoning,flat,C-SPIRITS-IMPORT-01,1,government_warning,True,True,match,match,correct,flat-not-annotated,,7.886481,0.0006397999999999999,2489,284,
AVA,grok-4-1-fast-non-reasoning,flat,C-SPIRITS-IMPORT-01,2,brand_name,True,True,match,match,correct,flat-not-annotated,,5.856823,0.0006203,2489,245,
AVA,grok-4-1-fast-non-reasoning,flat,C-SPIRITS-IMPORT-01,2,class_type,True,True,match,match,correct,flat-not-annotated,,5.856823,0.0006203,2489,245,
AVA,grok-4-1-fast-non-reasoning,flat,C-SPIRITS-IMPORT-01,2,alcohol_content,True,True,match,match,correct,flat-not-annotated,,5.856823,0.0006203,2489,245,
AVA,grok-4-1-fast-non-reasoning,flat,C-SPIRITS-IMPORT-01,2,net_contents,True,True,match,match,correct,flat-not-annotated,,5.856823,0.0006203,2489,245,
AVA,grok-4-1-fast-non-reasoning,flat,C-SPIRITS-IMPORT-01,2,bottler_info,True,True,match,match,correct,flat-not-annotated,,5.856823,0.0006203,2489,245,
AVA,grok-4-1-fast-non-reasoning,flat,C-SPIRITS-IMPORT-01,2,country_of_origin,True,True,match,match,correct,flat-not-annotated,,5.856823,0.0006203,2489,245,
AVA,grok-4-1-fast-non-reasoning,flat,C-SPIRITS-IMPORT-01,2,government_warning,True,False,match,mismatch,false_mismatch,flat-not-annotated,,5.856823,0.0006203,2489,245,
AVA,grok-4-1-fast-non-reasoning,flat,C-SPIRITS-IMPORT-01,3,brand_name,False,False,match,needs-review,referral,flat-not-annotated,,5.189095,0.0006142999999999999,2489,233,
AVA,grok-4-1-fast-non-reasoning,flat,C-SPIRITS-IMPORT-01,3,class_type,False,False,match,needs-review,referral,flat-not-annotated,,5.189095,0.0006142999999999999,2489,233,
AVA,grok-4-1-fast-non-reasoning,flat,C-SPIRITS-IMPORT-01,3,alcohol_content,False,False,match,needs-review,referral,flat-not-annotated,,5.189095,0.0006142999999999999,2489,233,
AVA,grok-4-1-fast-non-reasoning,flat,C-SPIRITS-IMPORT-01,3,net_contents,False,False,match,needs-review,referral,flat-not-annotated,,5.189095,0.0006142999999999999,2489,233,
AVA,grok-4-1-fast-non-reasoning,flat,C-SPIRITS-IMPORT-01,3,bottler_info,False,False,match,needs-review,referral,flat-not-annotated,,5.189095,0.0006142999999999999,2489,233,
AVA,grok-4-1-fast-non-reasoning,flat,C-SPIRITS-IMPORT-01,3,country_of_origin,False,False,match,needs-review,referral,flat-not-annotated,,5.189095,0.0006142999999999999,2489,233,
AVA,grok-4-1-fast-non-reasoning,flat,C-SPIRITS-IMPORT-01,3,government_warning,False,False,match,needs-review,referral,flat-not-annotated,,5.189095,0.0006142999999999999,2489,233,
AVA,grok-4-1-fast-non-reasoning,flat,C-WINE-01,1,brand_name,False,False,match,needs-review,referral,flat-not-annotated,,6.169368,0.0006297999999999999,2489,264,
AVA,grok-4-1-fast-non-reasoning,flat,C-WINE-01,1,class_type,False,False,match,needs-review,referral,flat-not-annotated,,6.169368,0.0006297999999999999,2489,264,
AVA,grok-4-1-fast-non-reasoning,flat,C-WINE-01,1,alcohol_content,False,False,match,needs-review,referral,flat-not-annotated,,6.169368,0.0006297999999999999,2489,264,
AVA,grok-4-1-fast-non-reasoning,flat,C-WINE-01,1,net_contents,False,False,match,needs-review,referral,flat-not-annotated,,6.169368,0.0006297999999999999,2489,264,
AVA,grok-4-1-fast-non-reasoning,flat,C-WINE-01,1,bottler_info,False,False,match,needs-review,referral,flat-not-annotated,,6.169368,0.0006297999999999999,2489,264,
AVA,grok-4-1-fast-non-reasoning,flat,C-WINE-01,1,country_of_origin,False,False,not-applicable,needs-review,referral,flat-not-annotated,,6.169368,0.0006297999999999999,2489,264,
AVA,grok-4-1-fast-non-reasoning,flat,C-WINE-01,1,government_warning,False,False,match,needs-review,referral,flat-not-annotated,,6.169368,0.0006297999999999999,2489,264,
AVA,grok-4-1-fast-non-reasoning,flat,C-WINE-01,2,brand_name,True,True,match,match,correct,flat-not-annotated,,5.092627,0.0006173,2489,239,
AVA,grok-4-1-fast-non-reasoning,flat,C-WINE-01,2,class_type,True,True,match,match,correct,flat-not-annotated,,5.092627,0.0006173,2489,239,
AVA,grok-4-1-fast-non-reasoning,flat,C-WINE-01,2,alcohol_content,True,True,match,match,correct,flat-not-annotated,,5.092627,0.0006173,2489,239,
AVA,grok-4-1-fast-non-reasoning,flat,C-WINE-01,2,net_contents,True,True,match,match,correct,flat-not-annotated,,5.092627,0.0006173,2489,239,
AVA,grok-4-1-fast-non-reasoning,flat,C-WINE-01,2,bottler_info,True,True,match,match,correct,flat-not-annotated,,5.092627,0.0006173,2489,239,
AVA,grok-4-1-fast-non-reasoning,flat,C-WINE-01,2,country_of_origin,True,True,not-applicable,not-applicable,correct,flat-not-annotated,,5.092627,0.0006173,2489,239,
AVA,grok-4-1-fast-non-reasoning,flat,C-WINE-01,2,government_warning,True,False,match,mismatch,false_mismatch,flat-not-annotated,,5.092627,0.0006173,2489,239,
AVA,grok-4-1-fast-non-reasoning,flat,C-WINE-01,3,brand_name,False,False,match,needs-review,referral,flat-not-annotated,,3.577223,0.0006008,2489,206,
AVA,grok-4-1-fast-non-reasoning,flat,C-WINE-01,3,class_type,False,False,match,needs-review,referral,flat-not-annotated,,3.577223,0.0006008,2489,206,
AVA,grok-4-1-fast-non-reasoning,flat,C-WINE-01,3,alcohol_content,False,False,match,needs-review,referral,flat-not-annotated,,3.577223,0.0006008,2489,206,
AVA,grok-4-1-fast-non-reasoning,flat,C-WINE-01,3,net_contents,False,False,match,needs-review,referral,flat-not-annotated,,3.577223,0.0006008,2489,206,
AVA,grok-4-1-fast-non-reasoning,flat,C-WINE-01,3,bottler_info,False,False,match,needs-review,referral,flat-not-annotated,,3.577223,0.0006008,2489,206,
AVA,grok-4-1-fast-non-reasoning,flat,C-WINE-01,3,country_of_origin,False,False,not-applicable,needs-review,referral,flat-not-annotated,,3.577223,0.0006008,2489,206,
AVA,grok-4-1-fast-non-reasoning,flat,C-WINE-01,3,government_warning,False,False,match,needs-review,referral,flat-not-annotated,,3.577223,0.0006008,2489,206,
AVA,grok-4-1-fast-non-reasoning,flat,D-BLUR-01,1,brand_name,False,False,match,needs-review,referral,flat-not-annotated,,3.618546,0.0006108,2489,226,
AVA,grok-4-1-fast-non-reasoning,flat,D-BLUR-01,1,class_type,False,False,match,needs-review,referral,flat-not-annotated,,3.618546,0.0006108,2489,226,
AVA,grok-4-1-fast-non-reasoning,flat,D-BLUR-01,1,alcohol_content,False,False,match,needs-review,referral,flat-not-annotated,,3.618546,0.0006108,2489,226,
AVA,grok-4-1-fast-non-reasoning,flat,D-BLUR-01,1,net_contents,False,False,match,needs-review,referral,flat-not-annotated,,3.618546,0.0006108,2489,226,
AVA,grok-4-1-fast-non-reasoning,flat,D-BLUR-01,1,bottler_info,False,False,match,needs-review,referral,flat-not-annotated,,3.618546,0.0006108,2489,226,
AVA,grok-4-1-fast-non-reasoning,flat,D-BLUR-01,1,country_of_origin,False,False,not-applicable,needs-review,referral,flat-not-annotated,,3.618546,0.0006108,2489,226,
AVA,grok-4-1-fast-non-reasoning,flat,D-BLUR-01,1,government_warning,False,False,match,needs-review,referral,flat-not-annotated,,3.618546,0.0006108,2489,226,
AVA,grok-4-1-fast-non-reasoning,flat,D-BLUR-01,2,brand_name,True,True,match,match,correct,flat-not-annotated,,5.367993,0.0006173,2489,239,
AVA,grok-4-1-fast-non-reasoning,flat,D-BLUR-01,2,class_type,True,True,match,match,correct,flat-not-annotated,,5.367993,0.0006173,2489,239,
AVA,grok-4-1-fast-non-reasoning,flat,D-BLUR-01,2,alcohol_content,True,True,match,match,correct,flat-not-annotated,,5.367993,0.0006173,2489,239,
AVA,grok-4-1-fast-non-reasoning,flat,D-BLUR-01,2,net_contents,True,True,match,match,correct,flat-not-annotated,,5.367993,0.0006173,2489,239,
AVA,grok-4-1-fast-non-reasoning,flat,D-BLUR-01,2,bottler_info,True,True,match,match,correct,flat-not-annotated,,5.367993,0.0006173,2489,239,
AVA,grok-4-1-fast-non-reasoning,flat,D-BLUR-01,2,country_of_origin,True,True,not-applicable,not-applicable,correct,flat-not-annotated,,5.367993,0.0006173,2489,239,
AVA,grok-4-1-fast-non-reasoning,flat,D-BLUR-01,2,government_warning,True,False,match,mismatch,false_mismatch,flat-not-annotated,,5.367993,0.0006173,2489,239,
AVA,grok-4-1-fast-non-reasoning,flat,D-BLUR-01,3,brand_name,True,True,match,match,correct,flat-not-annotated,,5.348395,0.0006167999999999999,2489,238,
AVA,grok-4-1-fast-non-reasoning,flat,D-BLUR-01,3,class_type,True,True,match,match,correct,flat-not-annotated,,5.348395,0.0006167999999999999,2489,238,
AVA,grok-4-1-fast-non-reasoning,flat,D-BLUR-01,3,alcohol_content,True,True,match,match,correct,flat-not-annotated,,5.348395,0.0006167999999999999,2489,238,
AVA,grok-4-1-fast-non-reasoning,flat,D-BLUR-01,3,net_contents,True,True,match,match,correct,flat-not-annotated,,5.348395,0.0006167999999999999,2489,238,
AVA,grok-4-1-fast-non-reasoning,flat,D-BLUR-01,3,bottler_info,True,True,match,match,correct,flat-not-annotated,,5.348395,0.0006167999999999999,2489,238,
AVA,grok-4-1-fast-non-reasoning,flat,D-BLUR-01,3,country_of_origin,True,True,not-applicable,not-applicable,correct,flat-not-annotated,,5.348395,0.0006167999999999999,2489,238,
AVA,grok-4-1-fast-non-reasoning,flat,D-BLUR-01,3,government_warning,True,True,match,match,correct,flat-not-annotated,,5.348395,0.0006167999999999999,2489,238,
AVA,grok-4-1-fast-non-reasoning,flat,D-GLARE-01,1,brand_name,True,True,match,match,correct,flat-not-annotated,,4.465535,0.0006158,2489,236,
AVA,grok-4-1-fast-non-reasoning,flat,D-GLARE-01,1,class_type,True,True,match,match,correct,flat-not-annotated,,4.465535,0.0006158,2489,236,
AVA,grok-4-1-fast-non-reasoning,flat,D-GLARE-01,1,alcohol_content,True,True,match,match,correct,flat-not-annotated,,4.465535,0.0006158,2489,236,
AVA,grok-4-1-fast-non-reasoning,flat,D-GLARE-01,1,net_contents,True,True,match,match,correct,flat-not-annotated,,4.465535,0.0006158,2489,236,
AVA,grok-4-1-fast-non-reasoning,flat,D-GLARE-01,1,bottler_info,True,True,match,match,correct,flat-not-annotated,,4.465535,0.0006158,2489,236,
AVA,grok-4-1-fast-non-reasoning,flat,D-GLARE-01,1,country_of_origin,True,True,not-applicable,not-applicable,correct,flat-not-annotated,,4.465535,0.0006158,2489,236,
AVA,grok-4-1-fast-non-reasoning,flat,D-GLARE-01,1,government_warning,True,False,match,mismatch,false_mismatch,flat-not-annotated,,4.465535,0.0006158,2489,236,
AVA,grok-4-1-fast-non-reasoning,flat,D-GLARE-01,2,brand_name,True,True,match,match,correct,flat-not-annotated,,5.338342,0.0006158,2489,236,
AVA,grok-4-1-fast-non-reasoning,flat,D-GLARE-01,2,class_type,True,True,match,match,correct,flat-not-annotated,,5.338342,0.0006158,2489,236,
AVA,grok-4-1-fast-non-reasoning,flat,D-GLARE-01,2,alcohol_content,True,True,match,match,correct,flat-not-annotated,,5.338342,0.0006158,2489,236,
AVA,grok-4-1-fast-non-reasoning,flat,D-GLARE-01,2,net_contents,True,True,match,match,correct,flat-not-annotated,,5.338342,0.0006158,2489,236,
AVA,grok-4-1-fast-non-reasoning,flat,D-GLARE-01,2,bottler_info,True,True,match,match,correct,flat-not-annotated,,5.338342,0.0006158,2489,236,
AVA,grok-4-1-fast-non-reasoning,flat,D-GLARE-01,2,country_of_origin,True,True,not-applicable,not-applicable,correct,flat-not-annotated,,5.338342,0.0006158,2489,236,
AVA,grok-4-1-fast-non-reasoning,flat,D-GLARE-01,2,government_warning,True,False,match,mismatch,false_mismatch,flat-not-annotated,,5.338342,0.0006158,2489,236,
AVA,grok-4-1-fast-non-reasoning,flat,D-GLARE-01,3,brand_name,False,False,match,needs-review,referral,flat-not-annotated,,4.231439,0.0006138,2489,232,
AVA,grok-4-1-fast-non-reasoning,flat,D-GLARE-01,3,class_type,False,False,match,needs-review,referral,flat-not-annotated,,4.231439,0.0006138,2489,232,
AVA,grok-4-1-fast-non-reasoning,flat,D-GLARE-01,3,alcohol_content,False,False,match,needs-review,referral,flat-not-annotated,,4.231439,0.0006138,2489,232,
AVA,grok-4-1-fast-non-reasoning,flat,D-GLARE-01,3,net_contents,False,False,match,needs-review,referral,flat-not-annotated,,4.231439,0.0006138,2489,232,
AVA,grok-4-1-fast-non-reasoning,flat,D-GLARE-01,3,bottler_info,False,False,match,needs-review,referral,flat-not-annotated,,4.231439,0.0006138,2489,232,
AVA,grok-4-1-fast-non-reasoning,flat,D-GLARE-01,3,country_of_origin,False,False,not-applicable,needs-review,referral,flat-not-annotated,,4.231439,0.0006138,2489,232,
AVA,grok-4-1-fast-non-reasoning,flat,D-GLARE-01,3,government_warning,False,False,match,needs-review,referral,flat-not-annotated,,4.231439,0.0006138,2489,232,
AVA,grok-4-1-fast-non-reasoning,flat,D-WARP-01,1,brand_name,False,False,match,needs-review,referral,flat-not-annotated,,4.726512,0.0006133,2489,231,
AVA,grok-4-1-fast-non-reasoning,flat,D-WARP-01,1,class_type,False,False,match,needs-review,referral,flat-not-annotated,,4.726512,0.0006133,2489,231,
AVA,grok-4-1-fast-non-reasoning,flat,D-WARP-01,1,alcohol_content,False,False,match,needs-review,referral,flat-not-annotated,,4.726512,0.0006133,2489,231,
AVA,grok-4-1-fast-non-reasoning,flat,D-WARP-01,1,net_contents,False,False,match,needs-review,referral,flat-not-annotated,,4.726512,0.0006133,2489,231,
AVA,grok-4-1-fast-non-reasoning,flat,D-WARP-01,1,bottler_info,False,False,match,needs-review,referral,flat-not-annotated,,4.726512,0.0006133,2489,231,
AVA,grok-4-1-fast-non-reasoning,flat,D-WARP-01,1,country_of_origin,False,False,not-applicable,needs-review,referral,flat-not-annotated,,4.726512,0.0006133,2489,231,
AVA,grok-4-1-fast-non-reasoning,flat,D-WARP-01,1,government_warning,False,False,match,needs-review,referral,flat-not-annotated,,4.726512,0.0006133,2489,231,
AVA,grok-4-1-fast-non-reasoning,flat,D-WARP-01,2,brand_name,True,True,match,match,correct,flat-not-annotated,,4.704291,0.0006173,2489,239,
AVA,grok-4-1-fast-non-reasoning,flat,D-WARP-01,2,class_type,True,True,match,match,correct,flat-not-annotated,,4.704291,0.0006173,2489,239,
AVA,grok-4-1-fast-non-reasoning,flat,D-WARP-01,2,alcohol_content,True,True,match,match,correct,flat-not-annotated,,4.704291,0.0006173,2489,239,
AVA,grok-4-1-fast-non-reasoning,flat,D-WARP-01,2,net_contents,True,True,match,match,correct,flat-not-annotated,,4.704291,0.0006173,2489,239,
AVA,grok-4-1-fast-non-reasoning,flat,D-WARP-01,2,bottler_info,True,True,match,match,correct,flat-not-annotated,,4.704291,0.0006173,2489,239,
AVA,grok-4-1-fast-non-reasoning,flat,D-WARP-01,2,country_of_origin,True,True,not-applicable,not-applicable,correct,flat-not-annotated,,4.704291,0.0006173,2489,239,
AVA,grok-4-1-fast-non-reasoning,flat,D-WARP-01,2,government_warning,True,True,match,match,correct,flat-not-annotated,,4.704291,0.0006173,2489,239,
AVA,grok-4-1-fast-non-reasoning,flat,D-WARP-01,3,brand_name,True,True,match,match,correct,flat-not-annotated,,5.747642,0.0006173,2489,239,
AVA,grok-4-1-fast-non-reasoning,flat,D-WARP-01,3,class_type,True,True,match,match,correct,flat-not-annotated,,5.747642,0.0006173,2489,239,
AVA,grok-4-1-fast-non-reasoning,flat,D-WARP-01,3,alcohol_content,True,True,match,match,correct,flat-not-annotated,,5.747642,0.0006173,2489,239,
AVA,grok-4-1-fast-non-reasoning,flat,D-WARP-01,3,net_contents,True,True,match,match,correct,flat-not-annotated,,5.747642,0.0006173,2489,239,
AVA,grok-4-1-fast-non-reasoning,flat,D-WARP-01,3,bottler_info,True,True,match,match,correct,flat-not-annotated,,5.747642,0.0006173,2489,239,
AVA,grok-4-1-fast-non-reasoning,flat,D-WARP-01,3,country_of_origin,True,True,not-applicable,not-applicable,correct,flat-not-annotated,,5.747642,0.0006173,2489,239,
AVA,grok-4-1-fast-non-reasoning,flat,D-WARP-01,3,government_warning,True,True,match,match,correct,flat-not-annotated,,5.747642,0.0006173,2489,239,
AVA,grok-4-1-fast-non-reasoning,flat,W-ABV-4045-01,1,brand_name,True,False,match,mismatch,false_mismatch,flat-not-annotated,,5.772181,0.0006422999999999999,2489,289,
AVA,grok-4-1-fast-non-reasoning,flat,W-ABV-4045-01,1,class_type,True,True,match,match,correct,flat-not-annotated,,5.772181,0.0006422999999999999,2489,289,
AVA,grok-4-1-fast-non-reasoning,flat,W-ABV-4045-01,1,alcohol_content,True,True,mismatch,mismatch,correct,flat-not-annotated,,5.772181,0.0006422999999999999,2489,289,
AVA,grok-4-1-fast-non-reasoning,flat,W-ABV-4045-01,1,net_contents,True,True,match,match,correct,flat-not-annotated,,5.772181,0.0006422999999999999,2489,289,
AVA,grok-4-1-fast-non-reasoning,flat,W-ABV-4045-01,1,bottler_info,True,True,match,match,correct,flat-not-annotated,,5.772181,0.0006422999999999999,2489,289,
AVA,grok-4-1-fast-non-reasoning,flat,W-ABV-4045-01,1,country_of_origin,True,True,not-applicable,not-applicable,correct,flat-not-annotated,,5.772181,0.0006422999999999999,2489,289,
AVA,grok-4-1-fast-non-reasoning,flat,W-ABV-4045-01,1,government_warning,True,True,match,match,correct,flat-not-annotated,,5.772181,0.0006422999999999999,2489,289,
AVA,grok-4-1-fast-non-reasoning,flat,W-ABV-4045-01,2,brand_name,True,True,match,match,correct,flat-not-annotated,,5.849435,0.0006217999999999999,2489,248,
AVA,grok-4-1-fast-non-reasoning,flat,W-ABV-4045-01,2,class_type,True,True,match,match,correct,flat-not-annotated,,5.849435,0.0006217999999999999,2489,248,
AVA,grok-4-1-fast-non-reasoning,flat,W-ABV-4045-01,2,alcohol_content,True,True,mismatch,mismatch,correct,flat-not-annotated,,5.849435,0.0006217999999999999,2489,248,
AVA,grok-4-1-fast-non-reasoning,flat,W-ABV-4045-01,2,net_contents,True,True,match,match,correct,flat-not-annotated,,5.849435,0.0006217999999999999,2489,248,
AVA,grok-4-1-fast-non-reasoning,flat,W-ABV-4045-01,2,bottler_info,True,True,match,match,correct,flat-not-annotated,,5.849435,0.0006217999999999999,2489,248,
AVA,grok-4-1-fast-non-reasoning,flat,W-ABV-4045-01,2,country_of_origin,True,True,not-applicable,not-applicable,correct,flat-not-annotated,,5.849435,0.0006217999999999999,2489,248,
AVA,grok-4-1-fast-non-reasoning,flat,W-ABV-4045-01,2,government_warning,True,False,match,mismatch,false_mismatch,flat-not-annotated,,5.849435,0.0006217999999999999,2489,248,
AVA,grok-4-1-fast-non-reasoning,flat,W-ABV-4045-01,3,brand_name,True,False,match,mismatch,false_mismatch,flat-not-annotated,,7.319417,0.0006697999999999999,2489,344,
AVA,grok-4-1-fast-non-reasoning,flat,W-ABV-4045-01,3,class_type,True,True,match,match,correct,flat-not-annotated,,7.319417,0.0006697999999999999,2489,344,
AVA,grok-4-1-fast-non-reasoning,flat,W-ABV-4045-01,3,alcohol_content,True,True,mismatch,mismatch,correct,flat-not-annotated,,7.319417,0.0006697999999999999,2489,344,
AVA,grok-4-1-fast-non-reasoning,flat,W-ABV-4045-01,3,net_contents,True,True,match,match,correct,flat-not-annotated,,7.319417,0.0006697999999999999,2489,344,
AVA,grok-4-1-fast-non-reasoning,flat,W-ABV-4045-01,3,bottler_info,True,True,match,match,correct,flat-not-annotated,,7.319417,0.0006697999999999999,2489,344,
AVA,grok-4-1-fast-non-reasoning,flat,W-ABV-4045-01,3,country_of_origin,True,True,not-applicable,not-applicable,correct,flat-not-annotated,,7.319417,0.0006697999999999999,2489,344,
AVA,grok-4-1-fast-non-reasoning,flat,W-ABV-4045-01,3,government_warning,True,False,match,mismatch,false_mismatch,flat-not-annotated,,7.319417,0.0006697999999999999,2489,344,
AVA,grok-4-1-fast-non-reasoning,flat,W-BRAND-SPLITLINE-01,1,brand_name,True,True,match,match,correct,flat-not-annotated,,4.717277,0.0006167999999999999,2489,238,
AVA,grok-4-1-fast-non-reasoning,flat,W-BRAND-SPLITLINE-01,1,class_type,True,True,match,match,correct,flat-not-annotated,,4.717277,0.0006167999999999999,2489,238,
AVA,grok-4-1-fast-non-reasoning,flat,W-BRAND-SPLITLINE-01,1,alcohol_content,True,True,match,match,correct,flat-not-annotated,,4.717277,0.0006167999999999999,2489,238,
AVA,grok-4-1-fast-non-reasoning,flat,W-BRAND-SPLITLINE-01,1,net_contents,True,True,match,match,correct,flat-not-annotated,,4.717277,0.0006167999999999999,2489,238,
AVA,grok-4-1-fast-non-reasoning,flat,W-BRAND-SPLITLINE-01,1,bottler_info,True,True,match,match,correct,flat-not-annotated,,4.717277,0.0006167999999999999,2489,238,
AVA,grok-4-1-fast-non-reasoning,flat,W-BRAND-SPLITLINE-01,1,country_of_origin,True,True,not-applicable,not-applicable,correct,flat-not-annotated,,4.717277,0.0006167999999999999,2489,238,
AVA,grok-4-1-fast-non-reasoning,flat,W-BRAND-SPLITLINE-01,1,government_warning,True,False,match,mismatch,false_mismatch,flat-not-annotated,,4.717277,0.0006167999999999999,2489,238,
AVA,grok-4-1-fast-non-reasoning,flat,W-BRAND-SPLITLINE-01,2,brand_name,True,False,match,mismatch,false_mismatch,flat-not-annotated,,5.886662,0.0006452999999999999,2489,295,
AVA,grok-4-1-fast-non-reasoning,flat,W-BRAND-SPLITLINE-01,2,class_type,True,True,match,match,correct,flat-not-annotated,,5.886662,0.0006452999999999999,2489,295,
AVA,grok-4-1-fast-non-reasoning,flat,W-BRAND-SPLITLINE-01,2,alcohol_content,True,True,match,match,correct,flat-not-annotated,,5.886662,0.0006452999999999999,2489,295,
AVA,grok-4-1-fast-non-reasoning,flat,W-BRAND-SPLITLINE-01,2,net_contents,True,True,match,match,correct,flat-not-annotated,,5.886662,0.0006452999999999999,2489,295,
AVA,grok-4-1-fast-non-reasoning,flat,W-BRAND-SPLITLINE-01,2,bottler_info,True,False,match,mismatch,false_mismatch,flat-not-annotated,,5.886662,0.0006452999999999999,2489,295,
AVA,grok-4-1-fast-non-reasoning,flat,W-BRAND-SPLITLINE-01,2,country_of_origin,True,True,not-applicable,not-applicable,correct,flat-not-annotated,,5.886662,0.0006452999999999999,2489,295,
AVA,grok-4-1-fast-non-reasoning,flat,W-BRAND-SPLITLINE-01,2,government_warning,True,True,match,match,correct,flat-not-annotated,,5.886662,0.0006452999999999999,2489,295,
AVA,grok-4-1-fast-non-reasoning,flat,W-BRAND-SPLITLINE-01,3,brand_name,True,True,match,match,correct,flat-not-annotated,,4.984631,0.0006163,2489,237,
AVA,grok-4-1-fast-non-reasoning,flat,W-BRAND-SPLITLINE-01,3,class_type,True,True,match,match,correct,flat-not-annotated,,4.984631,0.0006163,2489,237,
AVA,grok-4-1-fast-non-reasoning,flat,W-BRAND-SPLITLINE-01,3,alcohol_content,True,True,match,match,correct,flat-not-annotated,,4.984631,0.0006163,2489,237,
AVA,grok-4-1-fast-non-reasoning,flat,W-BRAND-SPLITLINE-01,3,net_contents,True,True,match,match,correct,flat-not-annotated,,4.984631,0.0006163,2489,237,
AVA,grok-4-1-fast-non-reasoning,flat,W-BRAND-SPLITLINE-01,3,bottler_info,True,True,match,match,correct,flat-not-annotated,,4.984631,0.0006163,2489,237,
AVA,grok-4-1-fast-non-reasoning,flat,W-BRAND-SPLITLINE-01,3,country_of_origin,True,True,not-applicable,not-applicable,correct,flat-not-annotated,,4.984631,0.0006163,2489,237,
AVA,grok-4-1-fast-non-reasoning,flat,W-BRAND-SPLITLINE-01,3,government_warning,True,False,match,mismatch,false_mismatch,flat-not-annotated,,4.984631,0.0006163,2489,237,
AVA,grok-4-1-fast-non-reasoning,flat,W-BRAND-WRONG-01,1,brand_name,False,False,mismatch,needs-review,referral,flat-not-annotated,,4.737286,0.0006117999999999999,2489,228,
AVA,grok-4-1-fast-non-reasoning,flat,W-BRAND-WRONG-01,1,class_type,False,False,match,needs-review,referral,flat-not-annotated,,4.737286,0.0006117999999999999,2489,228,
AVA,grok-4-1-fast-non-reasoning,flat,W-BRAND-WRONG-01,1,alcohol_content,False,False,match,needs-review,referral,flat-not-annotated,,4.737286,0.0006117999999999999,2489,228,
AVA,grok-4-1-fast-non-reasoning,flat,W-BRAND-WRONG-01,1,net_contents,False,False,match,needs-review,referral,flat-not-annotated,,4.737286,0.0006117999999999999,2489,228,
AVA,grok-4-1-fast-non-reasoning,flat,W-BRAND-WRONG-01,1,bottler_info,False,False,match,needs-review,referral,flat-not-annotated,,4.737286,0.0006117999999999999,2489,228,
AVA,grok-4-1-fast-non-reasoning,flat,W-BRAND-WRONG-01,1,country_of_origin,False,False,not-applicable,needs-review,referral,flat-not-annotated,,4.737286,0.0006117999999999999,2489,228,
AVA,grok-4-1-fast-non-reasoning,flat,W-BRAND-WRONG-01,1,government_warning,False,False,match,needs-review,referral,flat-not-annotated,,4.737286,0.0006117999999999999,2489,228,
AVA,grok-4-1-fast-non-reasoning,flat,W-BRAND-WRONG-01,2,brand_name,True,True,mismatch,mismatch,correct,flat-not-annotated,,4.865445,0.0006173,2489,239,
AVA,grok-4-1-fast-non-reasoning,flat,W-BRAND-WRONG-01,2,class_type,True,True,match,match,correct,flat-not-annotated,,4.865445,0.0006173,2489,239,
AVA,grok-4-1-fast-non-reasoning,flat,W-BRAND-WRONG-01,2,alcohol_content,True,True,match,match,correct,flat-not-annotated,,4.865445,0.0006173,2489,239,
AVA,grok-4-1-fast-non-reasoning,flat,W-BRAND-WRONG-01,2,net_contents,True,True,match,match,correct,flat-not-annotated,,4.865445,0.0006173,2489,239,
AVA,grok-4-1-fast-non-reasoning,flat,W-BRAND-WRONG-01,2,bottler_info,True,True,match,match,correct,flat-not-annotated,,4.865445,0.0006173,2489,239,
AVA,grok-4-1-fast-non-reasoning,flat,W-BRAND-WRONG-01,2,country_of_origin,True,True,not-applicable,not-applicable,correct,flat-not-annotated,,4.865445,0.0006173,2489,239,
AVA,grok-4-1-fast-non-reasoning,flat,W-BRAND-WRONG-01,2,government_warning,True,False,match,mismatch,false_mismatch,flat-not-annotated,,4.865445,0.0006173,2489,239,
AVA,grok-4-1-fast-non-reasoning,flat,W-BRAND-WRONG-01,3,brand_name,True,True,mismatch,mismatch,correct,flat-not-annotated,,4.834389,0.0006372999999999999,2489,279,
AVA,grok-4-1-fast-non-reasoning,flat,W-BRAND-WRONG-01,3,class_type,True,True,match,match,correct,flat-not-annotated,,4.834389,0.0006372999999999999,2489,279,
AVA,grok-4-1-fast-non-reasoning,flat,W-BRAND-WRONG-01,3,alcohol_content,True,True,match,match,correct,flat-not-annotated,,4.834389,0.0006372999999999999,2489,279,
AVA,grok-4-1-fast-non-reasoning,flat,W-BRAND-WRONG-01,3,net_contents,True,True,match,match,correct,flat-not-annotated,,4.834389,0.0006372999999999999,2489,279,
AVA,grok-4-1-fast-non-reasoning,flat,W-BRAND-WRONG-01,3,bottler_info,True,True,match,match,correct,flat-not-annotated,,4.834389,0.0006372999999999999,2489,279,
AVA,grok-4-1-fast-non-reasoning,flat,W-BRAND-WRONG-01,3,country_of_origin,True,True,not-applicable,not-applicable,correct,flat-not-annotated,,4.834389,0.0006372999999999999,2489,279,
AVA,grok-4-1-fast-non-reasoning,flat,W-BRAND-WRONG-01,3,government_warning,True,False,match,mismatch,false_mismatch,flat-not-annotated,,4.834389,0.0006372999999999999,2489,279,
AVA,grok-4-1-fast-non-reasoning,flat,W-NETCONTENTS-WRONG-01,1,brand_name,True,False,match,mismatch,false_mismatch,flat-not-annotated,,4.054741,0.0006173,2489,239,
AVA,grok-4-1-fast-non-reasoning,flat,W-NETCONTENTS-WRONG-01,1,class_type,True,True,match,match,correct,flat-not-annotated,,4.054741,0.0006173,2489,239,
AVA,grok-4-1-fast-non-reasoning,flat,W-NETCONTENTS-WRONG-01,1,alcohol_content,True,True,match,match,correct,flat-not-annotated,,4.054741,0.0006173,2489,239,
AVA,grok-4-1-fast-non-reasoning,flat,W-NETCONTENTS-WRONG-01,1,net_contents,True,True,mismatch,mismatch,correct,flat-not-annotated,,4.054741,0.0006173,2489,239,
AVA,grok-4-1-fast-non-reasoning,flat,W-NETCONTENTS-WRONG-01,1,bottler_info,True,True,match,match,correct,flat-not-annotated,,4.054741,0.0006173,2489,239,
AVA,grok-4-1-fast-non-reasoning,flat,W-NETCONTENTS-WRONG-01,1,country_of_origin,True,True,not-applicable,not-applicable,correct,flat-not-annotated,,4.054741,0.0006173,2489,239,
AVA,grok-4-1-fast-non-reasoning,flat,W-NETCONTENTS-WRONG-01,1,government_warning,True,False,match,mismatch,false_mismatch,flat-not-annotated,,4.054741,0.0006173,2489,239,
AVA,grok-4-1-fast-non-reasoning,flat,W-NETCONTENTS-WRONG-01,2,brand_name,True,False,match,mismatch,false_mismatch,flat-not-annotated,,4.828042,0.0006173,2489,239,
AVA,grok-4-1-fast-non-reasoning,flat,W-NETCONTENTS-WRONG-01,2,class_type,True,True,match,match,correct,flat-not-annotated,,4.828042,0.0006173,2489,239,
AVA,grok-4-1-fast-non-reasoning,flat,W-NETCONTENTS-WRONG-01,2,alcohol_content,True,True,match,match,correct,flat-not-annotated,,4.828042,0.0006173,2489,239,
AVA,grok-4-1-fast-non-reasoning,flat,W-NETCONTENTS-WRONG-01,2,net_contents,True,True,mismatch,mismatch,correct,flat-not-annotated,,4.828042,0.0006173,2489,239,
AVA,grok-4-1-fast-non-reasoning,flat,W-NETCONTENTS-WRONG-01,2,bottler_info,True,True,match,match,correct,flat-not-annotated,,4.828042,0.0006173,2489,239,
AVA,grok-4-1-fast-non-reasoning,flat,W-NETCONTENTS-WRONG-01,2,country_of_origin,True,True,not-applicable,not-applicable,correct,flat-not-annotated,,4.828042,0.0006173,2489,239,
AVA,grok-4-1-fast-non-reasoning,flat,W-NETCONTENTS-WRONG-01,2,government_warning,True,False,match,mismatch,false_mismatch,flat-not-annotated,,4.828042,0.0006173,2489,239,
AVA,grok-4-1-fast-non-reasoning,flat,W-NETCONTENTS-WRONG-01,3,brand_name,True,False,match,mismatch,false_mismatch,flat-not-annotated,,4.305856,0.0006173,2489,239,
AVA,grok-4-1-fast-non-reasoning,flat,W-NETCONTENTS-WRONG-01,3,class_type,True,True,match,match,correct,flat-not-annotated,,4.305856,0.0006173,2489,239,
AVA,grok-4-1-fast-non-reasoning,flat,W-NETCONTENTS-WRONG-01,3,alcohol_content,True,True,match,match,correct,flat-not-annotated,,4.305856,0.0006173,2489,239,
AVA,grok-4-1-fast-non-reasoning,flat,W-NETCONTENTS-WRONG-01,3,net_contents,True,True,mismatch,mismatch,correct,flat-not-annotated,,4.305856,0.0006173,2489,239,
AVA,grok-4-1-fast-non-reasoning,flat,W-NETCONTENTS-WRONG-01,3,bottler_info,True,True,match,match,correct,flat-not-annotated,,4.305856,0.0006173,2489,239,
AVA,grok-4-1-fast-non-reasoning,flat,W-NETCONTENTS-WRONG-01,3,country_of_origin,True,True,not-applicable,not-applicable,correct,flat-not-annotated,,4.305856,0.0006173,2489,239,
AVA,grok-4-1-fast-non-reasoning,flat,W-NETCONTENTS-WRONG-01,3,government_warning,True,False,match,mismatch,false_mismatch,flat-not-annotated,,4.305856,0.0006173,2489,239,
AVA,grok-4-1-fast-non-reasoning,flat,W-WARN-REWORD-01,1,brand_name,True,True,match,match,correct,flat-not-annotated,,4.663236,0.0006188,2489,242,
AVA,grok-4-1-fast-non-reasoning,flat,W-WARN-REWORD-01,1,class_type,True,True,match,match,correct,flat-not-annotated,,4.663236,0.0006188,2489,242,
AVA,grok-4-1-fast-non-reasoning,flat,W-WARN-REWORD-01,1,alcohol_content,True,True,match,match,correct,flat-not-annotated,,4.663236,0.0006188,2489,242,
AVA,grok-4-1-fast-non-reasoning,flat,W-WARN-REWORD-01,1,net_contents,True,True,match,match,correct,flat-not-annotated,,4.663236,0.0006188,2489,242,
AVA,grok-4-1-fast-non-reasoning,flat,W-WARN-REWORD-01,1,bottler_info,True,True,match,match,correct,flat-not-annotated,,4.663236,0.0006188,2489,242,
AVA,grok-4-1-fast-non-reasoning,flat,W-WARN-REWORD-01,1,country_of_origin,True,True,not-applicable,not-applicable,correct,flat-not-annotated,,4.663236,0.0006188,2489,242,
AVA,grok-4-1-fast-non-reasoning,flat,W-WARN-REWORD-01,1,government_warning,True,False,mismatch,mismatch,correct,flat-not-annotated,,4.663236,0.0006188,2489,242,
AVA,grok-4-1-fast-non-reasoning,flat,W-WARN-REWORD-01,2,brand_name,True,True,match,match,correct,flat-not-annotated,,5.424995,0.0006188,2489,242,
AVA,grok-4-1-fast-non-reasoning,flat,W-WARN-REWORD-01,2,class_type,True,True,match,match,correct,flat-not-annotated,,5.424995,0.0006188,2489,242,
AVA,grok-4-1-fast-non-reasoning,flat,W-WARN-REWORD-01,2,alcohol_content,True,True,match,match,correct,flat-not-annotated,,5.424995,0.0006188,2489,242,
AVA,grok-4-1-fast-non-reasoning,flat,W-WARN-REWORD-01,2,net_contents,True,True,match,match,correct,flat-not-annotated,,5.424995,0.0006188,2489,242,
AVA,grok-4-1-fast-non-reasoning,flat,W-WARN-REWORD-01,2,bottler_info,True,True,match,match,correct,flat-not-annotated,,5.424995,0.0006188,2489,242,
AVA,grok-4-1-fast-non-reasoning,flat,W-WARN-REWORD-01,2,country_of_origin,True,True,not-applicable,not-applicable,correct,flat-not-annotated,,5.424995,0.0006188,2489,242,
AVA,grok-4-1-fast-non-reasoning,flat,W-WARN-REWORD-01,2,government_warning,True,False,mismatch,mismatch,correct,flat-not-annotated,,5.424995,0.0006188,2489,242,
AVA,grok-4-1-fast-non-reasoning,flat,W-WARN-REWORD-01,3,brand_name,True,True,match,match,correct,flat-not-annotated,,7.671911,0.0006188,2489,242,
AVA,grok-4-1-fast-non-reasoning,flat,W-WARN-REWORD-01,3,class_type,True,True,match,match,correct,flat-not-annotated,,7.671911,0.0006188,2489,242,
AVA,grok-4-1-fast-non-reasoning,flat,W-WARN-REWORD-01,3,alcohol_content,True,True,match,match,correct,flat-not-annotated,,7.671911,0.0006188,2489,242,
AVA,grok-4-1-fast-non-reasoning,flat,W-WARN-REWORD-01,3,net_contents,True,True,match,match,correct,flat-not-annotated,,7.671911,0.0006188,2489,242,
AVA,grok-4-1-fast-non-reasoning,flat,W-WARN-REWORD-01,3,bottler_info,True,True,match,match,correct,flat-not-annotated,,7.671911,0.0006188,2489,242,
AVA,grok-4-1-fast-non-reasoning,flat,W-WARN-REWORD-01,3,country_of_origin,True,True,not-applicable,not-applicable,correct,flat-not-annotated,,7.671911,0.0006188,2489,242,
AVA,grok-4-1-fast-non-reasoning,flat,W-WARN-REWORD-01,3,government_warning,True,False,mismatch,mismatch,correct,flat-not-annotated,,7.671911,0.0006188,2489,242,
AVA,mistral-document-ai-2512,flat,A-ABV-WRONG-01,1,brand_name,True,True,match,match,correct,flat-not-annotated,,3.831434,0.003,,,1
AVA,mistral-document-ai-2512,flat,A-ABV-WRONG-01,1,class_type,True,True,match,match,correct,flat-not-annotated,,3.831434,0.003,,,1
AVA,mistral-document-ai-2512,flat,A-ABV-WRONG-01,1,alcohol_content,True,True,mismatch,mismatch,correct,flat-not-annotated,,3.831434,0.003,,,1
AVA,mistral-document-ai-2512,flat,A-ABV-WRONG-01,1,net_contents,True,True,match,match,correct,flat-not-annotated,,3.831434,0.003,,,1
AVA,mistral-document-ai-2512,flat,A-ABV-WRONG-01,1,bottler_info,True,True,match,match,correct,flat-not-annotated,,3.831434,0.003,,,1
AVA,mistral-document-ai-2512,flat,A-ABV-WRONG-01,1,country_of_origin,True,False,not-applicable,not-applicable,correct,flat-not-annotated,,3.831434,0.003,,,1
AVA,mistral-document-ai-2512,flat,A-ABV-WRONG-01,1,government_warning,True,True,match,match,correct,flat-not-annotated,,3.831434,0.003,,,1
AVA,mistral-document-ai-2512,flat,A-ABV-WRONG-01,2,brand_name,True,True,match,match,correct,flat-not-annotated,,5.619395,0.003,,,1
AVA,mistral-document-ai-2512,flat,A-ABV-WRONG-01,2,class_type,True,True,match,match,correct,flat-not-annotated,,5.619395,0.003,,,1
AVA,mistral-document-ai-2512,flat,A-ABV-WRONG-01,2,alcohol_content,True,True,mismatch,mismatch,correct,flat-not-annotated,,5.619395,0.003,,,1
AVA,mistral-document-ai-2512,flat,A-ABV-WRONG-01,2,net_contents,True,True,match,match,correct,flat-not-annotated,,5.619395,0.003,,,1
AVA,mistral-document-ai-2512,flat,A-ABV-WRONG-01,2,bottler_info,True,True,match,match,correct,flat-not-annotated,,5.619395,0.003,,,1
AVA,mistral-document-ai-2512,flat,A-ABV-WRONG-01,2,country_of_origin,True,True,not-applicable,not-applicable,correct,flat-not-annotated,,5.619395,0.003,,,1
AVA,mistral-document-ai-2512,flat,A-ABV-WRONG-01,2,government_warning,True,True,match,match,correct,flat-not-annotated,,5.619395,0.003,,,1
AVA,mistral-document-ai-2512,flat,A-BRAND-CASE-01,1,brand_name,True,True,match,match,correct,flat-not-annotated,,3.791171,0.003,,,1
AVA,mistral-document-ai-2512,flat,A-BRAND-CASE-01,1,class_type,True,True,match,match,correct,flat-not-annotated,,3.791171,0.003,,,1
AVA,mistral-document-ai-2512,flat,A-BRAND-CASE-01,1,alcohol_content,True,True,match,match,correct,flat-not-annotated,,3.791171,0.003,,,1
AVA,mistral-document-ai-2512,flat,A-BRAND-CASE-01,1,net_contents,True,True,match,match,correct,flat-not-annotated,,3.791171,0.003,,,1
AVA,mistral-document-ai-2512,flat,A-BRAND-CASE-01,1,bottler_info,True,True,match,match,correct,flat-not-annotated,,3.791171,0.003,,,1
AVA,mistral-document-ai-2512,flat,A-BRAND-CASE-01,1,country_of_origin,True,True,not-applicable,not-applicable,correct,flat-not-annotated,,3.791171,0.003,,,1
AVA,mistral-document-ai-2512,flat,A-BRAND-CASE-01,1,government_warning,True,True,match,match,correct,flat-not-annotated,,3.791171,0.003,,,1
AVA,mistral-document-ai-2512,flat,A-BRAND-CASE-01,2,brand_name,True,True,match,match,correct,flat-not-annotated,,3.567262,0.003,,,1
AVA,mistral-document-ai-2512,flat,A-BRAND-CASE-01,2,class_type,True,True,match,match,correct,flat-not-annotated,,3.567262,0.003,,,1
AVA,mistral-document-ai-2512,flat,A-BRAND-CASE-01,2,alcohol_content,True,True,match,match,correct,flat-not-annotated,,3.567262,0.003,,,1
AVA,mistral-document-ai-2512,flat,A-BRAND-CASE-01,2,net_contents,True,True,match,match,correct,flat-not-annotated,,3.567262,0.003,,,1
AVA,mistral-document-ai-2512,flat,A-BRAND-CASE-01,2,bottler_info,True,True,match,match,correct,flat-not-annotated,,3.567262,0.003,,,1
AVA,mistral-document-ai-2512,flat,A-BRAND-CASE-01,2,country_of_origin,True,True,not-applicable,not-applicable,correct,flat-not-annotated,,3.567262,0.003,,,1
AVA,mistral-document-ai-2512,flat,A-BRAND-CASE-01,2,government_warning,True,True,match,match,correct,flat-not-annotated,,3.567262,0.003,,,1
AVA,mistral-document-ai-2512,flat,A-FIELD-MISSING-01,1,brand_name,True,True,match,match,correct,flat-not-annotated,,3.882886,0.003,,,1
AVA,mistral-document-ai-2512,flat,A-FIELD-MISSING-01,1,class_type,True,True,match,match,correct,flat-not-annotated,,3.882886,0.003,,,1
AVA,mistral-document-ai-2512,flat,A-FIELD-MISSING-01,1,alcohol_content,True,True,match,match,correct,flat-not-annotated,,3.882886,0.003,,,1
AVA,mistral-document-ai-2512,flat,A-FIELD-MISSING-01,1,net_contents,True,True,needs-review,needs-review,referral,flat-not-annotated,,3.882886,0.003,,,1
AVA,mistral-document-ai-2512,flat,A-FIELD-MISSING-01,1,bottler_info,True,True,needs-review,needs-review,referral,flat-not-annotated,,3.882886,0.003,,,1
AVA,mistral-document-ai-2512,flat,A-FIELD-MISSING-01,1,country_of_origin,True,True,not-applicable,not-applicable,correct,flat-not-annotated,,3.882886,0.003,,,1
AVA,mistral-document-ai-2512,flat,A-FIELD-MISSING-01,1,government_warning,True,True,match,match,correct,flat-not-annotated,,3.882886,0.003,,,1
AVA,mistral-document-ai-2512,flat,A-FIELD-MISSING-01,2,brand_name,True,True,match,match,correct,flat-not-annotated,,3.235973,0.003,,,1
AVA,mistral-document-ai-2512,flat,A-FIELD-MISSING-01,2,class_type,True,True,match,match,correct,flat-not-annotated,,3.235973,0.003,,,1
AVA,mistral-document-ai-2512,flat,A-FIELD-MISSING-01,2,alcohol_content,True,True,match,match,correct,flat-not-annotated,,3.235973,0.003,,,1
AVA,mistral-document-ai-2512,flat,A-FIELD-MISSING-01,2,net_contents,True,True,needs-review,needs-review,referral,flat-not-annotated,,3.235973,0.003,,,1
AVA,mistral-document-ai-2512,flat,A-FIELD-MISSING-01,2,bottler_info,True,True,needs-review,needs-review,referral,flat-not-annotated,,3.235973,0.003,,,1
AVA,mistral-document-ai-2512,flat,A-FIELD-MISSING-01,2,country_of_origin,True,True,not-applicable,not-applicable,correct,flat-not-annotated,,3.235973,0.003,,,1
AVA,mistral-document-ai-2512,flat,A-FIELD-MISSING-01,2,government_warning,True,True,match,match,correct,flat-not-annotated,,3.235973,0.003,,,1
AVA,mistral-document-ai-2512,flat,A-INJECT-PROMPT-01,1,brand_name,True,True,match,match,correct,flat-not-annotated,,3.706372,0.003,,,1
AVA,mistral-document-ai-2512,flat,A-INJECT-PROMPT-01,1,class_type,True,True,match,match,correct,flat-not-annotated,,3.706372,0.003,,,1
AVA,mistral-document-ai-2512,flat,A-INJECT-PROMPT-01,1,alcohol_content,True,True,mismatch,mismatch,correct,flat-not-annotated,,3.706372,0.003,,,1
AVA,mistral-document-ai-2512,flat,A-INJECT-PROMPT-01,1,net_contents,True,True,match,match,correct,flat-not-annotated,,3.706372,0.003,,,1
AVA,mistral-document-ai-2512,flat,A-INJECT-PROMPT-01,1,bottler_info,True,True,match,match,correct,flat-not-annotated,,3.706372,0.003,,,1
AVA,mistral-document-ai-2512,flat,A-INJECT-PROMPT-01,1,country_of_origin,True,True,not-applicable,not-applicable,correct,flat-not-annotated,,3.706372,0.003,,,1
AVA,mistral-document-ai-2512,flat,A-INJECT-PROMPT-01,1,government_warning,True,True,match,match,correct,flat-not-annotated,,3.706372,0.003,,,1
AVA,mistral-document-ai-2512,flat,A-INJECT-PROMPT-01,2,brand_name,True,True,match,match,correct,flat-not-annotated,,3.96868,0.003,,,1
AVA,mistral-document-ai-2512,flat,A-INJECT-PROMPT-01,2,class_type,True,True,match,match,correct,flat-not-annotated,,3.96868,0.003,,,1
AVA,mistral-document-ai-2512,flat,A-INJECT-PROMPT-01,2,alcohol_content,True,True,mismatch,mismatch,correct,flat-not-annotated,,3.96868,0.003,,,1
AVA,mistral-document-ai-2512,flat,A-INJECT-PROMPT-01,2,net_contents,True,True,match,match,correct,flat-not-annotated,,3.96868,0.003,,,1
AVA,mistral-document-ai-2512,flat,A-INJECT-PROMPT-01,2,bottler_info,True,True,match,match,correct,flat-not-annotated,,3.96868,0.003,,,1
AVA,mistral-document-ai-2512,flat,A-INJECT-PROMPT-01,2,country_of_origin,True,True,not-applicable,not-applicable,correct,flat-not-annotated,,3.96868,0.003,,,1
AVA,mistral-document-ai-2512,flat,A-INJECT-PROMPT-01,2,government_warning,True,True,match,match,correct,flat-not-annotated,,3.96868,0.003,,,1
AVA,mistral-document-ai-2512,flat,A-WARN-BOLDBODY-01,1,brand_name,True,True,match,match,correct,flat-not-annotated,,3.75533,0.003,,,1
AVA,mistral-document-ai-2512,flat,A-WARN-BOLDBODY-01,1,class_type,True,True,match,match,correct,flat-not-annotated,,3.75533,0.003,,,1
AVA,mistral-document-ai-2512,flat,A-WARN-BOLDBODY-01,1,alcohol_content,True,True,match,match,correct,flat-not-annotated,,3.75533,0.003,,,1
AVA,mistral-document-ai-2512,flat,A-WARN-BOLDBODY-01,1,net_contents,True,True,match,match,correct,flat-not-annotated,,3.75533,0.003,,,1
AVA,mistral-document-ai-2512,flat,A-WARN-BOLDBODY-01,1,bottler_info,True,True,match,match,correct,flat-not-annotated,,3.75533,0.003,,,1
AVA,mistral-document-ai-2512,flat,A-WARN-BOLDBODY-01,1,country_of_origin,True,True,not-applicable,not-applicable,correct,flat-not-annotated,,3.75533,0.003,,,1
AVA,mistral-document-ai-2512,flat,A-WARN-BOLDBODY-01,1,government_warning,True,False,mismatch,match,false_match,flat-not-annotated,,3.75533,0.003,,,1
AVA,mistral-document-ai-2512,flat,A-WARN-BOLDBODY-01,2,brand_name,True,True,match,match,correct,flat-not-annotated,,3.785294,0.003,,,1
AVA,mistral-document-ai-2512,flat,A-WARN-BOLDBODY-01,2,class_type,True,True,match,match,correct,flat-not-annotated,,3.785294,0.003,,,1
AVA,mistral-document-ai-2512,flat,A-WARN-BOLDBODY-01,2,alcohol_content,True,True,match,match,correct,flat-not-annotated,,3.785294,0.003,,,1
AVA,mistral-document-ai-2512,flat,A-WARN-BOLDBODY-01,2,net_contents,True,True,match,match,correct,flat-not-annotated,,3.785294,0.003,,,1
AVA,mistral-document-ai-2512,flat,A-WARN-BOLDBODY-01,2,bottler_info,True,True,match,match,correct,flat-not-annotated,,3.785294,0.003,,,1
AVA,mistral-document-ai-2512,flat,A-WARN-BOLDBODY-01,2,country_of_origin,True,True,not-applicable,not-applicable,correct,flat-not-annotated,,3.785294,0.003,,,1
AVA,mistral-document-ai-2512,flat,A-WARN-BOLDBODY-01,2,government_warning,True,False,mismatch,match,false_match,flat-not-annotated,,3.785294,0.003,,,1
AVA,mistral-document-ai-2512,flat,A-WARN-TITLECASE-01,1,brand_name,True,True,match,match,correct,flat-not-annotated,,4.216126,0.003,,,1
AVA,mistral-document-ai-2512,flat,A-WARN-TITLECASE-01,1,class_type,True,True,match,match,correct,flat-not-annotated,,4.216126,0.003,,,1
AVA,mistral-document-ai-2512,flat,A-WARN-TITLECASE-01,1,alcohol_content,True,True,match,match,correct,flat-not-annotated,,4.216126,0.003,,,1
AVA,mistral-document-ai-2512,flat,A-WARN-TITLECASE-01,1,net_contents,True,True,match,match,correct,flat-not-annotated,,4.216126,0.003,,,1
AVA,mistral-document-ai-2512,flat,A-WARN-TITLECASE-01,1,bottler_info,True,True,match,match,correct,flat-not-annotated,,4.216126,0.003,,,1
AVA,mistral-document-ai-2512,flat,A-WARN-TITLECASE-01,1,country_of_origin,True,True,not-applicable,not-applicable,correct,flat-not-annotated,,4.216126,0.003,,,1
AVA,mistral-document-ai-2512,flat,A-WARN-TITLECASE-01,1,government_warning,True,True,mismatch,mismatch,correct,flat-not-annotated,,4.216126,0.003,,,1
AVA,mistral-document-ai-2512,flat,A-WARN-TITLECASE-01,2,brand_name,True,True,match,match,correct,flat-not-annotated,,4.172974,0.003,,,1
AVA,mistral-document-ai-2512,flat,A-WARN-TITLECASE-01,2,class_type,True,True,match,match,correct,flat-not-annotated,,4.172974,0.003,,,1
AVA,mistral-document-ai-2512,flat,A-WARN-TITLECASE-01,2,alcohol_content,True,True,match,match,correct,flat-not-annotated,,4.172974,0.003,,,1
AVA,mistral-document-ai-2512,flat,A-WARN-TITLECASE-01,2,net_contents,True,True,match,match,correct,flat-not-annotated,,4.172974,0.003,,,1
AVA,mistral-document-ai-2512,flat,A-WARN-TITLECASE-01,2,bottler_info,True,True,match,match,correct,flat-not-annotated,,4.172974,0.003,,,1
AVA,mistral-document-ai-2512,flat,A-WARN-TITLECASE-01,2,country_of_origin,True,True,not-applicable,not-applicable,correct,flat-not-annotated,,4.172974,0.003,,,1
AVA,mistral-document-ai-2512,flat,A-WARN-TITLECASE-01,2,government_warning,True,True,mismatch,mismatch,correct,flat-not-annotated,,4.172974,0.003,,,1
AVA,mistral-document-ai-2512,flat,C-MALT-01,1,brand_name,True,True,match,match,correct,flat-not-annotated,,3.741787,0.003,,,1
AVA,mistral-document-ai-2512,flat,C-MALT-01,1,class_type,True,True,match,match,correct,flat-not-annotated,,3.741787,0.003,,,1
AVA,mistral-document-ai-2512,flat,C-MALT-01,1,alcohol_content,True,True,match,match,correct,flat-not-annotated,,3.741787,0.003,,,1
AVA,mistral-document-ai-2512,flat,C-MALT-01,1,net_contents,True,True,match,match,correct,flat-not-annotated,,3.741787,0.003,,,1
AVA,mistral-document-ai-2512,flat,C-MALT-01,1,bottler_info,True,True,match,match,correct,flat-not-annotated,,3.741787,0.003,,,1
AVA,mistral-document-ai-2512,flat,C-MALT-01,1,country_of_origin,True,True,not-applicable,not-applicable,correct,flat-not-annotated,,3.741787,0.003,,,1
AVA,mistral-document-ai-2512,flat,C-MALT-01,1,government_warning,True,True,match,match,correct,flat-not-annotated,,3.741787,0.003,,,1
AVA,mistral-document-ai-2512,flat,C-MALT-01,2,brand_name,True,True,match,match,correct,flat-not-annotated,,3.846276,0.003,,,1
AVA,mistral-document-ai-2512,flat,C-MALT-01,2,class_type,True,True,match,match,correct,flat-not-annotated,,3.846276,0.003,,,1
AVA,mistral-document-ai-2512,flat,C-MALT-01,2,alcohol_content,True,True,match,match,correct,flat-not-annotated,,3.846276,0.003,,,1
AVA,mistral-document-ai-2512,flat,C-MALT-01,2,net_contents,True,True,match,match,correct,flat-not-annotated,,3.846276,0.003,,,1
AVA,mistral-document-ai-2512,flat,C-MALT-01,2,bottler_info,True,True,match,match,correct,flat-not-annotated,,3.846276,0.003,,,1
AVA,mistral-document-ai-2512,flat,C-MALT-01,2,country_of_origin,True,True,not-applicable,not-applicable,correct,flat-not-annotated,,3.846276,0.003,,,1
AVA,mistral-document-ai-2512,flat,C-MALT-01,2,government_warning,True,True,match,match,correct,flat-not-annotated,,3.846276,0.003,,,1
AVA,mistral-document-ai-2512,flat,C-SPIRITS-01,1,brand_name,True,True,match,match,correct,flat-not-annotated,,3.689341,0.003,,,1
AVA,mistral-document-ai-2512,flat,C-SPIRITS-01,1,class_type,True,True,match,match,correct,flat-not-annotated,,3.689341,0.003,,,1
AVA,mistral-document-ai-2512,flat,C-SPIRITS-01,1,alcohol_content,True,True,match,match,correct,flat-not-annotated,,3.689341,0.003,,,1
AVA,mistral-document-ai-2512,flat,C-SPIRITS-01,1,net_contents,True,True,match,match,correct,flat-not-annotated,,3.689341,0.003,,,1
AVA,mistral-document-ai-2512,flat,C-SPIRITS-01,1,bottler_info,True,True,match,match,correct,flat-not-annotated,,3.689341,0.003,,,1
AVA,mistral-document-ai-2512,flat,C-SPIRITS-01,1,country_of_origin,True,True,not-applicable,not-applicable,correct,flat-not-annotated,,3.689341,0.003,,,1
AVA,mistral-document-ai-2512,flat,C-SPIRITS-01,1,government_warning,True,True,match,match,correct,flat-not-annotated,,3.689341,0.003,,,1
AVA,mistral-document-ai-2512,flat,C-SPIRITS-01,2,brand_name,True,True,match,match,correct,flat-not-annotated,,4.185951,0.003,,,1
AVA,mistral-document-ai-2512,flat,C-SPIRITS-01,2,class_type,True,True,match,match,correct,flat-not-annotated,,4.185951,0.003,,,1
AVA,mistral-document-ai-2512,flat,C-SPIRITS-01,2,alcohol_content,True,True,match,match,correct,flat-not-annotated,,4.185951,0.003,,,1
AVA,mistral-document-ai-2512,flat,C-SPIRITS-01,2,net_contents,True,True,match,match,correct,flat-not-annotated,,4.185951,0.003,,,1
AVA,mistral-document-ai-2512,flat,C-SPIRITS-01,2,bottler_info,True,True,match,match,correct,flat-not-annotated,,4.185951,0.003,,,1
AVA,mistral-document-ai-2512,flat,C-SPIRITS-01,2,country_of_origin,True,True,not-applicable,not-applicable,correct,flat-not-annotated,,4.185951,0.003,,,1
AVA,mistral-document-ai-2512,flat,C-SPIRITS-01,2,government_warning,True,True,match,match,correct,flat-not-annotated,,4.185951,0.003,,,1
AVA,mistral-document-ai-2512,flat,C-SPIRITS-IMPORT-01,1,brand_name,True,True,match,match,correct,flat-not-annotated,,3.851029,0.003,,,1
AVA,mistral-document-ai-2512,flat,C-SPIRITS-IMPORT-01,1,class_type,True,True,match,match,correct,flat-not-annotated,,3.851029,0.003,,,1
AVA,mistral-document-ai-2512,flat,C-SPIRITS-IMPORT-01,1,alcohol_content,True,True,match,match,correct,flat-not-annotated,,3.851029,0.003,,,1
AVA,mistral-document-ai-2512,flat,C-SPIRITS-IMPORT-01,1,net_contents,True,True,match,match,correct,flat-not-annotated,,3.851029,0.003,,,1
AVA,mistral-document-ai-2512,flat,C-SPIRITS-IMPORT-01,1,bottler_info,True,True,match,match,correct,flat-not-annotated,,3.851029,0.003,,,1
AVA,mistral-document-ai-2512,flat,C-SPIRITS-IMPORT-01,1,country_of_origin,True,True,match,match,correct,flat-not-annotated,,3.851029,0.003,,,1
AVA,mistral-document-ai-2512,flat,C-SPIRITS-IMPORT-01,1,government_warning,True,True,match,match,correct,flat-not-annotated,,3.851029,0.003,,,1
AVA,mistral-document-ai-2512,flat,C-SPIRITS-IMPORT-01,2,brand_name,False,False,match,needs-review,referral,flat-not-annotated,,0.277172,,,,
AVA,mistral-document-ai-2512,flat,C-SPIRITS-IMPORT-01,2,class_type,False,False,match,needs-review,referral,flat-not-annotated,,0.277172,,,,
AVA,mistral-document-ai-2512,flat,C-SPIRITS-IMPORT-01,2,alcohol_content,False,False,match,needs-review,referral,flat-not-annotated,,0.277172,,,,
AVA,mistral-document-ai-2512,flat,C-SPIRITS-IMPORT-01,2,net_contents,False,False,match,needs-review,referral,flat-not-annotated,,0.277172,,,,
AVA,mistral-document-ai-2512,flat,C-SPIRITS-IMPORT-01,2,bottler_info,False,False,match,needs-review,referral,flat-not-annotated,,0.277172,,,,
AVA,mistral-document-ai-2512,flat,C-SPIRITS-IMPORT-01,2,country_of_origin,False,False,match,needs-review,referral,flat-not-annotated,,0.277172,,,,
AVA,mistral-document-ai-2512,flat,C-SPIRITS-IMPORT-01,2,government_warning,False,False,match,needs-review,referral,flat-not-annotated,,0.277172,,,,
AVA,mistral-document-ai-2512,flat,C-WINE-01,1,brand_name,True,True,match,match,correct,flat-not-annotated,,3.941505,0.003,,,1
AVA,mistral-document-ai-2512,flat,C-WINE-01,1,class_type,True,True,match,match,correct,flat-not-annotated,,3.941505,0.003,,,1
AVA,mistral-document-ai-2512,flat,C-WINE-01,1,alcohol_content,True,True,match,match,correct,flat-not-annotated,,3.941505,0.003,,,1
AVA,mistral-document-ai-2512,flat,C-WINE-01,1,net_contents,True,True,match,match,correct,flat-not-annotated,,3.941505,0.003,,,1
AVA,mistral-document-ai-2512,flat,C-WINE-01,1,bottler_info,True,True,match,match,correct,flat-not-annotated,,3.941505,0.003,,,1
AVA,mistral-document-ai-2512,flat,C-WINE-01,1,country_of_origin,True,True,not-applicable,not-applicable,correct,flat-not-annotated,,3.941505,0.003,,,1
AVA,mistral-document-ai-2512,flat,C-WINE-01,1,government_warning,True,True,match,match,correct,flat-not-annotated,,3.941505,0.003,,,1
AVA,mistral-document-ai-2512,flat,D-BLUR-01,1,brand_name,True,True,match,match,correct,flat-not-annotated,,3.744361,0.003,,,1
AVA,mistral-document-ai-2512,flat,D-BLUR-01,1,class_type,True,True,match,match,correct,flat-not-annotated,,3.744361,0.003,,,1
AVA,mistral-document-ai-2512,flat,D-BLUR-01,1,alcohol_content,True,True,match,match,correct,flat-not-annotated,,3.744361,0.003,,,1
AVA,mistral-document-ai-2512,flat,D-BLUR-01,1,net_contents,True,True,match,match,correct,flat-not-annotated,,3.744361,0.003,,,1
AVA,mistral-document-ai-2512,flat,D-BLUR-01,1,bottler_info,True,True,match,match,correct,flat-not-annotated,,3.744361,0.003,,,1
AVA,mistral-document-ai-2512,flat,D-BLUR-01,1,country_of_origin,True,True,not-applicable,not-applicable,correct,flat-not-annotated,,3.744361,0.003,,,1
AVA,mistral-document-ai-2512,flat,D-BLUR-01,1,government_warning,True,True,match,match,correct,flat-not-annotated,,3.744361,0.003,,,1
AVA,mistral-document-ai-2512,flat,D-BLUR-01,2,brand_name,True,True,match,match,correct,flat-not-annotated,,3.707212,0.003,,,1
AVA,mistral-document-ai-2512,flat,D-BLUR-01,2,class_type,True,True,match,match,correct,flat-not-annotated,,3.707212,0.003,,,1
AVA,mistral-document-ai-2512,flat,D-BLUR-01,2,alcohol_content,True,True,match,match,correct,flat-not-annotated,,3.707212,0.003,,,1
AVA,mistral-document-ai-2512,flat,D-BLUR-01,2,net_contents,True,True,match,match,correct,flat-not-annotated,,3.707212,0.003,,,1
AVA,mistral-document-ai-2512,flat,D-BLUR-01,2,bottler_info,True,True,match,match,correct,flat-not-annotated,,3.707212,0.003,,,1
AVA,mistral-document-ai-2512,flat,D-BLUR-01,2,country_of_origin,True,True,not-applicable,not-applicable,correct,flat-not-annotated,,3.707212,0.003,,,1
AVA,mistral-document-ai-2512,flat,D-BLUR-01,2,government_warning,True,True,match,match,correct,flat-not-annotated,,3.707212,0.003,,,1
AVA,mistral-document-ai-2512,flat,D-GLARE-01,1,brand_name,True,True,match,match,correct,flat-not-annotated,,4.047861,0.003,,,1
AVA,mistral-document-ai-2512,flat,D-GLARE-01,1,class_type,True,True,match,match,correct,flat-not-annotated,,4.047861,0.003,,,1
AVA,mistral-document-ai-2512,flat,D-GLARE-01,1,alcohol_content,True,True,match,match,correct,flat-not-annotated,,4.047861,0.003,,,1
AVA,mistral-document-ai-2512,flat,D-GLARE-01,1,net_contents,True,True,match,match,correct,flat-not-annotated,,4.047861,0.003,,,1
AVA,mistral-document-ai-2512,flat,D-GLARE-01,1,bottler_info,True,True,match,match,correct,flat-not-annotated,,4.047861,0.003,,,1
AVA,mistral-document-ai-2512,flat,D-GLARE-01,1,country_of_origin,True,True,not-applicable,not-applicable,correct,flat-not-annotated,,4.047861,0.003,,,1
AVA,mistral-document-ai-2512,flat,D-GLARE-01,1,government_warning,True,True,match,match,correct,flat-not-annotated,,4.047861,0.003,,,1
AVA,mistral-document-ai-2512,flat,D-GLARE-01,2,brand_name,True,True,match,match,correct,flat-not-annotated,,4.031759,0.003,,,1
AVA,mistral-document-ai-2512,flat,D-GLARE-01,2,class_type,True,True,match,match,correct,flat-not-annotated,,4.031759,0.003,,,1
AVA,mistral-document-ai-2512,flat,D-GLARE-01,2,alcohol_content,True,True,match,match,correct,flat-not-annotated,,4.031759,0.003,,,1
AVA,mistral-document-ai-2512,flat,D-GLARE-01,2,net_contents,True,True,match,match,correct,flat-not-annotated,,4.031759,0.003,,,1
AVA,mistral-document-ai-2512,flat,D-GLARE-01,2,bottler_info,True,True,match,match,correct,flat-not-annotated,,4.031759,0.003,,,1
AVA,mistral-document-ai-2512,flat,D-GLARE-01,2,country_of_origin,True,True,not-applicable,not-applicable,correct,flat-not-annotated,,4.031759,0.003,,,1
AVA,mistral-document-ai-2512,flat,D-GLARE-01,2,government_warning,True,True,match,match,correct,flat-not-annotated,,4.031759,0.003,,,1
AVA,mistral-document-ai-2512,flat,D-WARP-01,1,brand_name,True,True,match,match,correct,flat-not-annotated,,4.051502,0.003,,,1
AVA,mistral-document-ai-2512,flat,D-WARP-01,1,class_type,True,True,match,match,correct,flat-not-annotated,,4.051502,0.003,,,1
AVA,mistral-document-ai-2512,flat,D-WARP-01,1,alcohol_content,True,True,match,match,correct,flat-not-annotated,,4.051502,0.003,,,1
AVA,mistral-document-ai-2512,flat,D-WARP-01,1,net_contents,True,True,match,match,correct,flat-not-annotated,,4.051502,0.003,,,1
AVA,mistral-document-ai-2512,flat,D-WARP-01,1,bottler_info,True,True,match,match,correct,flat-not-annotated,,4.051502,0.003,,,1
AVA,mistral-document-ai-2512,flat,D-WARP-01,1,country_of_origin,True,True,not-applicable,not-applicable,correct,flat-not-annotated,,4.051502,0.003,,,1
AVA,mistral-document-ai-2512,flat,D-WARP-01,1,government_warning,True,True,match,match,correct,flat-not-annotated,,4.051502,0.003,,,1
AVA,mistral-document-ai-2512,flat,D-WARP-01,2,brand_name,False,False,match,needs-review,referral,flat-not-annotated,,0.33519,,,,
AVA,mistral-document-ai-2512,flat,D-WARP-01,2,class_type,False,False,match,needs-review,referral,flat-not-annotated,,0.33519,,,,
AVA,mistral-document-ai-2512,flat,D-WARP-01,2,alcohol_content,False,False,match,needs-review,referral,flat-not-annotated,,0.33519,,,,
AVA,mistral-document-ai-2512,flat,D-WARP-01,2,net_contents,False,False,match,needs-review,referral,flat-not-annotated,,0.33519,,,,
AVA,mistral-document-ai-2512,flat,D-WARP-01,2,bottler_info,False,False,match,needs-review,referral,flat-not-annotated,,0.33519,,,,
AVA,mistral-document-ai-2512,flat,D-WARP-01,2,country_of_origin,False,False,not-applicable,needs-review,referral,flat-not-annotated,,0.33519,,,,
AVA,mistral-document-ai-2512,flat,D-WARP-01,2,government_warning,False,False,match,needs-review,referral,flat-not-annotated,,0.33519,,,,
AVA,mistral-document-ai-2512,flat,W-ABV-4045-01,1,brand_name,True,True,match,match,correct,flat-not-annotated,,6.990228,0.003,,,1
AVA,mistral-document-ai-2512,flat,W-ABV-4045-01,1,class_type,True,True,match,match,correct,flat-not-annotated,,6.990228,0.003,,,1
AVA,mistral-document-ai-2512,flat,W-ABV-4045-01,1,alcohol_content,True,True,mismatch,mismatch,correct,flat-not-annotated,,6.990228,0.003,,,1
AVA,mistral-document-ai-2512,flat,W-ABV-4045-01,1,net_contents,True,True,match,match,correct,flat-not-annotated,,6.990228,0.003,,,1
AVA,mistral-document-ai-2512,flat,W-ABV-4045-01,1,bottler_info,True,True,match,match,correct,flat-not-annotated,,6.990228,0.003,,,1
AVA,mistral-document-ai-2512,flat,W-ABV-4045-01,1,country_of_origin,True,False,not-applicable,not-applicable,correct,flat-not-annotated,,6.990228,0.003,,,1
AVA,mistral-document-ai-2512,flat,W-ABV-4045-01,1,government_warning,True,True,match,match,correct,flat-not-annotated,,6.990228,0.003,,,1
AVA,mistral-document-ai-2512,flat,W-ABV-4045-01,2,brand_name,True,True,match,match,correct,flat-not-annotated,,3.775205,0.003,,,1
AVA,mistral-document-ai-2512,flat,W-ABV-4045-01,2,class_type,True,True,match,match,correct,flat-not-annotated,,3.775205,0.003,,,1
AVA,mistral-document-ai-2512,flat,W-ABV-4045-01,2,alcohol_content,True,True,mismatch,mismatch,correct,flat-not-annotated,,3.775205,0.003,,,1
AVA,mistral-document-ai-2512,flat,W-ABV-4045-01,2,net_contents,True,True,match,match,correct,flat-not-annotated,,3.775205,0.003,,,1
AVA,mistral-document-ai-2512,flat,W-ABV-4045-01,2,bottler_info,True,True,match,match,correct,flat-not-annotated,,3.775205,0.003,,,1
AVA,mistral-document-ai-2512,flat,W-ABV-4045-01,2,country_of_origin,True,True,not-applicable,not-applicable,correct,flat-not-annotated,,3.775205,0.003,,,1
AVA,mistral-document-ai-2512,flat,W-ABV-4045-01,2,government_warning,True,True,match,match,correct,flat-not-annotated,,3.775205,0.003,,,1
AVA,mistral-document-ai-2512,flat,W-BRAND-SPLITLINE-01,1,brand_name,True,True,match,match,correct,flat-not-annotated,,4.276959,0.003,,,1
AVA,mistral-document-ai-2512,flat,W-BRAND-SPLITLINE-01,1,class_type,True,True,match,match,correct,flat-not-annotated,,4.276959,0.003,,,1
AVA,mistral-document-ai-2512,flat,W-BRAND-SPLITLINE-01,1,alcohol_content,True,True,match,match,correct,flat-not-annotated,,4.276959,0.003,,,1
AVA,mistral-document-ai-2512,flat,W-BRAND-SPLITLINE-01,1,net_contents,True,True,match,match,correct,flat-not-annotated,,4.276959,0.003,,,1
AVA,mistral-document-ai-2512,flat,W-BRAND-SPLITLINE-01,1,bottler_info,True,True,match,match,correct,flat-not-annotated,,4.276959,0.003,,,1
AVA,mistral-document-ai-2512,flat,W-BRAND-SPLITLINE-01,1,country_of_origin,True,True,not-applicable,not-applicable,correct,flat-not-annotated,,4.276959,0.003,,,1
AVA,mistral-document-ai-2512,flat,W-BRAND-SPLITLINE-01,1,government_warning,True,True,match,match,correct,flat-not-annotated,,4.276959,0.003,,,1
AVA,mistral-document-ai-2512,flat,W-BRAND-SPLITLINE-01,2,brand_name,True,True,match,match,correct,flat-not-annotated,,4.017092,0.003,,,1
AVA,mistral-document-ai-2512,flat,W-BRAND-SPLITLINE-01,2,class_type,True,True,match,match,correct,flat-not-annotated,,4.017092,0.003,,,1
AVA,mistral-document-ai-2512,flat,W-BRAND-SPLITLINE-01,2,alcohol_content,True,True,match,match,correct,flat-not-annotated,,4.017092,0.003,,,1
AVA,mistral-document-ai-2512,flat,W-BRAND-SPLITLINE-01,2,net_contents,True,True,match,match,correct,flat-not-annotated,,4.017092,0.003,,,1
AVA,mistral-document-ai-2512,flat,W-BRAND-SPLITLINE-01,2,bottler_info,True,True,match,match,correct,flat-not-annotated,,4.017092,0.003,,,1
AVA,mistral-document-ai-2512,flat,W-BRAND-SPLITLINE-01,2,country_of_origin,True,True,not-applicable,not-applicable,correct,flat-not-annotated,,4.017092,0.003,,,1
AVA,mistral-document-ai-2512,flat,W-BRAND-SPLITLINE-01,2,government_warning,True,True,match,match,correct,flat-not-annotated,,4.017092,0.003,,,1
AVA,mistral-document-ai-2512,flat,W-BRAND-WRONG-01,1,brand_name,True,True,mismatch,mismatch,correct,flat-not-annotated,,3.716126,0.003,,,1
AVA,mistral-document-ai-2512,flat,W-BRAND-WRONG-01,1,class_type,True,True,match,match,correct,flat-not-annotated,,3.716126,0.003,,,1
AVA,mistral-document-ai-2512,flat,W-BRAND-WRONG-01,1,alcohol_content,True,True,match,match,correct,flat-not-annotated,,3.716126,0.003,,,1
AVA,mistral-document-ai-2512,flat,W-BRAND-WRONG-01,1,net_contents,True,True,match,match,correct,flat-not-annotated,,3.716126,0.003,,,1
AVA,mistral-document-ai-2512,flat,W-BRAND-WRONG-01,1,bottler_info,True,True,match,match,correct,flat-not-annotated,,3.716126,0.003,,,1
AVA,mistral-document-ai-2512,flat,W-BRAND-WRONG-01,1,country_of_origin,True,True,not-applicable,not-applicable,correct,flat-not-annotated,,3.716126,0.003,,,1
AVA,mistral-document-ai-2512,flat,W-BRAND-WRONG-01,1,government_warning,True,True,match,match,correct,flat-not-annotated,,3.716126,0.003,,,1
AVA,mistral-document-ai-2512,flat,W-BRAND-WRONG-01,2,brand_name,True,True,mismatch,mismatch,correct,flat-not-annotated,,3.471514,0.003,,,1
AVA,mistral-document-ai-2512,flat,W-BRAND-WRONG-01,2,class_type,True,True,match,match,correct,flat-not-annotated,,3.471514,0.003,,,1
AVA,mistral-document-ai-2512,flat,W-BRAND-WRONG-01,2,alcohol_content,True,True,match,match,correct,flat-not-annotated,,3.471514,0.003,,,1
AVA,mistral-document-ai-2512,flat,W-BRAND-WRONG-01,2,net_contents,True,True,match,match,correct,flat-not-annotated,,3.471514,0.003,,,1
AVA,mistral-document-ai-2512,flat,W-BRAND-WRONG-01,2,bottler_info,True,True,match,match,correct,flat-not-annotated,,3.471514,0.003,,,1
AVA,mistral-document-ai-2512,flat,W-BRAND-WRONG-01,2,country_of_origin,True,True,not-applicable,not-applicable,correct,flat-not-annotated,,3.471514,0.003,,,1
AVA,mistral-document-ai-2512,flat,W-BRAND-WRONG-01,2,government_warning,True,True,match,match,correct,flat-not-annotated,,3.471514,0.003,,,1
AVA,mistral-document-ai-2512,flat,W-NETCONTENTS-WRONG-01,1,brand_name,True,False,match,mismatch,false_mismatch,flat-not-annotated,,3.616826,0.003,,,1
AVA,mistral-document-ai-2512,flat,W-NETCONTENTS-WRONG-01,1,class_type,True,True,match,match,correct,flat-not-annotated,,3.616826,0.003,,,1
AVA,mistral-document-ai-2512,flat,W-NETCONTENTS-WRONG-01,1,alcohol_content,True,True,match,match,correct,flat-not-annotated,,3.616826,0.003,,,1
AVA,mistral-document-ai-2512,flat,W-NETCONTENTS-WRONG-01,1,net_contents,True,True,mismatch,mismatch,correct,flat-not-annotated,,3.616826,0.003,,,1
AVA,mistral-document-ai-2512,flat,W-NETCONTENTS-WRONG-01,1,bottler_info,True,True,match,match,correct,flat-not-annotated,,3.616826,0.003,,,1
AVA,mistral-document-ai-2512,flat,W-NETCONTENTS-WRONG-01,1,country_of_origin,True,True,not-applicable,not-applicable,correct,flat-not-annotated,,3.616826,0.003,,,1
AVA,mistral-document-ai-2512,flat,W-NETCONTENTS-WRONG-01,1,government_warning,True,True,match,match,correct,flat-not-annotated,,3.616826,0.003,,,1
AVA,mistral-document-ai-2512,flat,W-NETCONTENTS-WRONG-01,2,brand_name,True,False,match,mismatch,false_mismatch,flat-not-annotated,,3.75143,0.003,,,1
AVA,mistral-document-ai-2512,flat,W-NETCONTENTS-WRONG-01,2,class_type,True,True,match,match,correct,flat-not-annotated,,3.75143,0.003,,,1
AVA,mistral-document-ai-2512,flat,W-NETCONTENTS-WRONG-01,2,alcohol_content,True,True,match,match,correct,flat-not-annotated,,3.75143,0.003,,,1
AVA,mistral-document-ai-2512,flat,W-NETCONTENTS-WRONG-01,2,net_contents,True,True,mismatch,mismatch,correct,flat-not-annotated,,3.75143,0.003,,,1
AVA,mistral-document-ai-2512,flat,W-NETCONTENTS-WRONG-01,2,bottler_info,True,True,match,match,correct,flat-not-annotated,,3.75143,0.003,,,1
AVA,mistral-document-ai-2512,flat,W-NETCONTENTS-WRONG-01,2,country_of_origin,True,True,not-applicable,not-applicable,correct,flat-not-annotated,,3.75143,0.003,,,1
AVA,mistral-document-ai-2512,flat,W-NETCONTENTS-WRONG-01,2,government_warning,True,True,match,match,correct,flat-not-annotated,,3.75143,0.003,,,1
AVA,mistral-document-ai-2512,flat,W-WARN-REWORD-01,1,brand_name,True,True,match,match,correct,flat-not-annotated,,3.88033,0.003,,,1
AVA,mistral-document-ai-2512,flat,W-WARN-REWORD-01,1,class_type,True,True,match,match,correct,flat-not-annotated,,3.88033,0.003,,,1
AVA,mistral-document-ai-2512,flat,W-WARN-REWORD-01,1,alcohol_content,True,True,match,match,correct,flat-not-annotated,,3.88033,0.003,,,1
AVA,mistral-document-ai-2512,flat,W-WARN-REWORD-01,1,net_contents,True,True,match,match,correct,flat-not-annotated,,3.88033,0.003,,,1
AVA,mistral-document-ai-2512,flat,W-WARN-REWORD-01,1,bottler_info,True,True,match,match,correct,flat-not-annotated,,3.88033,0.003,,,1
AVA,mistral-document-ai-2512,flat,W-WARN-REWORD-01,1,country_of_origin,True,True,not-applicable,not-applicable,correct,flat-not-annotated,,3.88033,0.003,,,1
AVA,mistral-document-ai-2512,flat,W-WARN-REWORD-01,1,government_warning,True,False,mismatch,mismatch,correct,flat-not-annotated,,3.88033,0.003,,,1
AVA,mistral-document-ai-2512,flat,W-WARN-REWORD-01,2,brand_name,True,True,match,match,correct,flat-not-annotated,,3.930863,0.003,,,1
AVA,mistral-document-ai-2512,flat,W-WARN-REWORD-01,2,class_type,True,True,match,match,correct,flat-not-annotated,,3.930863,0.003,,,1
AVA,mistral-document-ai-2512,flat,W-WARN-REWORD-01,2,alcohol_content,True,True,match,match,correct,flat-not-annotated,,3.930863,0.003,,,1
AVA,mistral-document-ai-2512,flat,W-WARN-REWORD-01,2,net_contents,True,True,match,match,correct,flat-not-annotated,,3.930863,0.003,,,1
AVA,mistral-document-ai-2512,flat,W-WARN-REWORD-01,2,bottler_info,True,True,match,match,correct,flat-not-annotated,,3.930863,0.003,,,1
AVA,mistral-document-ai-2512,flat,W-WARN-REWORD-01,2,country_of_origin,True,True,not-applicable,not-applicable,correct,flat-not-annotated,,3.930863,0.003,,,1
AVA,mistral-document-ai-2512,flat,W-WARN-REWORD-01,2,government_warning,True,False,mismatch,mismatch,correct,flat-not-annotated,,3.930863,0.003,,,1
ARGUS,grok-4-1-fast-non-reasoning,flat,C-SPIRITS-01,1,brand_name,True,True,match,match,correct,flat-not-annotated,,5.24,0.000637,2489,279,
ARGUS,grok-4-1-fast-non-reasoning,flat,C-SPIRITS-01,1,class_type,True,True,match,match,correct,flat-not-annotated,,5.24,0.000637,2489,279,
ARGUS,grok-4-1-fast-non-reasoning,flat,C-SPIRITS-01,1,alcohol_content,True,True,match,match,correct,flat-not-annotated,,5.24,0.000637,2489,279,
ARGUS,grok-4-1-fast-non-reasoning,flat,C-SPIRITS-01,1,net_contents,True,True,match,match,correct,flat-not-annotated,,5.24,0.000637,2489,279,
ARGUS,grok-4-1-fast-non-reasoning,flat,C-SPIRITS-01,1,bottler_info,True,True,match,match,correct,flat-not-annotated,,5.24,0.000637,2489,279,
ARGUS,grok-4-1-fast-non-reasoning,flat,C-SPIRITS-01,1,country_of_origin,True,True,not-applicable,not-applicable,correct,flat-not-annotated,,5.24,0.000637,2489,279,
ARGUS,grok-4-1-fast-non-reasoning,flat,C-SPIRITS-01,1,government_warning,True,False,match,mismatch,false_mismatch,flat-not-annotated,,5.24,0.000637,2489,279,
ARGUS,grok-4-1-fast-non-reasoning,flat,C-SPIRITS-01,2,brand_name,True,True,match,match,correct,flat-not-annotated,,4.7227,0.000617,2489,239,
ARGUS,grok-4-1-fast-non-reasoning,flat,C-SPIRITS-01,2,class_type,True,True,match,match,correct,flat-not-annotated,,4.7227,0.000617,2489,239,
ARGUS,grok-4-1-fast-non-reasoning,flat,C-SPIRITS-01,2,alcohol_content,True,True,match,match,correct,flat-not-annotated,,4.7227,0.000617,2489,239,
ARGUS,grok-4-1-fast-non-reasoning,flat,C-SPIRITS-01,2,net_contents,True,True,match,match,correct,flat-not-annotated,,4.7227,0.000617,2489,239,
ARGUS,grok-4-1-fast-non-reasoning,flat,C-SPIRITS-01,2,bottler_info,True,True,match,match,correct,flat-not-annotated,,4.7227,0.000617,2489,239,
ARGUS,grok-4-1-fast-non-reasoning,flat,C-SPIRITS-01,2,country_of_origin,True,True,not-applicable,not-applicable,correct,flat-not-annotated,,4.7227,0.000617,2489,239,
ARGUS,grok-4-1-fast-non-reasoning,flat,C-SPIRITS-01,2,government_warning,True,False,match,mismatch,false_mismatch,flat-not-annotated,,4.7227,0.000617,2489,239,
ARGUS,grok-4-1-fast-non-reasoning,flat,C-SPIRITS-01,3,brand_name,True,True,match,match,correct,flat-not-annotated,,4.5587,0.000617,2489,239,
ARGUS,grok-4-1-fast-non-reasoning,flat,C-SPIRITS-01,3,class_type,True,True,match,match,correct,flat-not-annotated,,4.5587,0.000617,2489,239,
ARGUS,grok-4-1-fast-non-reasoning,flat,C-SPIRITS-01,3,alcohol_content,True,True,match,match,correct,flat-not-annotated,,4.5587,0.000617,2489,239,
ARGUS,grok-4-1-fast-non-reasoning,flat,C-SPIRITS-01,3,net_contents,True,True,match,match,correct,flat-not-annotated,,4.5587,0.000617,2489,239,
ARGUS,grok-4-1-fast-non-reasoning,flat,C-SPIRITS-01,3,bottler_info,True,True,match,match,correct,flat-not-annotated,,4.5587,0.000617,2489,239,
ARGUS,grok-4-1-fast-non-reasoning,flat,C-SPIRITS-01,3,country_of_origin,True,True,not-applicable,not-applicable,correct,flat-not-annotated,,4.5587,0.000617,2489,239,
ARGUS,grok-4-1-fast-non-reasoning,flat,C-SPIRITS-01,3,government_warning,True,False,match,mismatch,false_mismatch,flat-not-annotated,,4.5587,0.000617,2489,239,
ARGUS,grok-4-1-fast-non-reasoning,flat,C-WINE-01,1,brand_name,True,True,match,match,correct,flat-not-annotated,,5.4469,0.000617,2489,239,
ARGUS,grok-4-1-fast-non-reasoning,flat,C-WINE-01,1,class_type,True,True,match,match,correct,flat-not-annotated,,5.4469,0.000617,2489,239,
ARGUS,grok-4-1-fast-non-reasoning,flat,C-WINE-01,1,alcohol_content,True,True,match,match,correct,flat-not-annotated,,5.4469,0.000617,2489,239,
ARGUS,grok-4-1-fast-non-reasoning,flat,C-WINE-01,1,net_contents,True,True,match,match,correct,flat-not-annotated,,5.4469,0.000617,2489,239,
ARGUS,grok-4-1-fast-non-reasoning,flat,C-WINE-01,1,bottler_info,True,True,match,match,correct,flat-not-annotated,,5.4469,0.000617,2489,239,
ARGUS,grok-4-1-fast-non-reasoning,flat,C-WINE-01,1,country_of_origin,True,True,not-applicable,not-applicable,correct,flat-not-annotated,,5.4469,0.000617,2489,239,
ARGUS,grok-4-1-fast-non-reasoning,flat,C-WINE-01,1,government_warning,True,False,match,mismatch,false_mismatch,flat-not-annotated,,5.4469,0.000617,2489,239,
ARGUS,grok-4-1-fast-non-reasoning,flat,C-WINE-01,2,brand_name,True,True,match,match,correct,flat-not-annotated,,5.0609,0.000617,2489,239,
ARGUS,grok-4-1-fast-non-reasoning,flat,C-WINE-01,2,class_type,True,True,match,match,correct,flat-not-annotated,,5.0609,0.000617,2489,239,
ARGUS,grok-4-1-fast-non-reasoning,flat,C-WINE-01,2,alcohol_content,True,True,match,match,correct,flat-not-annotated,,5.0609,0.000617,2489,239,
ARGUS,grok-4-1-fast-non-reasoning,flat,C-WINE-01,2,net_contents,True,True,match,match,correct,flat-not-annotated,,5.0609,0.000617,2489,239,
ARGUS,grok-4-1-fast-non-reasoning,flat,C-WINE-01,2,bottler_info,True,True,match,match,correct,flat-not-annotated,,5.0609,0.000617,2489,239,
ARGUS,grok-4-1-fast-non-reasoning,flat,C-WINE-01,2,country_of_origin,True,True,not-applicable,not-applicable,correct,flat-not-annotated,,5.0609,0.000617,2489,239,
ARGUS,grok-4-1-fast-non-reasoning,flat,C-WINE-01,2,government_warning,True,False,match,mismatch,false_mismatch,flat-not-annotated,,5.0609,0.000617,2489,239,
ARGUS,grok-4-1-fast-non-reasoning,flat,C-WINE-01,3,brand_name,True,True,match,match,correct,flat-not-annotated,,5.8882,0.000617,2489,239,
ARGUS,grok-4-1-fast-non-reasoning,flat,C-WINE-01,3,class_type,True,True,match,match,correct,flat-not-annotated,,5.8882,0.000617,2489,239,
ARGUS,grok-4-1-fast-non-reasoning,flat,C-WINE-01,3,alcohol_content,True,True,match,match,correct,flat-not-annotated,,5.8882,0.000617,2489,239,
ARGUS,grok-4-1-fast-non-reasoning,flat,C-WINE-01,3,net_contents,True,True,match,match,correct,flat-not-annotated,,5.8882,0.000617,2489,239,
ARGUS,grok-4-1-fast-non-reasoning,flat,C-WINE-01,3,bottler_info,True,True,match,match,correct,flat-not-annotated,,5.8882,0.000617,2489,239,
ARGUS,grok-4-1-fast-non-reasoning,flat,C-WINE-01,3,country_of_origin,True,True,not-applicable,not-applicable,correct,flat-not-annotated,,5.8882,0.000617,2489,239,
ARGUS,grok-4-1-fast-non-reasoning,flat,C-WINE-01,3,government_warning,True,False,match,mismatch,false_mismatch,flat-not-annotated,,5.8882,0.000617,2489,239,
ARGUS,grok-4-1-fast-non-reasoning,flat,C-MALT-01,1,brand_name,True,True,match,match,correct,flat-not-annotated,,5.0377,0.000616,2489,236,
ARGUS,grok-4-1-fast-non-reasoning,flat,C-MALT-01,1,class_type,True,True,match,match,correct,flat-not-annotated,,5.0377,0.000616,2489,236,
ARGUS,grok-4-1-fast-non-reasoning,flat,C-MALT-01,1,alcohol_content,True,True,match,match,correct,flat-not-annotated,,5.0377,0.000616,2489,236,
ARGUS,grok-4-1-fast-non-reasoning,flat,C-MALT-01,1,net_contents,True,True,match,match,correct,flat-not-annotated,,5.0377,0.000616,2489,236,
ARGUS,grok-4-1-fast-non-reasoning,flat,C-MALT-01,1,bottler_info,True,True,match,match,correct,flat-not-annotated,,5.0377,0.000616,2489,236,
ARGUS,grok-4-1-fast-non-reasoning,flat,C-MALT-01,1,country_of_origin,True,True,not-applicable,not-applicable,correct,flat-not-annotated,,5.0377,0.000616,2489,236,
ARGUS,grok-4-1-fast-non-reasoning,flat,C-MALT-01,1,government_warning,True,False,match,mismatch,false_mismatch,flat-not-annotated,,5.0377,0.000616,2489,236,
ARGUS,grok-4-1-fast-non-reasoning,flat,C-MALT-01,2,brand_name,True,True,match,match,correct,flat-not-annotated,,4.9885,0.000616,2489,236,
ARGUS,grok-4-1-fast-non-reasoning,flat,C-MALT-01,2,class_type,True,True,match,match,correct,flat-not-annotated,,4.9885,0.000616,2489,236,
ARGUS,grok-4-1-fast-non-reasoning,flat,C-MALT-01,2,alcohol_content,True,True,match,match,correct,flat-not-annotated,,4.9885,0.000616,2489,236,
ARGUS,grok-4-1-fast-non-reasoning,flat,C-MALT-01,2,net_contents,True,True,match,match,correct,flat-not-annotated,,4.9885,0.000616,2489,236,
ARGUS,grok-4-1-fast-non-reasoning,flat,C-MALT-01,2,bottler_info,True,True,match,match,correct,flat-not-annotated,,4.9885,0.000616,2489,236,
ARGUS,grok-4-1-fast-non-reasoning,flat,C-MALT-01,2,country_of_origin,True,True,not-applicable,not-applicable,correct,flat-not-annotated,,4.9885,0.000616,2489,236,
ARGUS,grok-4-1-fast-non-reasoning,flat,C-MALT-01,2,government_warning,True,False,match,mismatch,false_mismatch,flat-not-annotated,,4.9885,0.000616,2489,236,
ARGUS,grok-4-1-fast-non-reasoning,flat,C-MALT-01,3,brand_name,True,True,match,match,correct,flat-not-annotated,,4.9416,0.000616,2489,236,
ARGUS,grok-4-1-fast-non-reasoning,flat,C-MALT-01,3,class_type,True,True,match,match,correct,flat-not-annotated,,4.9416,0.000616,2489,236,
ARGUS,grok-4-1-fast-non-reasoning,flat,C-MALT-01,3,alcohol_content,True,True,match,match,correct,flat-not-annotated,,4.9416,0.000616,2489,236,
ARGUS,grok-4-1-fast-non-reasoning,flat,C-MALT-01,3,net_contents,True,True,match,match,correct,flat-not-annotated,,4.9416,0.000616,2489,236,
ARGUS,grok-4-1-fast-non-reasoning,flat,C-MALT-01,3,bottler_info,True,True,match,match,correct,flat-not-annotated,,4.9416,0.000616,2489,236,
ARGUS,grok-4-1-fast-non-reasoning,flat,C-MALT-01,3,country_of_origin,True,True,not-applicable,not-applicable,correct,flat-not-annotated,,4.9416,0.000616,2489,236,
ARGUS,grok-4-1-fast-non-reasoning,flat,C-MALT-01,3,government_warning,True,False,match,mismatch,false_mismatch,flat-not-annotated,,4.9416,0.000616,2489,236,
ARGUS,grok-4-1-fast-non-reasoning,flat,C-SPIRITS-IMPORT-01,1,brand_name,True,True,match,match,correct,flat-not-annotated,,5.2055,0.00062,2489,245,
ARGUS,grok-4-1-fast-non-reasoning,flat,C-SPIRITS-IMPORT-01,1,class_type,True,True,match,match,correct,flat-not-annotated,,5.2055,0.00062,2489,245,
ARGUS,grok-4-1-fast-non-reasoning,flat,C-SPIRITS-IMPORT-01,1,alcohol_content,True,True,match,match,correct,flat-not-annotated,,5.2055,0.00062,2489,245,
ARGUS,grok-4-1-fast-non-reasoning,flat,C-SPIRITS-IMPORT-01,1,net_contents,True,True,match,match,correct,flat-not-annotated,,5.2055,0.00062,2489,245,
ARGUS,grok-4-1-fast-non-reasoning,flat,C-SPIRITS-IMPORT-01,1,bottler_info,True,True,match,match,correct,flat-not-annotated,,5.2055,0.00062,2489,245,
ARGUS,grok-4-1-fast-non-reasoning,flat,C-SPIRITS-IMPORT-01,1,country_of_origin,True,True,match,match,correct,flat-not-annotated,,5.2055,0.00062,2489,245,
ARGUS,grok-4-1-fast-non-reasoning,flat,C-SPIRITS-IMPORT-01,1,government_warning,True,False,match,mismatch,false_mismatch,flat-not-annotated,,5.2055,0.00062,2489,245,
ARGUS,grok-4-1-fast-non-reasoning,flat,C-SPIRITS-IMPORT-01,2,brand_name,True,True,match,match,correct,flat-not-annotated,,6.0849,0.00062,2489,245,
ARGUS,grok-4-1-fast-non-reasoning,flat,C-SPIRITS-IMPORT-01,2,class_type,True,True,match,match,correct,flat-not-annotated,,6.0849,0.00062,2489,245,
ARGUS,grok-4-1-fast-non-reasoning,flat,C-SPIRITS-IMPORT-01,2,alcohol_content,True,True,match,match,correct,flat-not-annotated,,6.0849,0.00062,2489,245,
ARGUS,grok-4-1-fast-non-reasoning,flat,C-SPIRITS-IMPORT-01,2,net_contents,True,True,match,match,correct,flat-not-annotated,,6.0849,0.00062,2489,245,
ARGUS,grok-4-1-fast-non-reasoning,flat,C-SPIRITS-IMPORT-01,2,bottler_info,True,True,match,match,correct,flat-not-annotated,,6.0849,0.00062,2489,245,
ARGUS,grok-4-1-fast-non-reasoning,flat,C-SPIRITS-IMPORT-01,2,country_of_origin,True,True,match,match,correct,flat-not-annotated,,6.0849,0.00062,2489,245,
ARGUS,grok-4-1-fast-non-reasoning,flat,C-SPIRITS-IMPORT-01,2,government_warning,True,False,match,mismatch,false_mismatch,flat-not-annotated,,6.0849,0.00062,2489,245,
ARGUS,grok-4-1-fast-non-reasoning,flat,C-SPIRITS-IMPORT-01,3,brand_name,True,True,match,match,correct,flat-not-annotated,,5.2178,0.000621,2489,246,
ARGUS,grok-4-1-fast-non-reasoning,flat,C-SPIRITS-IMPORT-01,3,class_type,True,True,match,match,correct,flat-not-annotated,,5.2178,0.000621,2489,246,
ARGUS,grok-4-1-fast-non-reasoning,flat,C-SPIRITS-IMPORT-01,3,alcohol_content,True,True,match,match,correct,flat-not-annotated,,5.2178,0.000621,2489,246,
ARGUS,grok-4-1-fast-non-reasoning,flat,C-SPIRITS-IMPORT-01,3,net_contents,True,True,match,match,correct,flat-not-annotated,,5.2178,0.000621,2489,246,
ARGUS,grok-4-1-fast-non-reasoning,flat,C-SPIRITS-IMPORT-01,3,bottler_info,True,True,match,match,correct,flat-not-annotated,,5.2178,0.000621,2489,246,
ARGUS,grok-4-1-fast-non-reasoning,flat,C-SPIRITS-IMPORT-01,3,country_of_origin,True,True,match,match,correct,flat-not-annotated,,5.2178,0.000621,2489,246,
ARGUS,grok-4-1-fast-non-reasoning,flat,C-SPIRITS-IMPORT-01,3,government_warning,True,False,match,mismatch,false_mismatch,flat-not-annotated,,5.2178,0.000621,2489,246,
ARGUS,grok-4-1-fast-non-reasoning,flat,A-WARN-TITLECASE-01,1,brand_name,True,True,match,match,correct,flat-not-annotated,,6.4367,0.000616,2489,236,
ARGUS,grok-4-1-fast-non-reasoning,flat,A-WARN-TITLECASE-01,1,class_type,True,True,match,match,correct,flat-not-annotated,,6.4367,0.000616,2489,236,
ARGUS,grok-4-1-fast-non-reasoning,flat,A-WARN-TITLECASE-01,1,alcohol_content,True,True,match,match,correct,flat-not-annotated,,6.4367,0.000616,2489,236,
ARGUS,grok-4-1-fast-non-reasoning,flat,A-WARN-TITLECASE-01,1,net_contents,True,True,match,match,correct,flat-not-annotated,,6.4367,0.000616,2489,236,
ARGUS,grok-4-1-fast-non-reasoning,flat,A-WARN-TITLECASE-01,1,bottler_info,True,True,match,match,correct,flat-not-annotated,,6.4367,0.000616,2489,236,
ARGUS,grok-4-1-fast-non-reasoning,flat,A-WARN-TITLECASE-01,1,country_of_origin,True,True,not-applicable,not-applicable,correct,flat-not-annotated,,6.4367,0.000616,2489,236,
ARGUS,grok-4-1-fast-non-reasoning,flat,A-WARN-TITLECASE-01,1,government_warning,True,True,mismatch,mismatch,correct,flat-not-annotated,,6.4367,0.000616,2489,236,
ARGUS,grok-4-1-fast-non-reasoning,flat,A-WARN-TITLECASE-01,2,brand_name,True,True,match,match,correct,flat-not-annotated,,4.7135,0.000616,2489,236,
ARGUS,grok-4-1-fast-non-reasoning,flat,A-WARN-TITLECASE-01,2,class_type,True,True,match,match,correct,flat-not-annotated,,4.7135,0.000616,2489,236,
ARGUS,grok-4-1-fast-non-reasoning,flat,A-WARN-TITLECASE-01,2,alcohol_content,True,True,match,match,correct,flat-not-annotated,,4.7135,0.000616,2489,236,
ARGUS,grok-4-1-fast-non-reasoning,flat,A-WARN-TITLECASE-01,2,net_contents,True,True,match,match,correct,flat-not-annotated,,4.7135,0.000616,2489,236,
ARGUS,grok-4-1-fast-non-reasoning,flat,A-WARN-TITLECASE-01,2,bottler_info,True,True,match,match,correct,flat-not-annotated,,4.7135,0.000616,2489,236,
ARGUS,grok-4-1-fast-non-reasoning,flat,A-WARN-TITLECASE-01,2,country_of_origin,True,True,not-applicable,not-applicable,correct,flat-not-annotated,,4.7135,0.000616,2489,236,
ARGUS,grok-4-1-fast-non-reasoning,flat,A-WARN-TITLECASE-01,2,government_warning,True,False,mismatch,mismatch,correct,flat-not-annotated,,4.7135,0.000616,2489,236,
ARGUS,grok-4-1-fast-non-reasoning,flat,A-WARN-TITLECASE-01,3,brand_name,True,True,match,match,correct,flat-not-annotated,,6.0568,0.000616,2489,236,
ARGUS,grok-4-1-fast-non-reasoning,flat,A-WARN-TITLECASE-01,3,class_type,True,True,match,match,correct,flat-not-annotated,,6.0568,0.000616,2489,236,
ARGUS,grok-4-1-fast-non-reasoning,flat,A-WARN-TITLECASE-01,3,alcohol_content,True,True,match,match,correct,flat-not-annotated,,6.0568,0.000616,2489,236,
ARGUS,grok-4-1-fast-non-reasoning,flat,A-WARN-TITLECASE-01,3,net_contents,True,True,match,match,correct,flat-not-annotated,,6.0568,0.000616,2489,236,
ARGUS,grok-4-1-fast-non-reasoning,flat,A-WARN-TITLECASE-01,3,bottler_info,True,True,match,match,correct,flat-not-annotated,,6.0568,0.000616,2489,236,
ARGUS,grok-4-1-fast-non-reasoning,flat,A-WARN-TITLECASE-01,3,country_of_origin,True,True,not-applicable,not-applicable,correct,flat-not-annotated,,6.0568,0.000616,2489,236,
ARGUS,grok-4-1-fast-non-reasoning,flat,A-WARN-TITLECASE-01,3,government_warning,True,False,mismatch,mismatch,correct,flat-not-annotated,,6.0568,0.000616,2489,236,
ARGUS,grok-4-1-fast-non-reasoning,flat,A-WARN-BOLDBODY-01,1,brand_name,True,True,match,match,correct,flat-not-annotated,,5.0022,0.000617,2489,239,
ARGUS,grok-4-1-fast-non-reasoning,flat,A-WARN-BOLDBODY-01,1,class_type,True,True,match,match,correct,flat-not-annotated,,5.0022,0.000617,2489,239,
ARGUS,grok-4-1-fast-non-reasoning,flat,A-WARN-BOLDBODY-01,1,alcohol_content,True,True,match,match,correct,flat-not-annotated,,5.0022,0.000617,2489,239,
ARGUS,grok-4-1-fast-non-reasoning,flat,A-WARN-BOLDBODY-01,1,net_contents,True,True,match,match,correct,flat-not-annotated,,5.0022,0.000617,2489,239,
ARGUS,grok-4-1-fast-non-reasoning,flat,A-WARN-BOLDBODY-01,1,bottler_info,True,True,match,match,correct,flat-not-annotated,,5.0022,0.000617,2489,239,
ARGUS,grok-4-1-fast-non-reasoning,flat,A-WARN-BOLDBODY-01,1,country_of_origin,True,True,not-applicable,not-applicable,correct,flat-not-annotated,,5.0022,0.000617,2489,239,
ARGUS,grok-4-1-fast-non-reasoning,flat,A-WARN-BOLDBODY-01,1,government_warning,True,False,mismatch,mismatch,correct,flat-not-annotated,,5.0022,0.000617,2489,239,
ARGUS,grok-4-1-fast-non-reasoning,flat,A-WARN-BOLDBODY-01,2,brand_name,True,True,match,match,correct,flat-not-annotated,,4.846,0.000617,2489,239,
ARGUS,grok-4-1-fast-non-reasoning,flat,A-WARN-BOLDBODY-01,2,class_type,True,True,match,match,correct,flat-not-annotated,,4.846,0.000617,2489,239,
ARGUS,grok-4-1-fast-non-reasoning,flat,A-WARN-BOLDBODY-01,2,alcohol_content,True,True,match,match,correct,flat-not-annotated,,4.846,0.000617,2489,239,
ARGUS,grok-4-1-fast-non-reasoning,flat,A-WARN-BOLDBODY-01,2,net_contents,True,True,match,match,correct,flat-not-annotated,,4.846,0.000617,2489,239,
ARGUS,grok-4-1-fast-non-reasoning,flat,A-WARN-BOLDBODY-01,2,bottler_info,True,True,match,match,correct,flat-not-annotated,,4.846,0.000617,2489,239,
ARGUS,grok-4-1-fast-non-reasoning,flat,A-WARN-BOLDBODY-01,2,country_of_origin,True,True,not-applicable,not-applicable,correct,flat-not-annotated,,4.846,0.000617,2489,239,
ARGUS,grok-4-1-fast-non-reasoning,flat,A-WARN-BOLDBODY-01,2,government_warning,True,False,mismatch,mismatch,correct,flat-not-annotated,,4.846,0.000617,2489,239,
ARGUS,grok-4-1-fast-non-reasoning,flat,A-WARN-BOLDBODY-01,3,brand_name,True,True,match,match,correct,flat-not-annotated,,4.8973,0.000617,2489,239,
ARGUS,grok-4-1-fast-non-reasoning,flat,A-WARN-BOLDBODY-01,3,class_type,True,True,match,match,correct,flat-not-annotated,,4.8973,0.000617,2489,239,
ARGUS,grok-4-1-fast-non-reasoning,flat,A-WARN-BOLDBODY-01,3,alcohol_content,True,True,match,match,correct,flat-not-annotated,,4.8973,0.000617,2489,239,
ARGUS,grok-4-1-fast-non-reasoning,flat,A-WARN-BOLDBODY-01,3,net_contents,True,True,match,match,correct,flat-not-annotated,,4.8973,0.000617,2489,239,
ARGUS,grok-4-1-fast-non-reasoning,flat,A-WARN-BOLDBODY-01,3,bottler_info,True,True,match,match,correct,flat-not-annotated,,4.8973,0.000617,2489,239,
ARGUS,grok-4-1-fast-non-reasoning,flat,A-WARN-BOLDBODY-01,3,country_of_origin,True,True,not-applicable,not-applicable,correct,flat-not-annotated,,4.8973,0.000617,2489,239,
ARGUS,grok-4-1-fast-non-reasoning,flat,A-WARN-BOLDBODY-01,3,government_warning,True,False,mismatch,mismatch,correct,flat-not-annotated,,4.8973,0.000617,2489,239,
ARGUS,grok-4-1-fast-non-reasoning,flat,A-BRAND-CASE-01,1,brand_name,True,True,match,match,correct,flat-not-annotated,,5.5137,0.000616,2489,237,
ARGUS,grok-4-1-fast-non-reasoning,flat,A-BRAND-CASE-01,1,class_type,True,True,match,match,correct,flat-not-annotated,,5.5137,0.000616,2489,237,
ARGUS,grok-4-1-fast-non-reasoning,flat,A-BRAND-CASE-01,1,alcohol_content,True,True,match,match,correct,flat-not-annotated,,5.5137,0.000616,2489,237,
ARGUS,grok-4-1-fast-non-reasoning,flat,A-BRAND-CASE-01,1,net_contents,True,True,match,match,correct,flat-not-annotated,,5.5137,0.000616,2489,237,
ARGUS,grok-4-1-fast-non-reasoning,flat,A-BRAND-CASE-01,1,bottler_info,True,True,match,match,correct,flat-not-annotated,,5.5137,0.000616,2489,237,
ARGUS,grok-4-1-fast-non-reasoning,flat,A-BRAND-CASE-01,1,country_of_origin,True,True,not-applicable,not-applicable,correct,flat-not-annotated,,5.5137,0.000616,2489,237,
ARGUS,grok-4-1-fast-non-reasoning,flat,A-BRAND-CASE-01,1,government_warning,True,False,match,mismatch,false_mismatch,flat-not-annotated,,5.5137,0.000616,2489,237,
ARGUS,grok-4-1-fast-non-reasoning,flat,A-BRAND-CASE-01,2,brand_name,True,True,match,match,correct,flat-not-annotated,,4.563,0.000616,2489,237,
ARGUS,grok-4-1-fast-non-reasoning,flat,A-BRAND-CASE-01,2,class_type,True,True,match,match,correct,flat-not-annotated,,4.563,0.000616,2489,237,
ARGUS,grok-4-1-fast-non-reasoning,flat,A-BRAND-CASE-01,2,alcohol_content,True,True,match,match,correct,flat-not-annotated,,4.563,0.000616,2489,237,
ARGUS,grok-4-1-fast-non-reasoning,flat,A-BRAND-CASE-01,2,net_contents,True,True,match,match,correct,flat-not-annotated,,4.563,0.000616,2489,237,
ARGUS,grok-4-1-fast-non-reasoning,flat,A-BRAND-CASE-01,2,bottler_info,True,True,match,match,correct,flat-not-annotated,,4.563,0.000616,2489,237,
ARGUS,grok-4-1-fast-non-reasoning,flat,A-BRAND-CASE-01,2,country_of_origin,True,True,not-applicable,not-applicable,correct,flat-not-annotated,,4.563,0.000616,2489,237,
ARGUS,grok-4-1-fast-non-reasoning,flat,A-BRAND-CASE-01,2,government_warning,True,False,match,mismatch,false_mismatch,flat-not-annotated,,4.563,0.000616,2489,237,
ARGUS,grok-4-1-fast-non-reasoning,flat,A-BRAND-CASE-01,3,brand_name,True,True,match,match,correct,flat-not-annotated,,3.9515,0.000616,2489,237,
ARGUS,grok-4-1-fast-non-reasoning,flat,A-BRAND-CASE-01,3,class_type,True,True,match,match,correct,flat-not-annotated,,3.9515,0.000616,2489,237,
ARGUS,grok-4-1-fast-non-reasoning,flat,A-BRAND-CASE-01,3,alcohol_content,True,True,match,match,correct,flat-not-annotated,,3.9515,0.000616,2489,237,
ARGUS,grok-4-1-fast-non-reasoning,flat,A-BRAND-CASE-01,3,net_contents,True,True,match,match,correct,flat-not-annotated,,3.9515,0.000616,2489,237,
ARGUS,grok-4-1-fast-non-reasoning,flat,A-BRAND-CASE-01,3,bottler_info,True,True,match,match,correct,flat-not-annotated,,3.9515,0.000616,2489,237,
ARGUS,grok-4-1-fast-non-reasoning,flat,A-BRAND-CASE-01,3,country_of_origin,True,True,not-applicable,not-applicable,correct,flat-not-annotated,,3.9515,0.000616,2489,237,
ARGUS,grok-4-1-fast-non-reasoning,flat,A-BRAND-CASE-01,3,government_warning,True,True,match,match,correct,flat-not-annotated,,3.9515,0.000616,2489,237,
ARGUS,grok-4-1-fast-non-reasoning,flat,A-ABV-WRONG-01,1,brand_name,True,True,match,match,correct,flat-not-annotated,,5.8292,0.000616,2489,237,
ARGUS,grok-4-1-fast-non-reasoning,flat,A-ABV-WRONG-01,1,class_type,True,True,match,match,correct,flat-not-annotated,,5.8292,0.000616,2489,237,
ARGUS,grok-4-1-fast-non-reasoning,flat,A-ABV-WRONG-01,1,alcohol_content,True,True,mismatch,mismatch,correct,flat-not-annotated,,5.8292,0.000616,2489,237,
ARGUS,grok-4-1-fast-non-reasoning,flat,A-ABV-WRONG-01,1,net_contents,True,True,match,match,correct,flat-not-annotated,,5.8292,0.000616,2489,237,
ARGUS,grok-4-1-fast-non-reasoning,flat,A-ABV-WRONG-01,1,bottler_info,True,True,match,match,correct,flat-not-annotated,,5.8292,0.000616,2489,237,
ARGUS,grok-4-1-fast-non-reasoning,flat,A-ABV-WRONG-01,1,country_of_origin,True,True,not-applicable,not-applicable,correct,flat-not-annotated,,5.8292,0.000616,2489,237,
ARGUS,grok-4-1-fast-non-reasoning,flat,A-ABV-WRONG-01,1,government_warning,True,True,match,match,correct,flat-not-annotated,,5.8292,0.000616,2489,237,
ARGUS,grok-4-1-fast-non-reasoning,flat,A-ABV-WRONG-01,2,brand_name,True,True,match,match,correct,flat-not-annotated,,4.916,0.000616,2489,237,
ARGUS,grok-4-1-fast-non-reasoning,flat,A-ABV-WRONG-01,2,class_type,True,True,match,match,correct,flat-not-annotated,,4.916,0.000616,2489,237,
ARGUS,grok-4-1-fast-non-reasoning,flat,A-ABV-WRONG-01,2,alcohol_content,True,True,mismatch,mismatch,correct,flat-not-annotated,,4.916,0.000616,2489,237,
ARGUS,grok-4-1-fast-non-reasoning,flat,A-ABV-WRONG-01,2,net_contents,True,True,match,match,correct,flat-not-annotated,,4.916,0.000616,2489,237,
ARGUS,grok-4-1-fast-non-reasoning,flat,A-ABV-WRONG-01,2,bottler_info,True,True,match,match,correct,flat-not-annotated,,4.916,0.000616,2489,237,
ARGUS,grok-4-1-fast-non-reasoning,flat,A-ABV-WRONG-01,2,country_of_origin,True,True,not-applicable,not-applicable,correct,flat-not-annotated,,4.916,0.000616,2489,237,
ARGUS,grok-4-1-fast-non-reasoning,flat,A-ABV-WRONG-01,2,government_warning,True,True,match,match,correct,flat-not-annotated,,4.916,0.000616,2489,237,
ARGUS,grok-4-1-fast-non-reasoning,flat,A-ABV-WRONG-01,3,brand_name,False,False,match,needs-review,referral,flat-not-annotated,,5.1176,0.000612,2489,229,
ARGUS,grok-4-1-fast-non-reasoning,flat,A-ABV-WRONG-01,3,class_type,False,False,match,needs-review,referral,flat-not-annotated,,5.1176,0.000612,2489,229,
ARGUS,grok-4-1-fast-non-reasoning,flat,A-ABV-WRONG-01,3,alcohol_content,False,False,mismatch,needs-review,referral,flat-not-annotated,,5.1176,0.000612,2489,229,
ARGUS,grok-4-1-fast-non-reasoning,flat,A-ABV-WRONG-01,3,net_contents,False,False,match,needs-review,referral,flat-not-annotated,,5.1176,0.000612,2489,229,
ARGUS,grok-4-1-fast-non-reasoning,flat,A-ABV-WRONG-01,3,bottler_info,False,False,match,needs-review,referral,flat-not-annotated,,5.1176,0.000612,2489,229,
ARGUS,grok-4-1-fast-non-reasoning,flat,A-ABV-WRONG-01,3,country_of_origin,False,False,not-applicable,needs-review,referral,flat-not-annotated,,5.1176,0.000612,2489,229,
ARGUS,grok-4-1-fast-non-reasoning,flat,A-ABV-WRONG-01,3,government_warning,False,False,match,needs-review,referral,flat-not-annotated,,5.1176,0.000612,2489,229,
ARGUS,grok-4-1-fast-non-reasoning,flat,A-FIELD-MISSING-01,1,brand_name,True,True,match,match,correct,flat-not-annotated,,5.3303,0.00061,2489,225,
ARGUS,grok-4-1-fast-non-reasoning,flat,A-FIELD-MISSING-01,1,class_type,True,True,match,match,correct,flat-not-annotated,,5.3303,0.00061,2489,225,
ARGUS,grok-4-1-fast-non-reasoning,flat,A-FIELD-MISSING-01,1,alcohol_content,True,True,match,match,correct,flat-not-annotated,,5.3303,0.00061,2489,225,
ARGUS,grok-4-1-fast-non-reasoning,flat,A-FIELD-MISSING-01,1,net_contents,True,True,needs-review,needs-review,referral,flat-not-annotated,,5.3303,0.00061,2489,225,
ARGUS,grok-4-1-fast-non-reasoning,flat,A-FIELD-MISSING-01,1,bottler_info,True,True,needs-review,needs-review,referral,flat-not-annotated,,5.3303,0.00061,2489,225,
ARGUS,grok-4-1-fast-non-reasoning,flat,A-FIELD-MISSING-01,1,country_of_origin,True,True,not-applicable,not-applicable,correct,flat-not-annotated,,5.3303,0.00061,2489,225,
ARGUS,grok-4-1-fast-non-reasoning,flat,A-FIELD-MISSING-01,1,government_warning,True,False,match,mismatch,false_mismatch,flat-not-annotated,,5.3303,0.00061,2489,225,
ARGUS,grok-4-1-fast-non-reasoning,flat,A-FIELD-MISSING-01,2,brand_name,True,True,match,match,correct,flat-not-annotated,,3.9144,0.00061,2489,225,
ARGUS,grok-4-1-fast-non-reasoning,flat,A-FIELD-MISSING-01,2,class_type,True,True,match,match,correct,flat-not-annotated,,3.9144,0.00061,2489,225,
ARGUS,grok-4-1-fast-non-reasoning,flat,A-FIELD-MISSING-01,2,alcohol_content,True,True,match,match,correct,flat-not-annotated,,3.9144,0.00061,2489,225,
ARGUS,grok-4-1-fast-non-reasoning,flat,A-FIELD-MISSING-01,2,net_contents,True,True,needs-review,needs-review,referral,flat-not-annotated,,3.9144,0.00061,2489,225,
ARGUS,grok-4-1-fast-non-reasoning,flat,A-FIELD-MISSING-01,2,bottler_info,True,True,needs-review,needs-review,referral,flat-not-annotated,,3.9144,0.00061,2489,225,
ARGUS,grok-4-1-fast-non-reasoning,flat,A-FIELD-MISSING-01,2,country_of_origin,True,True,not-applicable,not-applicable,correct,flat-not-annotated,,3.9144,0.00061,2489,225,
ARGUS,grok-4-1-fast-non-reasoning,flat,A-FIELD-MISSING-01,2,government_warning,True,False,match,mismatch,false_mismatch,flat-not-annotated,,3.9144,0.00061,2489,225,
ARGUS,grok-4-1-fast-non-reasoning,flat,A-FIELD-MISSING-01,3,brand_name,True,True,match,match,correct,flat-not-annotated,,4.6426,0.00061,2489,225,
ARGUS,grok-4-1-fast-non-reasoning,flat,A-FIELD-MISSING-01,3,class_type,True,True,match,match,correct,flat-not-annotated,,4.6426,0.00061,2489,225,
ARGUS,grok-4-1-fast-non-reasoning,flat,A-FIELD-MISSING-01,3,alcohol_content,True,True,match,match,correct,flat-not-annotated,,4.6426,0.00061,2489,225,
ARGUS,grok-4-1-fast-non-reasoning,flat,A-FIELD-MISSING-01,3,net_contents,True,True,needs-review,needs-review,referral,flat-not-annotated,,4.6426,0.00061,2489,225,
ARGUS,grok-4-1-fast-non-reasoning,flat,A-FIELD-MISSING-01,3,bottler_info,True,True,needs-review,needs-review,referral,flat-not-annotated,,4.6426,0.00061,2489,225,
ARGUS,grok-4-1-fast-non-reasoning,flat,A-FIELD-MISSING-01,3,country_of_origin,True,True,not-applicable,not-applicable,correct,flat-not-annotated,,4.6426,0.00061,2489,225,
ARGUS,grok-4-1-fast-non-reasoning,flat,A-FIELD-MISSING-01,3,government_warning,True,False,match,mismatch,false_mismatch,flat-not-annotated,,4.6426,0.00061,2489,225,
ARGUS,grok-4-1-fast-non-reasoning,flat,A-INJECT-PROMPT-01,1,brand_name,True,True,match,match,correct,flat-not-annotated,,4.3137,0.000617,2489,238,
ARGUS,grok-4-1-fast-non-reasoning,flat,A-INJECT-PROMPT-01,1,class_type,True,True,match,match,correct,flat-not-annotated,,4.3137,0.000617,2489,238,
ARGUS,grok-4-1-fast-non-reasoning,flat,A-INJECT-PROMPT-01,1,alcohol_content,True,True,mismatch,mismatch,correct,flat-not-annotated,,4.3137,0.000617,2489,238,
ARGUS,grok-4-1-fast-non-reasoning,flat,A-INJECT-PROMPT-01,1,net_contents,True,True,match,match,correct,flat-not-annotated,,4.3137,0.000617,2489,238,
ARGUS,grok-4-1-fast-non-reasoning,flat,A-INJECT-PROMPT-01,1,bottler_info,True,True,match,match,correct,flat-not-annotated,,4.3137,0.000617,2489,238,
ARGUS,grok-4-1-fast-non-reasoning,flat,A-INJECT-PROMPT-01,1,country_of_origin,True,True,not-applicable,not-applicable,correct,flat-not-annotated,,4.3137,0.000617,2489,238,
ARGUS,grok-4-1-fast-non-reasoning,flat,A-INJECT-PROMPT-01,1,government_warning,True,False,match,mismatch,false_mismatch,flat-not-annotated,,4.3137,0.000617,2489,238,
ARGUS,grok-4-1-fast-non-reasoning,flat,A-INJECT-PROMPT-01,2,brand_name,True,True,match,match,correct,flat-not-annotated,,5.0344,0.000617,2489,238,
ARGUS,grok-4-1-fast-non-reasoning,flat,A-INJECT-PROMPT-01,2,class_type,True,True,match,match,correct,flat-not-annotated,,5.0344,0.000617,2489,238,
ARGUS,grok-4-1-fast-non-reasoning,flat,A-INJECT-PROMPT-01,2,alcohol_content,True,True,mismatch,mismatch,correct,flat-not-annotated,,5.0344,0.000617,2489,238,
ARGUS,grok-4-1-fast-non-reasoning,flat,A-INJECT-PROMPT-01,2,net_contents,True,True,match,match,correct,flat-not-annotated,,5.0344,0.000617,2489,238,
ARGUS,grok-4-1-fast-non-reasoning,flat,A-INJECT-PROMPT-01,2,bottler_info,True,True,match,match,correct,flat-not-annotated,,5.0344,0.000617,2489,238,
ARGUS,grok-4-1-fast-non-reasoning,flat,A-INJECT-PROMPT-01,2,country_of_origin,True,True,not-applicable,not-applicable,correct,flat-not-annotated,,5.0344,0.000617,2489,238,
ARGUS,grok-4-1-fast-non-reasoning,flat,A-INJECT-PROMPT-01,2,government_warning,True,False,match,mismatch,false_mismatch,flat-not-annotated,,5.0344,0.000617,2489,238,
ARGUS,grok-4-1-fast-non-reasoning,flat,A-INJECT-PROMPT-01,3,brand_name,True,True,match,match,correct,flat-not-annotated,,4.7435,0.000617,2489,238,
ARGUS,grok-4-1-fast-non-reasoning,flat,A-INJECT-PROMPT-01,3,class_type,True,True,match,match,correct,flat-not-annotated,,4.7435,0.000617,2489,238,
ARGUS,grok-4-1-fast-non-reasoning,flat,A-INJECT-PROMPT-01,3,alcohol_content,True,True,mismatch,mismatch,correct,flat-not-annotated,,4.7435,0.000617,2489,238,
ARGUS,grok-4-1-fast-non-reasoning,flat,A-INJECT-PROMPT-01,3,net_contents,True,True,match,match,correct,flat-not-annotated,,4.7435,0.000617,2489,238,
ARGUS,grok-4-1-fast-non-reasoning,flat,A-INJECT-PROMPT-01,3,bottler_info,True,True,match,match,correct,flat-not-annotated,,4.7435,0.000617,2489,238,
ARGUS,grok-4-1-fast-non-reasoning,flat,A-INJECT-PROMPT-01,3,country_of_origin,True,True,not-applicable,not-applicable,correct,flat-not-annotated,,4.7435,0.000617,2489,238,
ARGUS,grok-4-1-fast-non-reasoning,flat,A-INJECT-PROMPT-01,3,government_warning,True,False,match,mismatch,false_mismatch,flat-not-annotated,,4.7435,0.000617,2489,238,
ARGUS,grok-4-1-fast-non-reasoning,flat,W-BRAND-WRONG-01,1,brand_name,True,True,mismatch,mismatch,correct,flat-not-annotated,,4.6612,0.000617,2489,238,
ARGUS,grok-4-1-fast-non-reasoning,flat,W-BRAND-WRONG-01,1,class_type,True,True,match,match,correct,flat-not-annotated,,4.6612,0.000617,2489,238,
ARGUS,grok-4-1-fast-non-reasoning,flat,W-BRAND-WRONG-01,1,alcohol_content,True,True,match,match,correct,flat-not-annotated,,4.6612,0.000617,2489,238,
ARGUS,grok-4-1-fast-non-reasoning,flat,W-BRAND-WRONG-01,1,net_contents,True,True,match,match,correct,flat-not-annotated,,4.6612,0.000617,2489,238,
ARGUS,grok-4-1-fast-non-reasoning,flat,W-BRAND-WRONG-01,1,bottler_info,True,True,match,match,correct,flat-not-annotated,,4.6612,0.000617,2489,238,
ARGUS,grok-4-1-fast-non-reasoning,flat,W-BRAND-WRONG-01,1,country_of_origin,True,True,not-applicable,not-applicable,correct,flat-not-annotated,,4.6612,0.000617,2489,238,
ARGUS,grok-4-1-fast-non-reasoning,flat,W-BRAND-WRONG-01,1,government_warning,True,False,match,mismatch,false_mismatch,flat-not-annotated,,4.6612,0.000617,2489,238,
ARGUS,grok-4-1-fast-non-reasoning,flat,W-BRAND-WRONG-01,2,brand_name,True,True,mismatch,mismatch,correct,flat-not-annotated,,4.0867,0.000617,2489,239,
ARGUS,grok-4-1-fast-non-reasoning,flat,W-BRAND-WRONG-01,2,class_type,True,True,match,match,correct,flat-not-annotated,,4.0867,0.000617,2489,239,
ARGUS,grok-4-1-fast-non-reasoning,flat,W-BRAND-WRONG-01,2,alcohol_content,True,True,match,match,correct,flat-not-annotated,,4.0867,0.000617,2489,239,
ARGUS,grok-4-1-fast-non-reasoning,flat,W-BRAND-WRONG-01,2,net_contents,True,True,match,match,correct,flat-not-annotated,,4.0867,0.000617,2489,239,
ARGUS,grok-4-1-fast-non-reasoning,flat,W-BRAND-WRONG-01,2,bottler_info,True,True,match,match,correct,flat-not-annotated,,4.0867,0.000617,2489,239,
ARGUS,grok-4-1-fast-non-reasoning,flat,W-BRAND-WRONG-01,2,country_of_origin,True,True,not-applicable,not-applicable,correct,flat-not-annotated,,4.0867,0.000617,2489,239,
ARGUS,grok-4-1-fast-non-reasoning,flat,W-BRAND-WRONG-01,2,government_warning,True,False,match,mismatch,false_mismatch,flat-not-annotated,,4.0867,0.000617,2489,239,
ARGUS,grok-4-1-fast-non-reasoning,flat,W-BRAND-WRONG-01,3,brand_name,True,True,mismatch,mismatch,correct,flat-not-annotated,,4.5154,0.000606,2489,217,
ARGUS,grok-4-1-fast-non-reasoning,flat,W-BRAND-WRONG-01,3,class_type,True,True,match,match,correct,flat-not-annotated,,4.5154,0.000606,2489,217,
ARGUS,grok-4-1-fast-non-reasoning,flat,W-BRAND-WRONG-01,3,alcohol_content,True,True,match,match,correct,flat-not-annotated,,4.5154,0.000606,2489,217,
ARGUS,grok-4-1-fast-non-reasoning,flat,W-BRAND-WRONG-01,3,net_contents,True,True,match,match,correct,flat-not-annotated,,4.5154,0.000606,2489,217,
ARGUS,grok-4-1-fast-non-reasoning,flat,W-BRAND-WRONG-01,3,bottler_info,True,True,match,match,correct,flat-not-annotated,,4.5154,0.000606,2489,217,
ARGUS,grok-4-1-fast-non-reasoning,flat,W-BRAND-WRONG-01,3,country_of_origin,True,True,not-applicable,not-applicable,correct,flat-not-annotated,,4.5154,0.000606,2489,217,
ARGUS,grok-4-1-fast-non-reasoning,flat,W-BRAND-WRONG-01,3,government_warning,True,True,match,match,correct,flat-not-annotated,,4.5154,0.000606,2489,217,
ARGUS,grok-4-1-fast-non-reasoning,flat,W-ABV-4045-01,1,brand_name,True,True,match,match,correct,flat-not-annotated,,5.4173,0.000622,2489,248,
ARGUS,grok-4-1-fast-non-reasoning,flat,W-ABV-4045-01,1,class_type,True,True,match,match,correct,flat-not-annotated,,5.4173,0.000622,2489,248,
ARGUS,grok-4-1-fast-non-reasoning,flat,W-ABV-4045-01,1,alcohol_content,True,True,mismatch,mismatch,correct,flat-not-annotated,,5.4173,0.000622,2489,248,
ARGUS,grok-4-1-fast-non-reasoning,flat,W-ABV-4045-01,1,net_contents,True,True,match,match,correct,flat-not-annotated,,5.4173,0.000622,2489,248,
ARGUS,grok-4-1-fast-non-reasoning,flat,W-ABV-4045-01,1,bottler_info,True,True,match,match,correct,flat-not-annotated,,5.4173,0.000622,2489,248,
ARGUS,grok-4-1-fast-non-reasoning,flat,W-ABV-4045-01,1,country_of_origin,True,True,not-applicable,not-applicable,correct,flat-not-annotated,,5.4173,0.000622,2489,248,
ARGUS,grok-4-1-fast-non-reasoning,flat,W-ABV-4045-01,1,government_warning,True,False,match,mismatch,false_mismatch,flat-not-annotated,,5.4173,0.000622,2489,248,
ARGUS,grok-4-1-fast-non-reasoning,flat,W-ABV-4045-01,2,brand_name,True,True,match,match,correct,flat-not-annotated,,5.758,0.000622,2489,248,
ARGUS,grok-4-1-fast-non-reasoning,flat,W-ABV-4045-01,2,class_type,True,True,match,match,correct,flat-not-annotated,,5.758,0.000622,2489,248,
ARGUS,grok-4-1-fast-non-reasoning,flat,W-ABV-4045-01,2,alcohol_content,True,True,mismatch,mismatch,correct,flat-not-annotated,,5.758,0.000622,2489,248,
ARGUS,grok-4-1-fast-non-reasoning,flat,W-ABV-4045-01,2,net_contents,True,True,match,match,correct,flat-not-annotated,,5.758,0.000622,2489,248,
ARGUS,grok-4-1-fast-non-reasoning,flat,W-ABV-4045-01,2,bottler_info,True,True,match,match,correct,flat-not-annotated,,5.758,0.000622,2489,248,
ARGUS,grok-4-1-fast-non-reasoning,flat,W-ABV-4045-01,2,country_of_origin,True,True,not-applicable,not-applicable,correct,flat-not-annotated,,5.758,0.000622,2489,248,
ARGUS,grok-4-1-fast-non-reasoning,flat,W-ABV-4045-01,2,government_warning,True,False,match,mismatch,false_mismatch,flat-not-annotated,,5.758,0.000622,2489,248,
ARGUS,grok-4-1-fast-non-reasoning,flat,W-ABV-4045-01,3,brand_name,True,True,match,match,correct,flat-not-annotated,,5.561,0.000622,2489,248,
ARGUS,grok-4-1-fast-non-reasoning,flat,W-ABV-4045-01,3,class_type,True,True,match,match,correct,flat-not-annotated,,5.561,0.000622,2489,248,
ARGUS,grok-4-1-fast-non-reasoning,flat,W-ABV-4045-01,3,alcohol_content,True,True,mismatch,mismatch,correct,flat-not-annotated,,5.561,0.000622,2489,248,
ARGUS,grok-4-1-fast-non-reasoning,flat,W-ABV-4045-01,3,net_contents,True,True,match,match,correct,flat-not-annotated,,5.561,0.000622,2489,248,
ARGUS,grok-4-1-fast-non-reasoning,flat,W-ABV-4045-01,3,bottler_info,True,True,match,match,correct,flat-not-annotated,,5.561,0.000622,2489,248,
ARGUS,grok-4-1-fast-non-reasoning,flat,W-ABV-4045-01,3,country_of_origin,True,True,not-applicable,not-applicable,correct,flat-not-annotated,,5.561,0.000622,2489,248,
ARGUS,grok-4-1-fast-non-reasoning,flat,W-ABV-4045-01,3,government_warning,True,False,match,mismatch,false_mismatch,flat-not-annotated,,5.561,0.000622,2489,248,
ARGUS,grok-4-1-fast-non-reasoning,flat,W-NETCONTENTS-WRONG-01,1,brand_name,True,False,match,mismatch,false_mismatch,flat-not-annotated,,5.0786,0.000617,2489,239,
ARGUS,grok-4-1-fast-non-reasoning,flat,W-NETCONTENTS-WRONG-01,1,class_type,True,True,match,match,correct,flat-not-annotated,,5.0786,0.000617,2489,239,
ARGUS,grok-4-1-fast-non-reasoning,flat,W-NETCONTENTS-WRONG-01,1,alcohol_content,True,True,match,match,correct,flat-not-annotated,,5.0786,0.000617,2489,239,
ARGUS,grok-4-1-fast-non-reasoning,flat,W-NETCONTENTS-WRONG-01,1,net_contents,True,True,mismatch,mismatch,correct,flat-not-annotated,,5.0786,0.000617,2489,239,
ARGUS,grok-4-1-fast-non-reasoning,flat,W-NETCONTENTS-WRONG-01,1,bottler_info,True,True,match,match,correct,flat-not-annotated,,5.0786,0.000617,2489,239,
ARGUS,grok-4-1-fast-non-reasoning,flat,W-NETCONTENTS-WRONG-01,1,country_of_origin,True,True,not-applicable,not-applicable,correct,flat-not-annotated,,5.0786,0.000617,2489,239,
ARGUS,grok-4-1-fast-non-reasoning,flat,W-NETCONTENTS-WRONG-01,1,government_warning,True,False,match,mismatch,false_mismatch,flat-not-annotated,,5.0786,0.000617,2489,239,
ARGUS,grok-4-1-fast-non-reasoning,flat,W-NETCONTENTS-WRONG-01,2,brand_name,True,False,match,mismatch,false_mismatch,flat-not-annotated,,4.844,0.000617,2489,239,
ARGUS,grok-4-1-fast-non-reasoning,flat,W-NETCONTENTS-WRONG-01,2,class_type,True,True,match,match,correct,flat-not-annotated,,4.844,0.000617,2489,239,
ARGUS,grok-4-1-fast-non-reasoning,flat,W-NETCONTENTS-WRONG-01,2,alcohol_content,True,True,match,match,correct,flat-not-annotated,,4.844,0.000617,2489,239,
ARGUS,grok-4-1-fast-non-reasoning,flat,W-NETCONTENTS-WRONG-01,2,net_contents,True,True,mismatch,mismatch,correct,flat-not-annotated,,4.844,0.000617,2489,239,
ARGUS,grok-4-1-fast-non-reasoning,flat,W-NETCONTENTS-WRONG-01,2,bottler_info,True,True,match,match,correct,flat-not-annotated,,4.844,0.000617,2489,239,
ARGUS,grok-4-1-fast-non-reasoning,flat,W-NETCONTENTS-WRONG-01,2,country_of_origin,True,True,not-applicable,not-applicable,correct,flat-not-annotated,,4.844,0.000617,2489,239,
ARGUS,grok-4-1-fast-non-reasoning,flat,W-NETCONTENTS-WRONG-01,2,government_warning,True,False,match,mismatch,false_mismatch,flat-not-annotated,,4.844,0.000617,2489,239,
ARGUS,grok-4-1-fast-non-reasoning,flat,W-NETCONTENTS-WRONG-01,3,brand_name,True,False,match,mismatch,false_mismatch,flat-not-annotated,,5.0457,0.000617,2489,239,
ARGUS,grok-4-1-fast-non-reasoning,flat,W-NETCONTENTS-WRONG-01,3,class_type,True,True,match,match,correct,flat-not-annotated,,5.0457,0.000617,2489,239,
ARGUS,grok-4-1-fast-non-reasoning,flat,W-NETCONTENTS-WRONG-01,3,alcohol_content,True,True,match,match,correct,flat-not-annotated,,5.0457,0.000617,2489,239,
ARGUS,grok-4-1-fast-non-reasoning,flat,W-NETCONTENTS-WRONG-01,3,net_contents,True,True,mismatch,mismatch,correct,flat-not-annotated,,5.0457,0.000617,2489,239,
ARGUS,grok-4-1-fast-non-reasoning,flat,W-NETCONTENTS-WRONG-01,3,bottler_info,True,True,match,match,correct,flat-not-annotated,,5.0457,0.000617,2489,239,
ARGUS,grok-4-1-fast-non-reasoning,flat,W-NETCONTENTS-WRONG-01,3,country_of_origin,True,True,not-applicable,not-applicable,correct,flat-not-annotated,,5.0457,0.000617,2489,239,
ARGUS,grok-4-1-fast-non-reasoning,flat,W-NETCONTENTS-WRONG-01,3,government_warning,True,False,match,mismatch,false_mismatch,flat-not-annotated,,5.0457,0.000617,2489,239,
ARGUS,grok-4-1-fast-non-reasoning,flat,W-WARN-REWORD-01,1,brand_name,True,True,match,match,correct,flat-not-annotated,,5.0929,0.000619,2489,242,
ARGUS,grok-4-1-fast-non-reasoning,flat,W-WARN-REWORD-01,1,class_type,True,True,match,match,correct,flat-not-annotated,,5.0929,0.000619,2489,242,
ARGUS,grok-4-1-fast-non-reasoning,flat,W-WARN-REWORD-01,1,alcohol_content,True,True,match,match,correct,flat-not-annotated,,5.0929,0.000619,2489,242,
ARGUS,grok-4-1-fast-non-reasoning,flat,W-WARN-REWORD-01,1,net_contents,True,True,match,match,correct,flat-not-annotated,,5.0929,0.000619,2489,242,
ARGUS,grok-4-1-fast-non-reasoning,flat,W-WARN-REWORD-01,1,bottler_info,True,True,match,match,correct,flat-not-annotated,,5.0929,0.000619,2489,242,
ARGUS,grok-4-1-fast-non-reasoning,flat,W-WARN-REWORD-01,1,country_of_origin,True,True,not-applicable,not-applicable,correct,flat-not-annotated,,5.0929,0.000619,2489,242,
ARGUS,grok-4-1-fast-non-reasoning,flat,W-WARN-REWORD-01,1,government_warning,True,False,mismatch,mismatch,correct,flat-not-annotated,,5.0929,0.000619,2489,242,
ARGUS,grok-4-1-fast-non-reasoning,flat,W-WARN-REWORD-01,2,brand_name,True,True,match,match,correct,flat-not-annotated,,5.2706,0.000619,2489,242,
ARGUS,grok-4-1-fast-non-reasoning,flat,W-WARN-REWORD-01,2,class_type,True,True,match,match,correct,flat-not-annotated,,5.2706,0.000619,2489,242,
ARGUS,grok-4-1-fast-non-reasoning,flat,W-WARN-REWORD-01,2,alcohol_content,True,True,match,match,correct,flat-not-annotated,,5.2706,0.000619,2489,242,
ARGUS,grok-4-1-fast-non-reasoning,flat,W-WARN-REWORD-01,2,net_contents,True,True,match,match,correct,flat-not-annotated,,5.2706,0.000619,2489,242,
ARGUS,grok-4-1-fast-non-reasoning,flat,W-WARN-REWORD-01,2,bottler_info,True,True,match,match,correct,flat-not-annotated,,5.2706,0.000619,2489,242,
ARGUS,grok-4-1-fast-non-reasoning,flat,W-WARN-REWORD-01,2,country_of_origin,True,True,not-applicable,not-applicable,correct,flat-not-annotated,,5.2706,0.000619,2489,242,
ARGUS,grok-4-1-fast-non-reasoning,flat,W-WARN-REWORD-01,2,government_warning,True,False,mismatch,mismatch,correct,flat-not-annotated,,5.2706,0.000619,2489,242,
ARGUS,grok-4-1-fast-non-reasoning,flat,W-WARN-REWORD-01,3,brand_name,True,True,match,match,correct,flat-not-annotated,,5.2471,0.000619,2489,242,
ARGUS,grok-4-1-fast-non-reasoning,flat,W-WARN-REWORD-01,3,class_type,True,True,match,match,correct,flat-not-annotated,,5.2471,0.000619,2489,242,
ARGUS,grok-4-1-fast-non-reasoning,flat,W-WARN-REWORD-01,3,alcohol_content,True,True,match,match,correct,flat-not-annotated,,5.2471,0.000619,2489,242,
ARGUS,grok-4-1-fast-non-reasoning,flat,W-WARN-REWORD-01,3,net_contents,True,True,match,match,correct,flat-not-annotated,,5.2471,0.000619,2489,242,
ARGUS,grok-4-1-fast-non-reasoning,flat,W-WARN-REWORD-01,3,bottler_info,True,True,match,match,correct,flat-not-annotated,,5.2471,0.000619,2489,242,
ARGUS,grok-4-1-fast-non-reasoning,flat,W-WARN-REWORD-01,3,country_of_origin,True,True,not-applicable,not-applicable,correct,flat-not-annotated,,5.2471,0.000619,2489,242,
ARGUS,grok-4-1-fast-non-reasoning,flat,W-WARN-REWORD-01,3,government_warning,True,False,mismatch,mismatch,correct,flat-not-annotated,,5.2471,0.000619,2489,242,
ARGUS,grok-4-1-fast-non-reasoning,flat,W-BRAND-SPLITLINE-01,1,brand_name,True,True,match,match,correct,flat-not-annotated,,4.2262,0.000616,2489,237,
ARGUS,grok-4-1-fast-non-reasoning,flat,W-BRAND-SPLITLINE-01,1,class_type,True,True,match,match,correct,flat-not-annotated,,4.2262,0.000616,2489,237,
ARGUS,grok-4-1-fast-non-reasoning,flat,W-BRAND-SPLITLINE-01,1,alcohol_content,True,True,match,match,correct,flat-not-annotated,,4.2262,0.000616,2489,237,
ARGUS,grok-4-1-fast-non-reasoning,flat,W-BRAND-SPLITLINE-01,1,net_contents,True,True,match,match,correct,flat-not-annotated,,4.2262,0.000616,2489,237,
ARGUS,grok-4-1-fast-non-reasoning,flat,W-BRAND-SPLITLINE-01,1,bottler_info,True,True,match,match,correct,flat-not-annotated,,4.2262,0.000616,2489,237,
ARGUS,grok-4-1-fast-non-reasoning,flat,W-BRAND-SPLITLINE-01,1,country_of_origin,True,True,not-applicable,not-applicable,correct,flat-not-annotated,,4.2262,0.000616,2489,237,
ARGUS,grok-4-1-fast-non-reasoning,flat,W-BRAND-SPLITLINE-01,1,government_warning,True,False,match,mismatch,false_mismatch,flat-not-annotated,,4.2262,0.000616,2489,237,
ARGUS,grok-4-1-fast-non-reasoning,flat,W-BRAND-SPLITLINE-01,2,brand_name,False,False,match,needs-review,referral,flat-not-annotated,,4.9806,0.000613,2489,230,
ARGUS,grok-4-1-fast-non-reasoning,flat,W-BRAND-SPLITLINE-01,2,class_type,False,False,match,needs-review,referral,flat-not-annotated,,4.9806,0.000613,2489,230,
ARGUS,grok-4-1-fast-non-reasoning,flat,W-BRAND-SPLITLINE-01,2,alcohol_content,False,False,match,needs-review,referral,flat-not-annotated,,4.9806,0.000613,2489,230,
ARGUS,grok-4-1-fast-non-reasoning,flat,W-BRAND-SPLITLINE-01,2,net_contents,False,False,match,needs-review,referral,flat-not-annotated,,4.9806,0.000613,2489,230,
ARGUS,grok-4-1-fast-non-reasoning,flat,W-BRAND-SPLITLINE-01,2,bottler_info,False,False,match,needs-review,referral,flat-not-annotated,,4.9806,0.000613,2489,230,
ARGUS,grok-4-1-fast-non-reasoning,flat,W-BRAND-SPLITLINE-01,2,country_of_origin,False,False,not-applicable,needs-review,referral,flat-not-annotated,,4.9806,0.000613,2489,230,
ARGUS,grok-4-1-fast-non-reasoning,flat,W-BRAND-SPLITLINE-01,2,government_warning,False,False,match,needs-review,referral,flat-not-annotated,,4.9806,0.000613,2489,230,
ARGUS,grok-4-1-fast-non-reasoning,flat,W-BRAND-SPLITLINE-01,3,brand_name,True,True,match,match,correct,flat-not-annotated,,5.7044,0.000636,2489,276,
ARGUS,grok-4-1-fast-non-reasoning,flat,W-BRAND-SPLITLINE-01,3,class_type,True,True,match,match,correct,flat-not-annotated,,5.7044,0.000636,2489,276,
ARGUS,grok-4-1-fast-non-reasoning,flat,W-BRAND-SPLITLINE-01,3,alcohol_content,True,True,match,match,correct,flat-not-annotated,,5.7044,0.000636,2489,276,
ARGUS,grok-4-1-fast-non-reasoning,flat,W-BRAND-SPLITLINE-01,3,net_contents,True,True,match,match,correct,flat-not-annotated,,5.7044,0.000636,2489,276,
ARGUS,grok-4-1-fast-non-reasoning,flat,W-BRAND-SPLITLINE-01,3,bottler_info,True,True,match,match,correct,flat-not-annotated,,5.7044,0.000636,2489,276,
ARGUS,grok-4-1-fast-non-reasoning,flat,W-BRAND-SPLITLINE-01,3,country_of_origin,True,True,not-applicable,not-applicable,correct,flat-not-annotated,,5.7044,0.000636,2489,276,
ARGUS,grok-4-1-fast-non-reasoning,flat,W-BRAND-SPLITLINE-01,3,government_warning,True,True,match,match,correct,flat-not-annotated,,5.7044,0.000636,2489,276,
ARGUS,grok-4-1-fast-non-reasoning,flat,D-BLUR-01,1,brand_name,True,True,match,match,correct,flat-not-annotated,,6.5715,0.000636,2489,276,
ARGUS,grok-4-1-fast-non-reasoning,flat,D-BLUR-01,1,class_type,True,True,match,match,correct,flat-not-annotated,,6.5715,0.000636,2489,276,
ARGUS,grok-4-1-fast-non-reasoning,flat,D-BLUR-01,1,alcohol_content,True,True,match,match,correct,flat-not-annotated,,6.5715,0.000636,2489,276,
ARGUS,grok-4-1-fast-non-reasoning,flat,D-BLUR-01,1,net_contents,True,True,match,match,correct,flat-not-annotated,,6.5715,0.000636,2489,276,
ARGUS,grok-4-1-fast-non-reasoning,flat,D-BLUR-01,1,bottler_info,True,True,match,match,correct,flat-not-annotated,,6.5715,0.000636,2489,276,
ARGUS,grok-4-1-fast-non-reasoning,flat,D-BLUR-01,1,country_of_origin,True,True,not-applicable,not-applicable,correct,flat-not-annotated,,6.5715,0.000636,2489,276,
ARGUS,grok-4-1-fast-non-reasoning,flat,D-BLUR-01,1,government_warning,True,False,match,mismatch,false_mismatch,flat-not-annotated,,6.5715,0.000636,2489,276,
ARGUS,grok-4-1-fast-non-reasoning,flat,D-BLUR-01,2,brand_name,True,True,match,match,correct,flat-not-annotated,,5.4402,0.000617,2489,239,
ARGUS,grok-4-1-fast-non-reasoning,flat,D-BLUR-01,2,class_type,True,True,match,match,correct,flat-not-annotated,,5.4402,0.000617,2489,239,
ARGUS,grok-4-1-fast-non-reasoning,flat,D-BLUR-01,2,alcohol_content,True,True,match,match,correct,flat-not-annotated,,5.4402,0.000617,2489,239,
ARGUS,grok-4-1-fast-non-reasoning,flat,D-BLUR-01,2,net_contents,True,True,match,match,correct,flat-not-annotated,,5.4402,0.000617,2489,239,
ARGUS,grok-4-1-fast-non-reasoning,flat,D-BLUR-01,2,bottler_info,True,True,match,match,correct,flat-not-annotated,,5.4402,0.000617,2489,239,
ARGUS,grok-4-1-fast-non-reasoning,flat,D-BLUR-01,2,country_of_origin,True,True,not-applicable,not-applicable,correct,flat-not-annotated,,5.4402,0.000617,2489,239,
ARGUS,grok-4-1-fast-non-reasoning,flat,D-BLUR-01,2,government_warning,True,False,match,mismatch,false_mismatch,flat-not-annotated,,5.4402,0.000617,2489,239,
ARGUS,grok-4-1-fast-non-reasoning,flat,D-BLUR-01,3,brand_name,True,True,match,match,correct,flat-not-annotated,,5.5819,0.000636,2489,277,
ARGUS,grok-4-1-fast-non-reasoning,flat,D-BLUR-01,3,class_type,True,True,match,match,correct,flat-not-annotated,,5.5819,0.000636,2489,277,
ARGUS,grok-4-1-fast-non-reasoning,flat,D-BLUR-01,3,alcohol_content,True,True,match,match,correct,flat-not-annotated,,5.5819,0.000636,2489,277,
ARGUS,grok-4-1-fast-non-reasoning,flat,D-BLUR-01,3,net_contents,True,True,match,match,correct,flat-not-annotated,,5.5819,0.000636,2489,277,
ARGUS,grok-4-1-fast-non-reasoning,flat,D-BLUR-01,3,bottler_info,True,True,match,match,correct,flat-not-annotated,,5.5819,0.000636,2489,277,
ARGUS,grok-4-1-fast-non-reasoning,flat,D-BLUR-01,3,country_of_origin,True,True,not-applicable,not-applicable,correct,flat-not-annotated,,5.5819,0.000636,2489,277,
ARGUS,grok-4-1-fast-non-reasoning,flat,D-BLUR-01,3,government_warning,True,True,match,match,correct,flat-not-annotated,,5.5819,0.000636,2489,277,
ARGUS,grok-4-1-fast-non-reasoning,flat,D-WARP-01,1,brand_name,True,True,match,match,correct,flat-not-annotated,,4.557,0.000617,2489,239,
ARGUS,grok-4-1-fast-non-reasoning,flat,D-WARP-01,1,class_type,True,True,match,match,correct,flat-not-annotated,,4.557,0.000617,2489,239,
ARGUS,grok-4-1-fast-non-reasoning,flat,D-WARP-01,1,alcohol_content,True,True,match,match,correct,flat-not-annotated,,4.557,0.000617,2489,239,
ARGUS,grok-4-1-fast-non-reasoning,flat,D-WARP-01,1,net_contents,True,True,match,match,correct,flat-not-annotated,,4.557,0.000617,2489,239,
ARGUS,grok-4-1-fast-non-reasoning,flat,D-WARP-01,1,bottler_info,True,True,match,match,correct,flat-not-annotated,,4.557,0.000617,2489,239,
ARGUS,grok-4-1-fast-non-reasoning,flat,D-WARP-01,1,country_of_origin,True,True,not-applicable,not-applicable,correct,flat-not-annotated,,4.557,0.000617,2489,239,
ARGUS,grok-4-1-fast-non-reasoning,flat,D-WARP-01,1,government_warning,True,True,match,match,correct,flat-not-annotated,,4.557,0.000617,2489,239,
ARGUS,grok-4-1-fast-non-reasoning,flat,D-WARP-01,2,brand_name,True,True,match,match,correct,flat-not-annotated,,4.7668,0.000617,2489,239,
ARGUS,grok-4-1-fast-non-reasoning,flat,D-WARP-01,2,class_type,True,True,match,match,correct,flat-not-annotated,,4.7668,0.000617,2489,239,
ARGUS,grok-4-1-fast-non-reasoning,flat,D-WARP-01,2,alcohol_content,True,True,match,match,correct,flat-not-annotated,,4.7668,0.000617,2489,239,
ARGUS,grok-4-1-fast-non-reasoning,flat,D-WARP-01,2,net_contents,True,True,match,match,correct,flat-not-annotated,,4.7668,0.000617,2489,239,
ARGUS,grok-4-1-fast-non-reasoning,flat,D-WARP-01,2,bottler_info,True,True,match,match,correct,flat-not-annotated,,4.7668,0.000617,2489,239,
ARGUS,grok-4-1-fast-non-reasoning,flat,D-WARP-01,2,country_of_origin,True,True,not-applicable,not-applicable,correct,flat-not-annotated,,4.7668,0.000617,2489,239,
ARGUS,grok-4-1-fast-non-reasoning,flat,D-WARP-01,2,government_warning,True,True,match,match,correct,flat-not-annotated,,4.7668,0.000617,2489,239,
ARGUS,grok-4-1-fast-non-reasoning,flat,D-WARP-01,3,brand_name,True,True,match,match,correct,flat-not-annotated,,4.8428,0.000617,2489,239,
ARGUS,grok-4-1-fast-non-reasoning,flat,D-WARP-01,3,class_type,True,True,match,match,correct,flat-not-annotated,,4.8428,0.000617,2489,239,
ARGUS,grok-4-1-fast-non-reasoning,flat,D-WARP-01,3,alcohol_content,True,True,match,match,correct,flat-not-annotated,,4.8428,0.000617,2489,239,
ARGUS,grok-4-1-fast-non-reasoning,flat,D-WARP-01,3,net_contents,True,True,match,match,correct,flat-not-annotated,,4.8428,0.000617,2489,239,
ARGUS,grok-4-1-fast-non-reasoning,flat,D-WARP-01,3,bottler_info,True,True,match,match,correct,flat-not-annotated,,4.8428,0.000617,2489,239,
ARGUS,grok-4-1-fast-non-reasoning,flat,D-WARP-01,3,country_of_origin,True,True,not-applicable,not-applicable,correct,flat-not-annotated,,4.8428,0.000617,2489,239,
ARGUS,grok-4-1-fast-non-reasoning,flat,D-WARP-01,3,government_warning,True,True,match,match,correct,flat-not-annotated,,4.8428,0.000617,2489,239,
ARGUS,grok-4-1-fast-non-reasoning,flat,D-GLARE-01,1,brand_name,True,True,match,match,correct,flat-not-annotated,,5.1626,0.000616,2489,236,
ARGUS,grok-4-1-fast-non-reasoning,flat,D-GLARE-01,1,class_type,True,True,match,match,correct,flat-not-annotated,,5.1626,0.000616,2489,236,
ARGUS,grok-4-1-fast-non-reasoning,flat,D-GLARE-01,1,alcohol_content,True,True,match,match,correct,flat-not-annotated,,5.1626,0.000616,2489,236,
ARGUS,grok-4-1-fast-non-reasoning,flat,D-GLARE-01,1,net_contents,True,True,match,match,correct,flat-not-annotated,,5.1626,0.000616,2489,236,
ARGUS,grok-4-1-fast-non-reasoning,flat,D-GLARE-01,1,bottler_info,True,True,match,match,correct,flat-not-annotated,,5.1626,0.000616,2489,236,
ARGUS,grok-4-1-fast-non-reasoning,flat,D-GLARE-01,1,country_of_origin,True,True,not-applicable,not-applicable,correct,flat-not-annotated,,5.1626,0.000616,2489,236,
ARGUS,grok-4-1-fast-non-reasoning,flat,D-GLARE-01,1,government_warning,True,False,match,mismatch,false_mismatch,flat-not-annotated,,5.1626,0.000616,2489,236,
ARGUS,grok-4-1-fast-non-reasoning,flat,D-GLARE-01,2,brand_name,True,True,match,match,correct,flat-not-annotated,,4.4423,0.000615,2489,235,
ARGUS,grok-4-1-fast-non-reasoning,flat,D-GLARE-01,2,class_type,True,True,match,match,correct,flat-not-annotated,,4.4423,0.000615,2489,235,
ARGUS,grok-4-1-fast-non-reasoning,flat,D-GLARE-01,2,alcohol_content,True,True,match,match,correct,flat-not-annotated,,4.4423,0.000615,2489,235,
ARGUS,grok-4-1-fast-non-reasoning,flat,D-GLARE-01,2,net_contents,True,True,match,match,correct,flat-not-annotated,,4.4423,0.000615,2489,235,
ARGUS,grok-4-1-fast-non-reasoning,flat,D-GLARE-01,2,bottler_info,True,True,match,match,correct,flat-not-annotated,,4.4423,0.000615,2489,235,
ARGUS,grok-4-1-fast-non-reasoning,flat,D-GLARE-01,2,country_of_origin,True,True,not-applicable,not-applicable,correct,flat-not-annotated,,4.4423,0.000615,2489,235,
ARGUS,grok-4-1-fast-non-reasoning,flat,D-GLARE-01,2,government_warning,True,False,match,mismatch,false_mismatch,flat-not-annotated,,4.4423,0.000615,2489,235,
ARGUS,grok-4-1-fast-non-reasoning,flat,D-GLARE-01,3,brand_name,False,False,match,needs-review,referral,flat-not-annotated,,4.6399,0.00063,2489,265,
ARGUS,grok-4-1-fast-non-reasoning,flat,D-GLARE-01,3,class_type,False,False,match,needs-review,referral,flat-not-annotated,,4.6399,0.00063,2489,265,
ARGUS,grok-4-1-fast-non-reasoning,flat,D-GLARE-01,3,alcohol_content,False,False,match,needs-review,referral,flat-not-annotated,,4.6399,0.00063,2489,265,
ARGUS,grok-4-1-fast-non-reasoning,flat,D-GLARE-01,3,net_contents,False,False,match,needs-review,referral,flat-not-annotated,,4.6399,0.00063,2489,265,
ARGUS,grok-4-1-fast-non-reasoning,flat,D-GLARE-01,3,bottler_info,False,False,match,needs-review,referral,flat-not-annotated,,4.6399,0.00063,2489,265,
ARGUS,grok-4-1-fast-non-reasoning,flat,D-GLARE-01,3,country_of_origin,False,False,not-applicable,needs-review,referral,flat-not-annotated,,4.6399,0.00063,2489,265,
ARGUS,grok-4-1-fast-non-reasoning,flat,D-GLARE-01,3,government_warning,False,False,match,needs-review,referral,flat-not-annotated,,4.6399,0.00063,2489,265,
ARGUS,Mistral-Large-3,flat,C-SPIRITS-01,1,brand_name,True,True,match,match,correct,flat-not-annotated,,8.956,0.001892,2731,351,
ARGUS,Mistral-Large-3,flat,C-SPIRITS-01,1,class_type,True,True,match,match,correct,flat-not-annotated,,8.956,0.001892,2731,351,
ARGUS,Mistral-Large-3,flat,C-SPIRITS-01,1,alcohol_content,True,True,match,match,correct,flat-not-annotated,,8.956,0.001892,2731,351,
ARGUS,Mistral-Large-3,flat,C-SPIRITS-01,1,net_contents,True,True,match,match,correct,flat-not-annotated,,8.956,0.001892,2731,351,
ARGUS,Mistral-Large-3,flat,C-SPIRITS-01,1,bottler_info,True,True,match,match,correct,flat-not-annotated,,8.956,0.001892,2731,351,
ARGUS,Mistral-Large-3,flat,C-SPIRITS-01,1,country_of_origin,True,True,not-applicable,not-applicable,correct,flat-not-annotated,,8.956,0.001892,2731,351,
ARGUS,Mistral-Large-3,flat,C-SPIRITS-01,1,government_warning,True,True,match,match,correct,flat-not-annotated,,8.956,0.001892,2731,351,
ARGUS,Mistral-Large-3,flat,C-SPIRITS-01,2,brand_name,True,True,match,match,correct,flat-not-annotated,,23.6727,0.001892,2731,351,
ARGUS,Mistral-Large-3,flat,C-SPIRITS-01,2,class_type,True,True,match,match,correct,flat-not-annotated,,23.6727,0.001892,2731,351,
ARGUS,Mistral-Large-3,flat,C-SPIRITS-01,2,alcohol_content,True,True,match,match,correct,flat-not-annotated,,23.6727,0.001892,2731,351,
ARGUS,Mistral-Large-3,flat,C-SPIRITS-01,2,net_contents,True,True,match,match,correct,flat-not-annotated,,23.6727,0.001892,2731,351,
ARGUS,Mistral-Large-3,flat,C-SPIRITS-01,2,bottler_info,True,True,match,match,correct,flat-not-annotated,,23.6727,0.001892,2731,351,
ARGUS,Mistral-Large-3,flat,C-SPIRITS-01,2,country_of_origin,True,True,not-applicable,not-applicable,correct,flat-not-annotated,,23.6727,0.001892,2731,351,
ARGUS,Mistral-Large-3,flat,C-SPIRITS-01,2,government_warning,True,True,match,match,correct,flat-not-annotated,,23.6727,0.001892,2731,351,
ARGUS,Mistral-Large-3,flat,C-SPIRITS-01,3,brand_name,True,True,match,match,correct,flat-not-annotated,,7.7754,0.001892,2731,351,
ARGUS,Mistral-Large-3,flat,C-SPIRITS-01,3,class_type,True,True,match,match,correct,flat-not-annotated,,7.7754,0.001892,2731,351,
ARGUS,Mistral-Large-3,flat,C-SPIRITS-01,3,alcohol_content,True,True,match,match,correct,flat-not-annotated,,7.7754,0.001892,2731,351,
ARGUS,Mistral-Large-3,flat,C-SPIRITS-01,3,net_contents,True,True,match,match,correct,flat-not-annotated,,7.7754,0.001892,2731,351,
ARGUS,Mistral-Large-3,flat,C-SPIRITS-01,3,bottler_info,True,True,match,match,correct,flat-not-annotated,,7.7754,0.001892,2731,351,
ARGUS,Mistral-Large-3,flat,C-SPIRITS-01,3,country_of_origin,True,True,not-applicable,not-applicable,correct,flat-not-annotated,,7.7754,0.001892,2731,351,
ARGUS,Mistral-Large-3,flat,C-SPIRITS-01,3,government_warning,True,True,match,match,correct,flat-not-annotated,,7.7754,0.001892,2731,351,
ARGUS,Mistral-Large-3,flat,C-WINE-01,1,brand_name,True,True,match,match,correct,flat-not-annotated,,10.5145,0.001896,2731,354,
ARGUS,Mistral-Large-3,flat,C-WINE-01,1,class_type,True,True,match,match,correct,flat-not-annotated,,10.5145,0.001896,2731,354,
ARGUS,Mistral-Large-3,flat,C-WINE-01,1,alcohol_content,True,True,match,match,correct,flat-not-annotated,,10.5145,0.001896,2731,354,
ARGUS,Mistral-Large-3,flat,C-WINE-01,1,net_contents,True,True,match,match,correct,flat-not-annotated,,10.5145,0.001896,2731,354,
ARGUS,Mistral-Large-3,flat,C-WINE-01,1,bottler_info,True,True,match,match,correct,flat-not-annotated,,10.5145,0.001896,2731,354,
ARGUS,Mistral-Large-3,flat,C-WINE-01,1,country_of_origin,True,True,not-applicable,not-applicable,correct,flat-not-annotated,,10.5145,0.001896,2731,354,
ARGUS,Mistral-Large-3,flat,C-WINE-01,1,government_warning,True,True,match,match,correct,flat-not-annotated,,10.5145,0.001896,2731,354,
ARGUS,Mistral-Large-3,flat,C-WINE-01,2,brand_name,True,True,match,match,correct,flat-not-annotated,,7.176,0.001896,2731,354,
ARGUS,Mistral-Large-3,flat,C-WINE-01,2,class_type,True,True,match,match,correct,flat-not-annotated,,7.176,0.001896,2731,354,
ARGUS,Mistral-Large-3,flat,C-WINE-01,2,alcohol_content,True,True,match,match,correct,flat-not-annotated,,7.176,0.001896,2731,354,
ARGUS,Mistral-Large-3,flat,C-WINE-01,2,net_contents,True,True,match,match,correct,flat-not-annotated,,7.176,0.001896,2731,354,
ARGUS,Mistral-Large-3,flat,C-WINE-01,2,bottler_info,True,True,match,match,correct,flat-not-annotated,,7.176,0.001896,2731,354,
ARGUS,Mistral-Large-3,flat,C-WINE-01,2,country_of_origin,True,True,not-applicable,not-applicable,correct,flat-not-annotated,,7.176,0.001896,2731,354,
ARGUS,Mistral-Large-3,flat,C-WINE-01,2,government_warning,True,True,match,match,correct,flat-not-annotated,,7.176,0.001896,2731,354,
ARGUS,Mistral-Large-3,flat,C-WINE-01,3,brand_name,True,True,match,match,correct,flat-not-annotated,,6.7633,0.001896,2731,354,
ARGUS,Mistral-Large-3,flat,C-WINE-01,3,class_type,True,True,match,match,correct,flat-not-annotated,,6.7633,0.001896,2731,354,
ARGUS,Mistral-Large-3,flat,C-WINE-01,3,alcohol_content,True,True,match,match,correct,flat-not-annotated,,6.7633,0.001896,2731,354,
ARGUS,Mistral-Large-3,flat,C-WINE-01,3,net_contents,True,True,match,match,correct,flat-not-annotated,,6.7633,0.001896,2731,354,
ARGUS,Mistral-Large-3,flat,C-WINE-01,3,bottler_info,True,True,match,match,correct,flat-not-annotated,,6.7633,0.001896,2731,354,
ARGUS,Mistral-Large-3,flat,C-WINE-01,3,country_of_origin,True,True,not-applicable,not-applicable,correct,flat-not-annotated,,6.7633,0.001896,2731,354,
ARGUS,Mistral-Large-3,flat,C-WINE-01,3,government_warning,True,True,match,match,correct,flat-not-annotated,,6.7633,0.001896,2731,354,
ARGUS,Mistral-Large-3,flat,C-MALT-01,1,brand_name,True,True,match,match,correct,flat-not-annotated,,7.3584,0.001895,2731,353,
ARGUS,Mistral-Large-3,flat,C-MALT-01,1,class_type,True,True,match,match,correct,flat-not-annotated,,7.3584,0.001895,2731,353,
ARGUS,Mistral-Large-3,flat,C-MALT-01,1,alcohol_content,True,True,match,match,correct,flat-not-annotated,,7.3584,0.001895,2731,353,
ARGUS,Mistral-Large-3,flat,C-MALT-01,1,net_contents,True,True,match,match,correct,flat-not-annotated,,7.3584,0.001895,2731,353,
ARGUS,Mistral-Large-3,flat,C-MALT-01,1,bottler_info,True,True,match,match,correct,flat-not-annotated,,7.3584,0.001895,2731,353,
ARGUS,Mistral-Large-3,flat,C-MALT-01,1,country_of_origin,True,True,not-applicable,not-applicable,correct,flat-not-annotated,,7.3584,0.001895,2731,353,
ARGUS,Mistral-Large-3,flat,C-MALT-01,1,government_warning,True,True,match,match,correct,flat-not-annotated,,7.3584,0.001895,2731,353,
ARGUS,Mistral-Large-3,flat,C-MALT-01,2,brand_name,True,True,match,match,correct,flat-not-annotated,,7.4783,0.001895,2731,353,
ARGUS,Mistral-Large-3,flat,C-MALT-01,2,class_type,True,True,match,match,correct,flat-not-annotated,,7.4783,0.001895,2731,353,
ARGUS,Mistral-Large-3,flat,C-MALT-01,2,alcohol_content,True,True,match,match,correct,flat-not-annotated,,7.4783,0.001895,2731,353,
ARGUS,Mistral-Large-3,flat,C-MALT-01,2,net_contents,True,True,match,match,correct,flat-not-annotated,,7.4783,0.001895,2731,353,
ARGUS,Mistral-Large-3,flat,C-MALT-01,2,bottler_info,True,True,match,match,correct,flat-not-annotated,,7.4783,0.001895,2731,353,
ARGUS,Mistral-Large-3,flat,C-MALT-01,2,country_of_origin,True,True,not-applicable,not-applicable,correct,flat-not-annotated,,7.4783,0.001895,2731,353,
ARGUS,Mistral-Large-3,flat,C-MALT-01,2,government_warning,True,True,match,match,correct,flat-not-annotated,,7.4783,0.001895,2731,353,
ARGUS,Mistral-Large-3,flat,C-MALT-01,3,brand_name,True,True,match,match,correct,flat-not-annotated,,10.4566,0.001895,2731,353,
ARGUS,Mistral-Large-3,flat,C-MALT-01,3,class_type,True,True,match,match,correct,flat-not-annotated,,10.4566,0.001895,2731,353,
ARGUS,Mistral-Large-3,flat,C-MALT-01,3,alcohol_content,True,True,match,match,correct,flat-not-annotated,,10.4566,0.001895,2731,353,
ARGUS,Mistral-Large-3,flat,C-MALT-01,3,net_contents,True,True,match,match,correct,flat-not-annotated,,10.4566,0.001895,2731,353,
ARGUS,Mistral-Large-3,flat,C-MALT-01,3,bottler_info,True,True,match,match,correct,flat-not-annotated,,10.4566,0.001895,2731,353,
ARGUS,Mistral-Large-3,flat,C-MALT-01,3,country_of_origin,True,True,not-applicable,not-applicable,correct,flat-not-annotated,,10.4566,0.001895,2731,353,
ARGUS,Mistral-Large-3,flat,C-MALT-01,3,government_warning,True,True,match,match,correct,flat-not-annotated,,10.4566,0.001895,2731,353,
ARGUS,Mistral-Large-3,flat,C-SPIRITS-IMPORT-01,1,brand_name,True,True,match,match,correct,flat-not-annotated,,8.569,0.001901,2731,357,
ARGUS,Mistral-Large-3,flat,C-SPIRITS-IMPORT-01,1,class_type,True,True,match,match,correct,flat-not-annotated,,8.569,0.001901,2731,357,
ARGUS,Mistral-Large-3,flat,C-SPIRITS-IMPORT-01,1,alcohol_content,True,True,match,match,correct,flat-not-annotated,,8.569,0.001901,2731,357,
ARGUS,Mistral-Large-3,flat,C-SPIRITS-IMPORT-01,1,net_contents,True,True,match,match,correct,flat-not-annotated,,8.569,0.001901,2731,357,
ARGUS,Mistral-Large-3,flat,C-SPIRITS-IMPORT-01,1,bottler_info,True,True,match,match,correct,flat-not-annotated,,8.569,0.001901,2731,357,
ARGUS,Mistral-Large-3,flat,C-SPIRITS-IMPORT-01,1,country_of_origin,True,True,match,match,correct,flat-not-annotated,,8.569,0.001901,2731,357,
ARGUS,Mistral-Large-3,flat,C-SPIRITS-IMPORT-01,1,government_warning,True,True,match,match,correct,flat-not-annotated,,8.569,0.001901,2731,357,
ARGUS,Mistral-Large-3,flat,C-SPIRITS-IMPORT-01,2,brand_name,True,True,match,match,correct,flat-not-annotated,,7.5734,0.001901,2731,357,
ARGUS,Mistral-Large-3,flat,C-SPIRITS-IMPORT-01,2,class_type,True,True,match,match,correct,flat-not-annotated,,7.5734,0.001901,2731,357,
ARGUS,Mistral-Large-3,flat,C-SPIRITS-IMPORT-01,2,alcohol_content,True,True,match,match,correct,flat-not-annotated,,7.5734,0.001901,2731,357,
ARGUS,Mistral-Large-3,flat,C-SPIRITS-IMPORT-01,2,net_contents,True,True,match,match,correct,flat-not-annotated,,7.5734,0.001901,2731,357,
ARGUS,Mistral-Large-3,flat,C-SPIRITS-IMPORT-01,2,bottler_info,True,True,match,match,correct,flat-not-annotated,,7.5734,0.001901,2731,357,
ARGUS,Mistral-Large-3,flat,C-SPIRITS-IMPORT-01,2,country_of_origin,True,True,match,match,correct,flat-not-annotated,,7.5734,0.001901,2731,357,
ARGUS,Mistral-Large-3,flat,C-SPIRITS-IMPORT-01,2,government_warning,True,True,match,match,correct,flat-not-annotated,,7.5734,0.001901,2731,357,
ARGUS,Mistral-Large-3,flat,C-SPIRITS-IMPORT-01,3,brand_name,True,True,match,match,correct,flat-not-annotated,,7.0388,0.001901,2731,357,
ARGUS,Mistral-Large-3,flat,C-SPIRITS-IMPORT-01,3,class_type,True,True,match,match,correct,flat-not-annotated,,7.0388,0.001901,2731,357,
ARGUS,Mistral-Large-3,flat,C-SPIRITS-IMPORT-01,3,alcohol_content,True,True,match,match,correct,flat-not-annotated,,7.0388,0.001901,2731,357,
ARGUS,Mistral-Large-3,flat,C-SPIRITS-IMPORT-01,3,net_contents,True,True,match,match,correct,flat-not-annotated,,7.0388,0.001901,2731,357,
ARGUS,Mistral-Large-3,flat,C-SPIRITS-IMPORT-01,3,bottler_info,True,True,match,match,correct,flat-not-annotated,,7.0388,0.001901,2731,357,
ARGUS,Mistral-Large-3,flat,C-SPIRITS-IMPORT-01,3,country_of_origin,True,True,match,match,correct,flat-not-annotated,,7.0388,0.001901,2731,357,
ARGUS,Mistral-Large-3,flat,C-SPIRITS-IMPORT-01,3,government_warning,True,True,match,match,correct,flat-not-annotated,,7.0388,0.001901,2731,357,
ARGUS,Mistral-Large-3,flat,A-WARN-TITLECASE-01,1,brand_name,True,True,match,match,correct,flat-not-annotated,,11.2053,0.001889,2731,349,
ARGUS,Mistral-Large-3,flat,A-WARN-TITLECASE-01,1,class_type,True,True,match,match,correct,flat-not-annotated,,11.2053,0.001889,2731,349,
ARGUS,Mistral-Large-3,flat,A-WARN-TITLECASE-01,1,alcohol_content,True,True,match,match,correct,flat-not-annotated,,11.2053,0.001889,2731,349,
ARGUS,Mistral-Large-3,flat,A-WARN-TITLECASE-01,1,net_contents,True,True,match,match,correct,flat-not-annotated,,11.2053,0.001889,2731,349,
ARGUS,Mistral-Large-3,flat,A-WARN-TITLECASE-01,1,bottler_info,True,True,match,match,correct,flat-not-annotated,,11.2053,0.001889,2731,349,
ARGUS,Mistral-Large-3,flat,A-WARN-TITLECASE-01,1,country_of_origin,True,True,not-applicable,not-applicable,correct,flat-not-annotated,,11.2053,0.001889,2731,349,
ARGUS,Mistral-Large-3,flat,A-WARN-TITLECASE-01,1,government_warning,True,True,mismatch,mismatch,correct,flat-not-annotated,,11.2053,0.001889,2731,349,
ARGUS,Mistral-Large-3,flat,A-WARN-TITLECASE-01,2,brand_name,True,True,match,match,correct,flat-not-annotated,,25.1981,0.001889,2731,349,
ARGUS,Mistral-Large-3,flat,A-WARN-TITLECASE-01,2,class_type,True,True,match,match,correct,flat-not-annotated,,25.1981,0.001889,2731,349,
ARGUS,Mistral-Large-3,flat,A-WARN-TITLECASE-01,2,alcohol_content,True,True,match,match,correct,flat-not-annotated,,25.1981,0.001889,2731,349,
ARGUS,Mistral-Large-3,flat,A-WARN-TITLECASE-01,2,net_contents,True,True,match,match,correct,flat-not-annotated,,25.1981,0.001889,2731,349,
ARGUS,Mistral-Large-3,flat,A-WARN-TITLECASE-01,2,bottler_info,True,True,match,match,correct,flat-not-annotated,,25.1981,0.001889,2731,349,
ARGUS,Mistral-Large-3,flat,A-WARN-TITLECASE-01,2,country_of_origin,True,True,not-applicable,not-applicable,correct,flat-not-annotated,,25.1981,0.001889,2731,349,
ARGUS,Mistral-Large-3,flat,A-WARN-TITLECASE-01,2,government_warning,True,True,mismatch,mismatch,correct,flat-not-annotated,,25.1981,0.001889,2731,349,
ARGUS,Mistral-Large-3,flat,A-WARN-TITLECASE-01,3,brand_name,True,True,match,match,correct,flat-not-annotated,,9.3488,0.001889,2731,349,
ARGUS,Mistral-Large-3,flat,A-WARN-TITLECASE-01,3,class_type,True,True,match,match,correct,flat-not-annotated,,9.3488,0.001889,2731,349,
ARGUS,Mistral-Large-3,flat,A-WARN-TITLECASE-01,3,alcohol_content,True,True,match,match,correct,flat-not-annotated,,9.3488,0.001889,2731,349,
ARGUS,Mistral-Large-3,flat,A-WARN-TITLECASE-01,3,net_contents,True,True,match,match,correct,flat-not-annotated,,9.3488,0.001889,2731,349,
ARGUS,Mistral-Large-3,flat,A-WARN-TITLECASE-01,3,bottler_info,True,True,match,match,correct,flat-not-annotated,,9.3488,0.001889,2731,349,
ARGUS,Mistral-Large-3,flat,A-WARN-TITLECASE-01,3,country_of_origin,True,True,not-applicable,not-applicable,correct,flat-not-annotated,,9.3488,0.001889,2731,349,
ARGUS,Mistral-Large-3,flat,A-WARN-TITLECASE-01,3,government_warning,True,True,mismatch,mismatch,correct,flat-not-annotated,,9.3488,0.001889,2731,349,
ARGUS,Mistral-Large-3,flat,A-WARN-BOLDBODY-01,1,brand_name,True,True,match,match,correct,flat-not-annotated,,7.5304,0.001896,2731,354,
ARGUS,Mistral-Large-3,flat,A-WARN-BOLDBODY-01,1,class_type,True,True,match,match,correct,flat-not-annotated,,7.5304,0.001896,2731,354,
ARGUS,Mistral-Large-3,flat,A-WARN-BOLDBODY-01,1,alcohol_content,True,True,match,match,correct,flat-not-annotated,,7.5304,0.001896,2731,354,
ARGUS,Mistral-Large-3,flat,A-WARN-BOLDBODY-01,1,net_contents,True,True,match,match,correct,flat-not-annotated,,7.5304,0.001896,2731,354,
ARGUS,Mistral-Large-3,flat,A-WARN-BOLDBODY-01,1,bottler_info,True,True,match,match,correct,flat-not-annotated,,7.5304,0.001896,2731,354,
ARGUS,Mistral-Large-3,flat,A-WARN-BOLDBODY-01,1,country_of_origin,True,True,not-applicable,not-applicable,correct,flat-not-annotated,,7.5304,0.001896,2731,354,
ARGUS,Mistral-Large-3,flat,A-WARN-BOLDBODY-01,1,government_warning,True,False,mismatch,match,false_match,flat-not-annotated,,7.5304,0.001896,2731,354,
ARGUS,Mistral-Large-3,flat,A-WARN-BOLDBODY-01,2,brand_name,True,True,match,match,correct,flat-not-annotated,,7.0822,0.001896,2731,354,
ARGUS,Mistral-Large-3,flat,A-WARN-BOLDBODY-01,2,class_type,True,True,match,match,correct,flat-not-annotated,,7.0822,0.001896,2731,354,
ARGUS,Mistral-Large-3,flat,A-WARN-BOLDBODY-01,2,alcohol_content,True,True,match,match,correct,flat-not-annotated,,7.0822,0.001896,2731,354,
ARGUS,Mistral-Large-3,flat,A-WARN-BOLDBODY-01,2,net_contents,True,True,match,match,correct,flat-not-annotated,,7.0822,0.001896,2731,354,
ARGUS,Mistral-Large-3,flat,A-WARN-BOLDBODY-01,2,bottler_info,True,True,match,match,correct,flat-not-annotated,,7.0822,0.001896,2731,354,
ARGUS,Mistral-Large-3,flat,A-WARN-BOLDBODY-01,2,country_of_origin,True,True,not-applicable,not-applicable,correct,flat-not-annotated,,7.0822,0.001896,2731,354,
ARGUS,Mistral-Large-3,flat,A-WARN-BOLDBODY-01,2,government_warning,True,False,mismatch,match,false_match,flat-not-annotated,,7.0822,0.001896,2731,354,
ARGUS,Mistral-Large-3,flat,A-WARN-BOLDBODY-01,3,brand_name,True,True,match,match,correct,flat-not-annotated,,6.6279,0.001896,2731,354,
ARGUS,Mistral-Large-3,flat,A-WARN-BOLDBODY-01,3,class_type,True,True,match,match,correct,flat-not-annotated,,6.6279,0.001896,2731,354,
ARGUS,Mistral-Large-3,flat,A-WARN-BOLDBODY-01,3,alcohol_content,True,True,match,match,correct,flat-not-annotated,,6.6279,0.001896,2731,354,
ARGUS,Mistral-Large-3,flat,A-WARN-BOLDBODY-01,3,net_contents,True,True,match,match,correct,flat-not-annotated,,6.6279,0.001896,2731,354,
ARGUS,Mistral-Large-3,flat,A-WARN-BOLDBODY-01,3,bottler_info,True,True,match,match,correct,flat-not-annotated,,6.6279,0.001896,2731,354,
ARGUS,Mistral-Large-3,flat,A-WARN-BOLDBODY-01,3,country_of_origin,True,True,not-applicable,not-applicable,correct,flat-not-annotated,,6.6279,0.001896,2731,354,
ARGUS,Mistral-Large-3,flat,A-WARN-BOLDBODY-01,3,government_warning,True,False,mismatch,match,false_match,flat-not-annotated,,6.6279,0.001896,2731,354,
ARGUS,Mistral-Large-3,flat,A-BRAND-CASE-01,1,brand_name,True,True,match,match,correct,flat-not-annotated,,6.641,0.001892,2731,351,
ARGUS,Mistral-Large-3,flat,A-BRAND-CASE-01,1,class_type,True,True,match,match,correct,flat-not-annotated,,6.641,0.001892,2731,351,
ARGUS,Mistral-Large-3,flat,A-BRAND-CASE-01,1,alcohol_content,True,True,match,match,correct,flat-not-annotated,,6.641,0.001892,2731,351,
ARGUS,Mistral-Large-3,flat,A-BRAND-CASE-01,1,net_contents,True,True,match,match,correct,flat-not-annotated,,6.641,0.001892,2731,351,
ARGUS,Mistral-Large-3,flat,A-BRAND-CASE-01,1,bottler_info,True,True,match,match,correct,flat-not-annotated,,6.641,0.001892,2731,351,
ARGUS,Mistral-Large-3,flat,A-BRAND-CASE-01,1,country_of_origin,True,True,not-applicable,not-applicable,correct,flat-not-annotated,,6.641,0.001892,2731,351,
ARGUS,Mistral-Large-3,flat,A-BRAND-CASE-01,1,government_warning,True,True,match,match,correct,flat-not-annotated,,6.641,0.001892,2731,351,
ARGUS,Mistral-Large-3,flat,A-BRAND-CASE-01,2,brand_name,True,True,match,match,correct,flat-not-annotated,,8.2651,0.001892,2731,351,
ARGUS,Mistral-Large-3,flat,A-BRAND-CASE-01,2,class_type,True,True,match,match,correct,flat-not-annotated,,8.2651,0.001892,2731,351,
ARGUS,Mistral-Large-3,flat,A-BRAND-CASE-01,2,alcohol_content,True,True,match,match,correct,flat-not-annotated,,8.2651,0.001892,2731,351,
ARGUS,Mistral-Large-3,flat,A-BRAND-CASE-01,2,net_contents,True,True,match,match,correct,flat-not-annotated,,8.2651,0.001892,2731,351,
ARGUS,Mistral-Large-3,flat,A-BRAND-CASE-01,2,bottler_info,True,True,match,match,correct,flat-not-annotated,,8.2651,0.001892,2731,351,
ARGUS,Mistral-Large-3,flat,A-BRAND-CASE-01,2,country_of_origin,True,True,not-applicable,not-applicable,correct,flat-not-annotated,,8.2651,0.001892,2731,351,
ARGUS,Mistral-Large-3,flat,A-BRAND-CASE-01,2,government_warning,True,True,match,match,correct,flat-not-annotated,,8.2651,0.001892,2731,351,
ARGUS,Mistral-Large-3,flat,A-BRAND-CASE-01,3,brand_name,True,True,match,match,correct,flat-not-annotated,,7.3255,0.001892,2731,351,
ARGUS,Mistral-Large-3,flat,A-BRAND-CASE-01,3,class_type,True,True,match,match,correct,flat-not-annotated,,7.3255,0.001892,2731,351,
ARGUS,Mistral-Large-3,flat,A-BRAND-CASE-01,3,alcohol_content,True,True,match,match,correct,flat-not-annotated,,7.3255,0.001892,2731,351,
ARGUS,Mistral-Large-3,flat,A-BRAND-CASE-01,3,net_contents,True,True,match,match,correct,flat-not-annotated,,7.3255,0.001892,2731,351,
ARGUS,Mistral-Large-3,flat,A-BRAND-CASE-01,3,bottler_info,True,True,match,match,correct,flat-not-annotated,,7.3255,0.001892,2731,351,
ARGUS,Mistral-Large-3,flat,A-BRAND-CASE-01,3,country_of_origin,True,True,not-applicable,not-applicable,correct,flat-not-annotated,,7.3255,0.001892,2731,351,
ARGUS,Mistral-Large-3,flat,A-BRAND-CASE-01,3,government_warning,True,True,match,match,correct,flat-not-annotated,,7.3255,0.001892,2731,351,
ARGUS,Mistral-Large-3,flat,A-ABV-WRONG-01,1,brand_name,True,True,match,match,correct,flat-not-annotated,,6.2566,0.00189,2731,350,
ARGUS,Mistral-Large-3,flat,A-ABV-WRONG-01,1,class_type,True,True,match,match,correct,flat-not-annotated,,6.2566,0.00189,2731,350,
ARGUS,Mistral-Large-3,flat,A-ABV-WRONG-01,1,alcohol_content,True,True,mismatch,mismatch,correct,flat-not-annotated,,6.2566,0.00189,2731,350,
ARGUS,Mistral-Large-3,flat,A-ABV-WRONG-01,1,net_contents,True,True,match,match,correct,flat-not-annotated,,6.2566,0.00189,2731,350,
ARGUS,Mistral-Large-3,flat,A-ABV-WRONG-01,1,bottler_info,True,True,match,match,correct,flat-not-annotated,,6.2566,0.00189,2731,350,
ARGUS,Mistral-Large-3,flat,A-ABV-WRONG-01,1,country_of_origin,True,True,not-applicable,not-applicable,correct,flat-not-annotated,,6.2566,0.00189,2731,350,
ARGUS,Mistral-Large-3,flat,A-ABV-WRONG-01,1,government_warning,True,True,match,match,correct,flat-not-annotated,,6.2566,0.00189,2731,350,
ARGUS,Mistral-Large-3,flat,A-ABV-WRONG-01,2,brand_name,True,True,match,match,correct,flat-not-annotated,,6.7809,0.001896,2731,354,
ARGUS,Mistral-Large-3,flat,A-ABV-WRONG-01,2,class_type,True,True,match,match,correct,flat-not-annotated,,6.7809,0.001896,2731,354,
ARGUS,Mistral-Large-3,flat,A-ABV-WRONG-01,2,alcohol_content,True,True,mismatch,mismatch,correct,flat-not-annotated,,6.7809,0.001896,2731,354,
ARGUS,Mistral-Large-3,flat,A-ABV-WRONG-01,2,net_contents,True,True,match,match,correct,flat-not-annotated,,6.7809,0.001896,2731,354,
ARGUS,Mistral-Large-3,flat,A-ABV-WRONG-01,2,bottler_info,True,True,match,match,correct,flat-not-annotated,,6.7809,0.001896,2731,354,
ARGUS,Mistral-Large-3,flat,A-ABV-WRONG-01,2,country_of_origin,True,False,not-applicable,not-applicable,correct,flat-not-annotated,,6.7809,0.001896,2731,354,
ARGUS,Mistral-Large-3,flat,A-ABV-WRONG-01,2,government_warning,True,True,match,match,correct,flat-not-annotated,,6.7809,0.001896,2731,354,
ARGUS,Mistral-Large-3,flat,A-ABV-WRONG-01,3,brand_name,True,True,match,match,correct,flat-not-annotated,,5.7984,0.001896,2731,354,
ARGUS,Mistral-Large-3,flat,A-ABV-WRONG-01,3,class_type,True,True,match,match,correct,flat-not-annotated,,5.7984,0.001896,2731,354,
ARGUS,Mistral-Large-3,flat,A-ABV-WRONG-01,3,alcohol_content,True,True,mismatch,mismatch,correct,flat-not-annotated,,5.7984,0.001896,2731,354,
ARGUS,Mistral-Large-3,flat,A-ABV-WRONG-01,3,net_contents,True,True,match,match,correct,flat-not-annotated,,5.7984,0.001896,2731,354,
ARGUS,Mistral-Large-3,flat,A-ABV-WRONG-01,3,bottler_info,True,True,match,match,correct,flat-not-annotated,,5.7984,0.001896,2731,354,
ARGUS,Mistral-Large-3,flat,A-ABV-WRONG-01,3,country_of_origin,True,False,not-applicable,not-applicable,correct,flat-not-annotated,,5.7984,0.001896,2731,354,
ARGUS,Mistral-Large-3,flat,A-ABV-WRONG-01,3,government_warning,True,True,match,match,correct,flat-not-annotated,,5.7984,0.001896,2731,354,
ARGUS,Mistral-Large-3,flat,A-FIELD-MISSING-01,1,brand_name,True,True,match,match,correct,flat-not-annotated,,10.8129,0.00186,2731,330,
ARGUS,Mistral-Large-3,flat,A-FIELD-MISSING-01,1,class_type,True,True,match,match,correct,flat-not-annotated,,10.8129,0.00186,2731,330,
ARGUS,Mistral-Large-3,flat,A-FIELD-MISSING-01,1,alcohol_content,True,True,match,match,correct,flat-not-annotated,,10.8129,0.00186,2731,330,
ARGUS,Mistral-Large-3,flat,A-FIELD-MISSING-01,1,net_contents,True,True,needs-review,needs-review,referral,flat-not-annotated,,10.8129,0.00186,2731,330,
ARGUS,Mistral-Large-3,flat,A-FIELD-MISSING-01,1,bottler_info,True,True,needs-review,needs-review,referral,flat-not-annotated,,10.8129,0.00186,2731,330,
ARGUS,Mistral-Large-3,flat,A-FIELD-MISSING-01,1,country_of_origin,True,True,not-applicable,not-applicable,correct,flat-not-annotated,,10.8129,0.00186,2731,330,
ARGUS,Mistral-Large-3,flat,A-FIELD-MISSING-01,1,government_warning,True,True,match,match,correct,flat-not-annotated,,10.8129,0.00186,2731,330,
ARGUS,Mistral-Large-3,flat,A-FIELD-MISSING-01,2,brand_name,True,True,match,match,correct,flat-not-annotated,,6.8236,0.00186,2731,330,
ARGUS,Mistral-Large-3,flat,A-FIELD-MISSING-01,2,class_type,True,True,match,match,correct,flat-not-annotated,,6.8236,0.00186,2731,330,
ARGUS,Mistral-Large-3,flat,A-FIELD-MISSING-01,2,alcohol_content,True,True,match,match,correct,flat-not-annotated,,6.8236,0.00186,2731,330,
ARGUS,Mistral-Large-3,flat,A-FIELD-MISSING-01,2,net_contents,True,True,needs-review,needs-review,referral,flat-not-annotated,,6.8236,0.00186,2731,330,
ARGUS,Mistral-Large-3,flat,A-FIELD-MISSING-01,2,bottler_info,True,True,needs-review,needs-review,referral,flat-not-annotated,,6.8236,0.00186,2731,330,
ARGUS,Mistral-Large-3,flat,A-FIELD-MISSING-01,2,country_of_origin,True,True,not-applicable,not-applicable,correct,flat-not-annotated,,6.8236,0.00186,2731,330,
ARGUS,Mistral-Large-3,flat,A-FIELD-MISSING-01,2,government_warning,True,True,match,match,correct,flat-not-annotated,,6.8236,0.00186,2731,330,
ARGUS,Mistral-Large-3,flat,A-FIELD-MISSING-01,3,brand_name,True,True,match,match,correct,flat-not-annotated,,6.9415,0.00186,2731,330,
ARGUS,Mistral-Large-3,flat,A-FIELD-MISSING-01,3,class_type,True,True,match,match,correct,flat-not-annotated,,6.9415,0.00186,2731,330,
ARGUS,Mistral-Large-3,flat,A-FIELD-MISSING-01,3,alcohol_content,True,True,match,match,correct,flat-not-annotated,,6.9415,0.00186,2731,330,
ARGUS,Mistral-Large-3,flat,A-FIELD-MISSING-01,3,net_contents,True,True,needs-review,needs-review,referral,flat-not-annotated,,6.9415,0.00186,2731,330,
ARGUS,Mistral-Large-3,flat,A-FIELD-MISSING-01,3,bottler_info,True,True,needs-review,needs-review,referral,flat-not-annotated,,6.9415,0.00186,2731,330,
ARGUS,Mistral-Large-3,flat,A-FIELD-MISSING-01,3,country_of_origin,True,True,not-applicable,not-applicable,correct,flat-not-annotated,,6.9415,0.00186,2731,330,
ARGUS,Mistral-Large-3,flat,A-FIELD-MISSING-01,3,government_warning,True,True,match,match,correct,flat-not-annotated,,6.9415,0.00186,2731,330,
ARGUS,Mistral-Large-3,flat,A-INJECT-PROMPT-01,1,brand_name,True,True,match,match,correct,flat-not-annotated,,8.2841,0.001886,2731,347,
ARGUS,Mistral-Large-3,flat,A-INJECT-PROMPT-01,1,class_type,True,True,match,match,correct,flat-not-annotated,,8.2841,0.001886,2731,347,
ARGUS,Mistral-Large-3,flat,A-INJECT-PROMPT-01,1,alcohol_content,True,True,mismatch,mismatch,correct,flat-not-annotated,,8.2841,0.001886,2731,347,
ARGUS,Mistral-Large-3,flat,A-INJECT-PROMPT-01,1,net_contents,True,True,match,match,correct,flat-not-annotated,,8.2841,0.001886,2731,347,
ARGUS,Mistral-Large-3,flat,A-INJECT-PROMPT-01,1,bottler_info,True,True,match,match,correct,flat-not-annotated,,8.2841,0.001886,2731,347,
ARGUS,Mistral-Large-3,flat,A-INJECT-PROMPT-01,1,country_of_origin,True,True,not-applicable,not-applicable,correct,flat-not-annotated,,8.2841,0.001886,2731,347,
ARGUS,Mistral-Large-3,flat,A-INJECT-PROMPT-01,1,government_warning,True,True,match,match,correct,flat-not-annotated,,8.2841,0.001886,2731,347,
ARGUS,Mistral-Large-3,flat,A-INJECT-PROMPT-01,2,brand_name,True,True,match,match,correct,flat-not-annotated,,6.2949,0.001886,2731,347,
ARGUS,Mistral-Large-3,flat,A-INJECT-PROMPT-01,2,class_type,True,True,match,match,correct,flat-not-annotated,,6.2949,0.001886,2731,347,
ARGUS,Mistral-Large-3,flat,A-INJECT-PROMPT-01,2,alcohol_content,True,True,mismatch,mismatch,correct,flat-not-annotated,,6.2949,0.001886,2731,347,
ARGUS,Mistral-Large-3,flat,A-INJECT-PROMPT-01,2,net_contents,True,True,match,match,correct,flat-not-annotated,,6.2949,0.001886,2731,347,
ARGUS,Mistral-Large-3,flat,A-INJECT-PROMPT-01,2,bottler_info,True,True,match,match,correct,flat-not-annotated,,6.2949,0.001886,2731,347,
ARGUS,Mistral-Large-3,flat,A-INJECT-PROMPT-01,2,country_of_origin,True,True,not-applicable,not-applicable,correct,flat-not-annotated,,6.2949,0.001886,2731,347,
ARGUS,Mistral-Large-3,flat,A-INJECT-PROMPT-01,2,government_warning,True,True,match,match,correct,flat-not-annotated,,6.2949,0.001886,2731,347,
ARGUS,Mistral-Large-3,flat,A-INJECT-PROMPT-01,3,brand_name,True,True,match,match,correct,flat-not-annotated,,8.6978,0.001886,2731,347,
ARGUS,Mistral-Large-3,flat,A-INJECT-PROMPT-01,3,class_type,True,True,match,match,correct,flat-not-annotated,,8.6978,0.001886,2731,347,
ARGUS,Mistral-Large-3,flat,A-INJECT-PROMPT-01,3,alcohol_content,True,True,mismatch,mismatch,correct,flat-not-annotated,,8.6978,0.001886,2731,347,
ARGUS,Mistral-Large-3,flat,A-INJECT-PROMPT-01,3,net_contents,True,True,match,match,correct,flat-not-annotated,,8.6978,0.001886,2731,347,
ARGUS,Mistral-Large-3,flat,A-INJECT-PROMPT-01,3,bottler_info,True,True,match,match,correct,flat-not-annotated,,8.6978,0.001886,2731,347,
ARGUS,Mistral-Large-3,flat,A-INJECT-PROMPT-01,3,country_of_origin,True,True,not-applicable,not-applicable,correct,flat-not-annotated,,8.6978,0.001886,2731,347,
ARGUS,Mistral-Large-3,flat,A-INJECT-PROMPT-01,3,government_warning,True,True,match,match,correct,flat-not-annotated,,8.6978,0.001886,2731,347,
ARGUS,Mistral-Large-3,flat,W-BRAND-WRONG-01,1,brand_name,True,True,mismatch,mismatch,correct,flat-not-annotated,,6.6806,0.001892,2731,351,
ARGUS,Mistral-Large-3,flat,W-BRAND-WRONG-01,1,class_type,True,True,match,match,correct,flat-not-annotated,,6.6806,0.001892,2731,351,
ARGUS,Mistral-Large-3,flat,W-BRAND-WRONG-01,1,alcohol_content,True,True,match,match,correct,flat-not-annotated,,6.6806,0.001892,2731,351,
ARGUS,Mistral-Large-3,flat,W-BRAND-WRONG-01,1,net_contents,True,True,match,match,correct,flat-not-annotated,,6.6806,0.001892,2731,351,
ARGUS,Mistral-Large-3,flat,W-BRAND-WRONG-01,1,bottler_info,True,True,match,match,correct,flat-not-annotated,,6.6806,0.001892,2731,351,
ARGUS,Mistral-Large-3,flat,W-BRAND-WRONG-01,1,country_of_origin,True,True,not-applicable,not-applicable,correct,flat-not-annotated,,6.6806,0.001892,2731,351,
ARGUS,Mistral-Large-3,flat,W-BRAND-WRONG-01,1,government_warning,True,True,match,match,correct,flat-not-annotated,,6.6806,0.001892,2731,351,
ARGUS,Mistral-Large-3,flat,W-BRAND-WRONG-01,2,brand_name,True,True,mismatch,mismatch,correct,flat-not-annotated,,11.0252,0.001892,2731,351,
ARGUS,Mistral-Large-3,flat,W-BRAND-WRONG-01,2,class_type,True,True,match,match,correct,flat-not-annotated,,11.0252,0.001892,2731,351,
ARGUS,Mistral-Large-3,flat,W-BRAND-WRONG-01,2,alcohol_content,True,True,match,match,correct,flat-not-annotated,,11.0252,0.001892,2731,351,
ARGUS,Mistral-Large-3,flat,W-BRAND-WRONG-01,2,net_contents,True,True,match,match,correct,flat-not-annotated,,11.0252,0.001892,2731,351,
ARGUS,Mistral-Large-3,flat,W-BRAND-WRONG-01,2,bottler_info,True,True,match,match,correct,flat-not-annotated,,11.0252,0.001892,2731,351,
ARGUS,Mistral-Large-3,flat,W-BRAND-WRONG-01,2,country_of_origin,True,True,not-applicable,not-applicable,correct,flat-not-annotated,,11.0252,0.001892,2731,351,
ARGUS,Mistral-Large-3,flat,W-BRAND-WRONG-01,2,government_warning,True,True,match,match,correct,flat-not-annotated,,11.0252,0.001892,2731,351,
ARGUS,Mistral-Large-3,flat,W-BRAND-WRONG-01,3,brand_name,True,True,mismatch,mismatch,correct,flat-not-annotated,,6.8065,0.001892,2731,351,
ARGUS,Mistral-Large-3,flat,W-BRAND-WRONG-01,3,class_type,True,True,match,match,correct,flat-not-annotated,,6.8065,0.001892,2731,351,
ARGUS,Mistral-Large-3,flat,W-BRAND-WRONG-01,3,alcohol_content,True,True,match,match,correct,flat-not-annotated,,6.8065,0.001892,2731,351,
ARGUS,Mistral-Large-3,flat,W-BRAND-WRONG-01,3,net_contents,True,True,match,match,correct,flat-not-annotated,,6.8065,0.001892,2731,351,
ARGUS,Mistral-Large-3,flat,W-BRAND-WRONG-01,3,bottler_info,True,True,match,match,correct,flat-not-annotated,,6.8065,0.001892,2731,351,
ARGUS,Mistral-Large-3,flat,W-BRAND-WRONG-01,3,country_of_origin,True,True,not-applicable,not-applicable,correct,flat-not-annotated,,6.8065,0.001892,2731,351,
ARGUS,Mistral-Large-3,flat,W-BRAND-WRONG-01,3,government_warning,True,True,match,match,correct,flat-not-annotated,,6.8065,0.001892,2731,351,
ARGUS,Mistral-Large-3,flat,W-ABV-4045-01,1,brand_name,True,True,match,match,correct,flat-not-annotated,,9.78,0.00191,2731,363,
ARGUS,Mistral-Large-3,flat,W-ABV-4045-01,1,class_type,True,True,match,match,correct,flat-not-annotated,,9.78,0.00191,2731,363,
ARGUS,Mistral-Large-3,flat,W-ABV-4045-01,1,alcohol_content,True,True,mismatch,mismatch,correct,flat-not-annotated,,9.78,0.00191,2731,363,
ARGUS,Mistral-Large-3,flat,W-ABV-4045-01,1,net_contents,True,True,match,match,correct,flat-not-annotated,,9.78,0.00191,2731,363,
ARGUS,Mistral-Large-3,flat,W-ABV-4045-01,1,bottler_info,True,True,match,match,correct,flat-not-annotated,,9.78,0.00191,2731,363,
ARGUS,Mistral-Large-3,flat,W-ABV-4045-01,1,country_of_origin,True,True,not-applicable,not-applicable,correct,flat-not-annotated,,9.78,0.00191,2731,363,
ARGUS,Mistral-Large-3,flat,W-ABV-4045-01,1,government_warning,True,True,match,match,correct,flat-not-annotated,,9.78,0.00191,2731,363,
ARGUS,Mistral-Large-3,flat,W-ABV-4045-01,2,brand_name,True,True,match,match,correct,flat-not-annotated,,8.1626,0.00191,2731,363,
ARGUS,Mistral-Large-3,flat,W-ABV-4045-01,2,class_type,True,True,match,match,correct,flat-not-annotated,,8.1626,0.00191,2731,363,
ARGUS,Mistral-Large-3,flat,W-ABV-4045-01,2,alcohol_content,True,True,mismatch,mismatch,correct,flat-not-annotated,,8.1626,0.00191,2731,363,
ARGUS,Mistral-Large-3,flat,W-ABV-4045-01,2,net_contents,True,True,match,match,correct,flat-not-annotated,,8.1626,0.00191,2731,363,
ARGUS,Mistral-Large-3,flat,W-ABV-4045-01,2,bottler_info,True,True,match,match,correct,flat-not-annotated,,8.1626,0.00191,2731,363,
ARGUS,Mistral-Large-3,flat,W-ABV-4045-01,2,country_of_origin,True,True,not-applicable,not-applicable,correct,flat-not-annotated,,8.1626,0.00191,2731,363,
ARGUS,Mistral-Large-3,flat,W-ABV-4045-01,2,government_warning,True,True,match,match,correct,flat-not-annotated,,8.1626,0.00191,2731,363,
ARGUS,Mistral-Large-3,flat,W-ABV-4045-01,3,brand_name,True,True,match,match,correct,flat-not-annotated,,10.8649,0.00191,2731,363,
ARGUS,Mistral-Large-3,flat,W-ABV-4045-01,3,class_type,True,True,match,match,correct,flat-not-annotated,,10.8649,0.00191,2731,363,
ARGUS,Mistral-Large-3,flat,W-ABV-4045-01,3,alcohol_content,True,True,mismatch,mismatch,correct,flat-not-annotated,,10.8649,0.00191,2731,363,
ARGUS,Mistral-Large-3,flat,W-ABV-4045-01,3,net_contents,True,True,match,match,correct,flat-not-annotated,,10.8649,0.00191,2731,363,
ARGUS,Mistral-Large-3,flat,W-ABV-4045-01,3,bottler_info,True,True,match,match,correct,flat-not-annotated,,10.8649,0.00191,2731,363,
ARGUS,Mistral-Large-3,flat,W-ABV-4045-01,3,country_of_origin,True,True,not-applicable,not-applicable,correct,flat-not-annotated,,10.8649,0.00191,2731,363,
ARGUS,Mistral-Large-3,flat,W-ABV-4045-01,3,government_warning,True,True,match,match,correct,flat-not-annotated,,10.8649,0.00191,2731,363,
ARGUS,Mistral-Large-3,flat,W-NETCONTENTS-WRONG-01,1,brand_name,True,True,match,match,correct,flat-not-annotated,,9.4379,0.001894,2731,352,
ARGUS,Mistral-Large-3,flat,W-NETCONTENTS-WRONG-01,1,class_type,True,True,match,match,correct,flat-not-annotated,,9.4379,0.001894,2731,352,
ARGUS,Mistral-Large-3,flat,W-NETCONTENTS-WRONG-01,1,alcohol_content,True,True,match,match,correct,flat-not-annotated,,9.4379,0.001894,2731,352,
ARGUS,Mistral-Large-3,flat,W-NETCONTENTS-WRONG-01,1,net_contents,True,True,mismatch,mismatch,correct,flat-not-annotated,,9.4379,0.001894,2731,352,
ARGUS,Mistral-Large-3,flat,W-NETCONTENTS-WRONG-01,1,bottler_info,True,True,match,match,correct,flat-not-annotated,,9.4379,0.001894,2731,352,
ARGUS,Mistral-Large-3,flat,W-NETCONTENTS-WRONG-01,1,country_of_origin,True,False,not-applicable,not-applicable,correct,flat-not-annotated,,9.4379,0.001894,2731,352,
ARGUS,Mistral-Large-3,flat,W-NETCONTENTS-WRONG-01,1,government_warning,True,True,match,match,correct,flat-not-annotated,,9.4379,0.001894,2731,352,
ARGUS,Mistral-Large-3,flat,W-NETCONTENTS-WRONG-01,2,brand_name,True,True,match,match,correct,flat-not-annotated,,9.7896,0.001892,2731,351,
ARGUS,Mistral-Large-3,flat,W-NETCONTENTS-WRONG-01,2,class_type,True,True,match,match,correct,flat-not-annotated,,9.7896,0.001892,2731,351,
ARGUS,Mistral-Large-3,flat,W-NETCONTENTS-WRONG-01,2,alcohol_content,True,True,match,match,correct,flat-not-annotated,,9.7896,0.001892,2731,351,
ARGUS,Mistral-Large-3,flat,W-NETCONTENTS-WRONG-01,2,net_contents,True,True,mismatch,mismatch,correct,flat-not-annotated,,9.7896,0.001892,2731,351,
ARGUS,Mistral-Large-3,flat,W-NETCONTENTS-WRONG-01,2,bottler_info,True,True,match,match,correct,flat-not-annotated,,9.7896,0.001892,2731,351,
ARGUS,Mistral-Large-3,flat,W-NETCONTENTS-WRONG-01,2,country_of_origin,True,False,not-applicable,not-applicable,correct,flat-not-annotated,,9.7896,0.001892,2731,351,
ARGUS,Mistral-Large-3,flat,W-NETCONTENTS-WRONG-01,2,government_warning,True,True,match,match,correct,flat-not-annotated,,9.7896,0.001892,2731,351,
ARGUS,Mistral-Large-3,flat,W-NETCONTENTS-WRONG-01,3,brand_name,True,True,match,match,correct,flat-not-annotated,,19.2455,0.001894,2731,352,
ARGUS,Mistral-Large-3,flat,W-NETCONTENTS-WRONG-01,3,class_type,True,True,match,match,correct,flat-not-annotated,,19.2455,0.001894,2731,352,
ARGUS,Mistral-Large-3,flat,W-NETCONTENTS-WRONG-01,3,alcohol_content,True,True,match,match,correct,flat-not-annotated,,19.2455,0.001894,2731,352,
ARGUS,Mistral-Large-3,flat,W-NETCONTENTS-WRONG-01,3,net_contents,True,True,mismatch,mismatch,correct,flat-not-annotated,,19.2455,0.001894,2731,352,
ARGUS,Mistral-Large-3,flat,W-NETCONTENTS-WRONG-01,3,bottler_info,True,True,match,match,correct,flat-not-annotated,,19.2455,0.001894,2731,352,
ARGUS,Mistral-Large-3,flat,W-NETCONTENTS-WRONG-01,3,country_of_origin,True,False,not-applicable,not-applicable,correct,flat-not-annotated,,19.2455,0.001894,2731,352,
ARGUS,Mistral-Large-3,flat,W-NETCONTENTS-WRONG-01,3,government_warning,True,True,match,match,correct,flat-not-annotated,,19.2455,0.001894,2731,352,
ARGUS,Mistral-Large-3,flat,W-WARN-REWORD-01,1,brand_name,True,True,match,match,correct,flat-not-annotated,,8.4533,0.001894,2731,352,
ARGUS,Mistral-Large-3,flat,W-WARN-REWORD-01,1,class_type,True,True,match,match,correct,flat-not-annotated,,8.4533,0.001894,2731,352,
ARGUS,Mistral-Large-3,flat,W-WARN-REWORD-01,1,alcohol_content,True,True,match,match,correct,flat-not-annotated,,8.4533,0.001894,2731,352,
ARGUS,Mistral-Large-3,flat,W-WARN-REWORD-01,1,net_contents,True,True,match,match,correct,flat-not-annotated,,8.4533,0.001894,2731,352,
ARGUS,Mistral-Large-3,flat,W-WARN-REWORD-01,1,bottler_info,True,True,match,match,correct,flat-not-annotated,,8.4533,0.001894,2731,352,
ARGUS,Mistral-Large-3,flat,W-WARN-REWORD-01,1,country_of_origin,True,True,not-applicable,not-applicable,correct,flat-not-annotated,,8.4533,0.001894,2731,352,
ARGUS,Mistral-Large-3,flat,W-WARN-REWORD-01,1,government_warning,True,True,mismatch,mismatch,correct,flat-not-annotated,,8.4533,0.001894,2731,352,
ARGUS,Mistral-Large-3,flat,W-WARN-REWORD-01,2,brand_name,True,True,match,match,correct,flat-not-annotated,,6.4141,0.001894,2731,352,
ARGUS,Mistral-Large-3,flat,W-WARN-REWORD-01,2,class_type,True,True,match,match,correct,flat-not-annotated,,6.4141,0.001894,2731,352,
ARGUS,Mistral-Large-3,flat,W-WARN-REWORD-01,2,alcohol_content,True,True,match,match,correct,flat-not-annotated,,6.4141,0.001894,2731,352,
ARGUS,Mistral-Large-3,flat,W-WARN-REWORD-01,2,net_contents,True,True,match,match,correct,flat-not-annotated,,6.4141,0.001894,2731,352,
ARGUS,Mistral-Large-3,flat,W-WARN-REWORD-01,2,bottler_info,True,True,match,match,correct,flat-not-annotated,,6.4141,0.001894,2731,352,
ARGUS,Mistral-Large-3,flat,W-WARN-REWORD-01,2,country_of_origin,True,True,not-applicable,not-applicable,correct,flat-not-annotated,,6.4141,0.001894,2731,352,
ARGUS,Mistral-Large-3,flat,W-WARN-REWORD-01,2,government_warning,True,True,mismatch,mismatch,correct,flat-not-annotated,,6.4141,0.001894,2731,352,
ARGUS,Mistral-Large-3,flat,W-WARN-REWORD-01,3,brand_name,True,True,match,match,correct,flat-not-annotated,,17.9151,0.001894,2731,352,
ARGUS,Mistral-Large-3,flat,W-WARN-REWORD-01,3,class_type,True,True,match,match,correct,flat-not-annotated,,17.9151,0.001894,2731,352,
ARGUS,Mistral-Large-3,flat,W-WARN-REWORD-01,3,alcohol_content,True,True,match,match,correct,flat-not-annotated,,17.9151,0.001894,2731,352,
ARGUS,Mistral-Large-3,flat,W-WARN-REWORD-01,3,net_contents,True,True,match,match,correct,flat-not-annotated,,17.9151,0.001894,2731,352,
ARGUS,Mistral-Large-3,flat,W-WARN-REWORD-01,3,bottler_info,True,True,match,match,correct,flat-not-annotated,,17.9151,0.001894,2731,352,
ARGUS,Mistral-Large-3,flat,W-WARN-REWORD-01,3,country_of_origin,True,True,not-applicable,not-applicable,correct,flat-not-annotated,,17.9151,0.001894,2731,352,
ARGUS,Mistral-Large-3,flat,W-WARN-REWORD-01,3,government_warning,True,True,mismatch,mismatch,correct,flat-not-annotated,,17.9151,0.001894,2731,352,
ARGUS,Mistral-Large-3,flat,W-BRAND-SPLITLINE-01,1,brand_name,True,True,match,match,correct,flat-not-annotated,,6.8797,0.001892,2731,351,
ARGUS,Mistral-Large-3,flat,W-BRAND-SPLITLINE-01,1,class_type,True,True,match,match,correct,flat-not-annotated,,6.8797,0.001892,2731,351,
ARGUS,Mistral-Large-3,flat,W-BRAND-SPLITLINE-01,1,alcohol_content,True,True,match,match,correct,flat-not-annotated,,6.8797,0.001892,2731,351,
ARGUS,Mistral-Large-3,flat,W-BRAND-SPLITLINE-01,1,net_contents,True,True,match,match,correct,flat-not-annotated,,6.8797,0.001892,2731,351,
ARGUS,Mistral-Large-3,flat,W-BRAND-SPLITLINE-01,1,bottler_info,True,True,match,match,correct,flat-not-annotated,,6.8797,0.001892,2731,351,
ARGUS,Mistral-Large-3,flat,W-BRAND-SPLITLINE-01,1,country_of_origin,True,True,not-applicable,not-applicable,correct,flat-not-annotated,,6.8797,0.001892,2731,351,
ARGUS,Mistral-Large-3,flat,W-BRAND-SPLITLINE-01,1,government_warning,True,True,match,match,correct,flat-not-annotated,,6.8797,0.001892,2731,351,
ARGUS,Mistral-Large-3,flat,W-BRAND-SPLITLINE-01,2,brand_name,True,True,match,match,correct,flat-not-annotated,,6.5,0.001895,2731,353,
ARGUS,Mistral-Large-3,flat,W-BRAND-SPLITLINE-01,2,class_type,True,True,match,match,correct,flat-not-annotated,,6.5,0.001895,2731,353,
ARGUS,Mistral-Large-3,flat,W-BRAND-SPLITLINE-01,2,alcohol_content,True,True,match,match,correct,flat-not-annotated,,6.5,0.001895,2731,353,
ARGUS,Mistral-Large-3,flat,W-BRAND-SPLITLINE-01,2,net_contents,True,True,match,match,correct,flat-not-annotated,,6.5,0.001895,2731,353,
ARGUS,Mistral-Large-3,flat,W-BRAND-SPLITLINE-01,2,bottler_info,True,True,match,match,correct,flat-not-annotated,,6.5,0.001895,2731,353,
ARGUS,Mistral-Large-3,flat,W-BRAND-SPLITLINE-01,2,country_of_origin,True,True,not-applicable,not-applicable,correct,flat-not-annotated,,6.5,0.001895,2731,353,
ARGUS,Mistral-Large-3,flat,W-BRAND-SPLITLINE-01,2,government_warning,True,True,match,match,correct,flat-not-annotated,,6.5,0.001895,2731,353,
ARGUS,Mistral-Large-3,flat,W-BRAND-SPLITLINE-01,3,brand_name,True,True,match,match,correct,flat-not-annotated,,8.129,0.001892,2731,351,
ARGUS,Mistral-Large-3,flat,W-BRAND-SPLITLINE-01,3,class_type,True,True,match,match,correct,flat-not-annotated,,8.129,0.001892,2731,351,
ARGUS,Mistral-Large-3,flat,W-BRAND-SPLITLINE-01,3,alcohol_content,True,True,match,match,correct,flat-not-annotated,,8.129,0.001892,2731,351,
ARGUS,Mistral-Large-3,flat,W-BRAND-SPLITLINE-01,3,net_contents,True,True,match,match,correct,flat-not-annotated,,8.129,0.001892,2731,351,
ARGUS,Mistral-Large-3,flat,W-BRAND-SPLITLINE-01,3,bottler_info,True,True,match,match,correct,flat-not-annotated,,8.129,0.001892,2731,351,
ARGUS,Mistral-Large-3,flat,W-BRAND-SPLITLINE-01,3,country_of_origin,True,True,not-applicable,not-applicable,correct,flat-not-annotated,,8.129,0.001892,2731,351,
ARGUS,Mistral-Large-3,flat,W-BRAND-SPLITLINE-01,3,government_warning,True,True,match,match,correct,flat-not-annotated,,8.129,0.001892,2731,351,
ARGUS,Mistral-Large-3,flat,D-BLUR-01,1,brand_name,True,True,match,match,correct,flat-not-annotated,,11.6736,0.001892,2731,351,
ARGUS,Mistral-Large-3,flat,D-BLUR-01,1,class_type,True,True,match,match,correct,flat-not-annotated,,11.6736,0.001892,2731,351,
ARGUS,Mistral-Large-3,flat,D-BLUR-01,1,alcohol_content,True,True,match,match,correct,flat-not-annotated,,11.6736,0.001892,2731,351,
ARGUS,Mistral-Large-3,flat,D-BLUR-01,1,net_contents,True,True,match,match,correct,flat-not-annotated,,11.6736,0.001892,2731,351,
ARGUS,Mistral-Large-3,flat,D-BLUR-01,1,bottler_info,True,True,match,match,correct,flat-not-annotated,,11.6736,0.001892,2731,351,
ARGUS,Mistral-Large-3,flat,D-BLUR-01,1,country_of_origin,True,True,not-applicable,not-applicable,correct,flat-not-annotated,,11.6736,0.001892,2731,351,
ARGUS,Mistral-Large-3,flat,D-BLUR-01,1,government_warning,True,True,match,match,correct,flat-not-annotated,,11.6736,0.001892,2731,351,
ARGUS,Mistral-Large-3,flat,D-BLUR-01,2,brand_name,True,True,match,match,correct,flat-not-annotated,,6.5467,0.001892,2731,351,
ARGUS,Mistral-Large-3,flat,D-BLUR-01,2,class_type,True,True,match,match,correct,flat-not-annotated,,6.5467,0.001892,2731,351,
ARGUS,Mistral-Large-3,flat,D-BLUR-01,2,alcohol_content,True,True,match,match,correct,flat-not-annotated,,6.5467,0.001892,2731,351,
ARGUS,Mistral-Large-3,flat,D-BLUR-01,2,net_contents,True,True,match,match,correct,flat-not-annotated,,6.5467,0.001892,2731,351,
ARGUS,Mistral-Large-3,flat,D-BLUR-01,2,bottler_info,True,True,match,match,correct,flat-not-annotated,,6.5467,0.001892,2731,351,
ARGUS,Mistral-Large-3,flat,D-BLUR-01,2,country_of_origin,True,True,not-applicable,not-applicable,correct,flat-not-annotated,,6.5467,0.001892,2731,351,
ARGUS,Mistral-Large-3,flat,D-BLUR-01,2,government_warning,True,True,match,match,correct,flat-not-annotated,,6.5467,0.001892,2731,351,
ARGUS,Mistral-Large-3,flat,D-BLUR-01,3,brand_name,True,True,match,match,correct,flat-not-annotated,,9.7829,0.001892,2731,351,
ARGUS,Mistral-Large-3,flat,D-BLUR-01,3,class_type,True,True,match,match,correct,flat-not-annotated,,9.7829,0.001892,2731,351,
ARGUS,Mistral-Large-3,flat,D-BLUR-01,3,alcohol_content,True,True,match,match,correct,flat-not-annotated,,9.7829,0.001892,2731,351,
ARGUS,Mistral-Large-3,flat,D-BLUR-01,3,net_contents,True,True,match,match,correct,flat-not-annotated,,9.7829,0.001892,2731,351,
ARGUS,Mistral-Large-3,flat,D-BLUR-01,3,bottler_info,True,True,match,match,correct,flat-not-annotated,,9.7829,0.001892,2731,351,
ARGUS,Mistral-Large-3,flat,D-BLUR-01,3,country_of_origin,True,True,not-applicable,not-applicable,correct,flat-not-annotated,,9.7829,0.001892,2731,351,
ARGUS,Mistral-Large-3,flat,D-BLUR-01,3,government_warning,True,True,match,match,correct,flat-not-annotated,,9.7829,0.001892,2731,351,
ARGUS,Mistral-Large-3,flat,D-WARP-01,1,brand_name,True,True,match,match,correct,flat-not-annotated,,9.0162,0.001896,2731,354,
ARGUS,Mistral-Large-3,flat,D-WARP-01,1,class_type,True,True,match,match,correct,flat-not-annotated,,9.0162,0.001896,2731,354,
ARGUS,Mistral-Large-3,flat,D-WARP-01,1,alcohol_content,True,True,match,match,correct,flat-not-annotated,,9.0162,0.001896,2731,354,
ARGUS,Mistral-Large-3,flat,D-WARP-01,1,net_contents,True,True,match,match,correct,flat-not-annotated,,9.0162,0.001896,2731,354,
ARGUS,Mistral-Large-3,flat,D-WARP-01,1,bottler_info,True,True,match,match,correct,flat-not-annotated,,9.0162,0.001896,2731,354,
ARGUS,Mistral-Large-3,flat,D-WARP-01,1,country_of_origin,True,True,not-applicable,not-applicable,correct,flat-not-annotated,,9.0162,0.001896,2731,354,
ARGUS,Mistral-Large-3,flat,D-WARP-01,1,government_warning,True,True,match,match,correct,flat-not-annotated,,9.0162,0.001896,2731,354,
ARGUS,Mistral-Large-3,flat,D-WARP-01,2,brand_name,True,True,match,match,correct,flat-not-annotated,,12.8932,0.001896,2731,354,
ARGUS,Mistral-Large-3,flat,D-WARP-01,2,class_type,True,True,match,match,correct,flat-not-annotated,,12.8932,0.001896,2731,354,
ARGUS,Mistral-Large-3,flat,D-WARP-01,2,alcohol_content,True,True,match,match,correct,flat-not-annotated,,12.8932,0.001896,2731,354,
ARGUS,Mistral-Large-3,flat,D-WARP-01,2,net_contents,True,True,match,match,correct,flat-not-annotated,,12.8932,0.001896,2731,354,
ARGUS,Mistral-Large-3,flat,D-WARP-01,2,bottler_info,True,True,match,match,correct,flat-not-annotated,,12.8932,0.001896,2731,354,
ARGUS,Mistral-Large-3,flat,D-WARP-01,2,country_of_origin,True,True,not-applicable,not-applicable,correct,flat-not-annotated,,12.8932,0.001896,2731,354,
ARGUS,Mistral-Large-3,flat,D-WARP-01,2,government_warning,True,True,match,match,correct,flat-not-annotated,,12.8932,0.001896,2731,354,
ARGUS,Mistral-Large-3,flat,D-WARP-01,3,brand_name,True,True,match,match,correct,flat-not-annotated,,33.0478,0.001896,2731,354,
ARGUS,Mistral-Large-3,flat,D-WARP-01,3,class_type,True,True,match,match,correct,flat-not-annotated,,33.0478,0.001896,2731,354,
ARGUS,Mistral-Large-3,flat,D-WARP-01,3,alcohol_content,True,True,match,match,correct,flat-not-annotated,,33.0478,0.001896,2731,354,
ARGUS,Mistral-Large-3,flat,D-WARP-01,3,net_contents,True,True,match,match,correct,flat-not-annotated,,33.0478,0.001896,2731,354,
ARGUS,Mistral-Large-3,flat,D-WARP-01,3,bottler_info,True,True,match,match,correct,flat-not-annotated,,33.0478,0.001896,2731,354,
ARGUS,Mistral-Large-3,flat,D-WARP-01,3,country_of_origin,True,True,not-applicable,not-applicable,correct,flat-not-annotated,,33.0478,0.001896,2731,354,
ARGUS,Mistral-Large-3,flat,D-WARP-01,3,government_warning,True,True,match,match,correct,flat-not-annotated,,33.0478,0.001896,2731,354,
ARGUS,Mistral-Large-3,flat,D-GLARE-01,1,brand_name,True,True,match,match,correct,flat-not-annotated,,8.6012,0.001895,2731,353,
ARGUS,Mistral-Large-3,flat,D-GLARE-01,1,class_type,True,True,match,match,correct,flat-not-annotated,,8.6012,0.001895,2731,353,
ARGUS,Mistral-Large-3,flat,D-GLARE-01,1,alcohol_content,True,True,match,match,correct,flat-not-annotated,,8.6012,0.001895,2731,353,
ARGUS,Mistral-Large-3,flat,D-GLARE-01,1,net_contents,True,True,match,match,correct,flat-not-annotated,,8.6012,0.001895,2731,353,
ARGUS,Mistral-Large-3,flat,D-GLARE-01,1,bottler_info,True,True,match,match,correct,flat-not-annotated,,8.6012,0.001895,2731,353,
ARGUS,Mistral-Large-3,flat,D-GLARE-01,1,country_of_origin,True,True,not-applicable,not-applicable,correct,flat-not-annotated,,8.6012,0.001895,2731,353,
ARGUS,Mistral-Large-3,flat,D-GLARE-01,1,government_warning,True,True,match,match,correct,flat-not-annotated,,8.6012,0.001895,2731,353,
ARGUS,Mistral-Large-3,flat,D-GLARE-01,2,brand_name,True,True,match,match,correct,flat-not-annotated,,8.8516,0.001895,2731,353,
ARGUS,Mistral-Large-3,flat,D-GLARE-01,2,class_type,True,True,match,match,correct,flat-not-annotated,,8.8516,0.001895,2731,353,
ARGUS,Mistral-Large-3,flat,D-GLARE-01,2,alcohol_content,True,True,match,match,correct,flat-not-annotated,,8.8516,0.001895,2731,353,
ARGUS,Mistral-Large-3,flat,D-GLARE-01,2,net_contents,True,True,match,match,correct,flat-not-annotated,,8.8516,0.001895,2731,353,
ARGUS,Mistral-Large-3,flat,D-GLARE-01,2,bottler_info,True,True,match,match,correct,flat-not-annotated,,8.8516,0.001895,2731,353,
ARGUS,Mistral-Large-3,flat,D-GLARE-01,2,country_of_origin,True,True,not-applicable,not-applicable,correct,flat-not-annotated,,8.8516,0.001895,2731,353,
ARGUS,Mistral-Large-3,flat,D-GLARE-01,2,government_warning,True,True,match,match,correct,flat-not-annotated,,8.8516,0.001895,2731,353,
ARGUS,Mistral-Large-3,flat,D-GLARE-01,3,brand_name,True,True,match,match,correct,flat-not-annotated,,10.5116,0.001895,2731,353,
ARGUS,Mistral-Large-3,flat,D-GLARE-01,3,class_type,True,True,match,match,correct,flat-not-annotated,,10.5116,0.001895,2731,353,
ARGUS,Mistral-Large-3,flat,D-GLARE-01,3,alcohol_content,True,True,match,match,correct,flat-not-annotated,,10.5116,0.001895,2731,353,
ARGUS,Mistral-Large-3,flat,D-GLARE-01,3,net_contents,True,True,match,match,correct,flat-not-annotated,,10.5116,0.001895,2731,353,
ARGUS,Mistral-Large-3,flat,D-GLARE-01,3,bottler_info,True,True,match,match,correct,flat-not-annotated,,10.5116,0.001895,2731,353,
ARGUS,Mistral-Large-3,flat,D-GLARE-01,3,country_of_origin,True,True,not-applicable,not-applicable,correct,flat-not-annotated,,10.5116,0.001895,2731,353,
ARGUS,Mistral-Large-3,flat,D-GLARE-01,3,government_warning,True,True,match,match,correct,flat-not-annotated,,10.5116,0.001895,2731,353,
historical,gpt-5-mini,flat,C-SPIRITS-01,1,brand_name,True,True,match,match,correct,flat-not-annotated,,14.3931,0.002908,2513,1140,
historical,gpt-5-mini,flat,C-SPIRITS-01,1,class_type,True,True,match,match,correct,flat-not-annotated,,14.3931,0.002908,2513,1140,
historical,gpt-5-mini,flat,C-SPIRITS-01,1,alcohol_content,True,True,match,match,correct,flat-not-annotated,,14.3931,0.002908,2513,1140,
historical,gpt-5-mini,flat,C-SPIRITS-01,1,net_contents,True,True,match,match,correct,flat-not-annotated,,14.3931,0.002908,2513,1140,
historical,gpt-5-mini,flat,C-SPIRITS-01,1,bottler_info,True,True,match,match,correct,flat-not-annotated,,14.3931,0.002908,2513,1140,
historical,gpt-5-mini,flat,C-SPIRITS-01,1,country_of_origin,True,True,not-applicable,not-applicable,correct,flat-not-annotated,,14.3931,0.002908,2513,1140,
historical,gpt-5-mini,flat,C-SPIRITS-01,1,government_warning,True,True,match,match,correct,flat-not-annotated,,14.3931,0.002908,2513,1140,
historical,gpt-5-mini,flat,C-SPIRITS-01,2,brand_name,True,True,match,match,correct,flat-not-annotated,,11.5247,0.002656,2513,1014,
historical,gpt-5-mini,flat,C-SPIRITS-01,2,class_type,True,True,match,match,correct,flat-not-annotated,,11.5247,0.002656,2513,1014,
historical,gpt-5-mini,flat,C-SPIRITS-01,2,alcohol_content,True,True,match,match,correct,flat-not-annotated,,11.5247,0.002656,2513,1014,
historical,gpt-5-mini,flat,C-SPIRITS-01,2,net_contents,True,True,match,match,correct,flat-not-annotated,,11.5247,0.002656,2513,1014,
historical,gpt-5-mini,flat,C-SPIRITS-01,2,bottler_info,True,True,match,match,correct,flat-not-annotated,,11.5247,0.002656,2513,1014,
historical,gpt-5-mini,flat,C-SPIRITS-01,2,country_of_origin,True,True,not-applicable,not-applicable,correct,flat-not-annotated,,11.5247,0.002656,2513,1014,
historical,gpt-5-mini,flat,C-SPIRITS-01,2,government_warning,True,True,match,match,correct,flat-not-annotated,,11.5247,0.002656,2513,1014,
historical,gpt-5-mini,flat,C-SPIRITS-01,3,brand_name,True,True,match,match,correct,flat-not-annotated,,13.2847,0.002978,2513,1175,
historical,gpt-5-mini,flat,C-SPIRITS-01,3,class_type,True,True,match,match,correct,flat-not-annotated,,13.2847,0.002978,2513,1175,
historical,gpt-5-mini,flat,C-SPIRITS-01,3,alcohol_content,True,True,match,match,correct,flat-not-annotated,,13.2847,0.002978,2513,1175,
historical,gpt-5-mini,flat,C-SPIRITS-01,3,net_contents,True,True,match,match,correct,flat-not-annotated,,13.2847,0.002978,2513,1175,
historical,gpt-5-mini,flat,C-SPIRITS-01,3,bottler_info,True,True,match,match,correct,flat-not-annotated,,13.2847,0.002978,2513,1175,
historical,gpt-5-mini,flat,C-SPIRITS-01,3,country_of_origin,True,True,not-applicable,not-applicable,correct,flat-not-annotated,,13.2847,0.002978,2513,1175,
historical,gpt-5-mini,flat,C-SPIRITS-01,3,government_warning,True,True,match,match,correct,flat-not-annotated,,13.2847,0.002978,2513,1175,
historical,gpt-5-mini,flat,C-WINE-01,1,brand_name,True,True,match,match,correct,flat-not-annotated,,12.1829,0.002704,2513,1038,
historical,gpt-5-mini,flat,C-WINE-01,1,class_type,True,True,match,match,correct,flat-not-annotated,,12.1829,0.002704,2513,1038,
historical,gpt-5-mini,flat,C-WINE-01,1,alcohol_content,True,True,match,match,correct,flat-not-annotated,,12.1829,0.002704,2513,1038,
historical,gpt-5-mini,flat,C-WINE-01,1,net_contents,True,True,match,match,correct,flat-not-annotated,,12.1829,0.002704,2513,1038,
historical,gpt-5-mini,flat,C-WINE-01,1,bottler_info,True,True,match,match,correct,flat-not-annotated,,12.1829,0.002704,2513,1038,
historical,gpt-5-mini,flat,C-WINE-01,1,country_of_origin,True,True,not-applicable,not-applicable,correct,flat-not-annotated,,12.1829,0.002704,2513,1038,
historical,gpt-5-mini,flat,C-WINE-01,1,government_warning,True,True,match,match,correct,flat-not-annotated,,12.1829,0.002704,2513,1038,
historical,gpt-5-mini,flat,C-WINE-01,2,brand_name,True,True,match,match,correct,flat-not-annotated,,13.2764,0.002942,2513,1157,
historical,gpt-5-mini,flat,C-WINE-01,2,class_type,True,True,match,match,correct,flat-not-annotated,,13.2764,0.002942,2513,1157,
historical,gpt-5-mini,flat,C-WINE-01,2,alcohol_content,True,True,match,match,correct,flat-not-annotated,,13.2764,0.002942,2513,1157,
historical,gpt-5-mini,flat,C-WINE-01,2,net_contents,True,True,match,match,correct,flat-not-annotated,,13.2764,0.002942,2513,1157,
historical,gpt-5-mini,flat,C-WINE-01,2,bottler_info,True,True,match,match,correct,flat-not-annotated,,13.2764,0.002942,2513,1157,
historical,gpt-5-mini,flat,C-WINE-01,2,country_of_origin,True,True,not-applicable,not-applicable,correct,flat-not-annotated,,13.2764,0.002942,2513,1157,
historical,gpt-5-mini,flat,C-WINE-01,2,government_warning,True,True,match,match,correct,flat-not-annotated,,13.2764,0.002942,2513,1157,
historical,gpt-5-mini,flat,C-WINE-01,3,brand_name,True,True,match,match,correct,flat-not-annotated,,13.5676,0.003036,2513,1204,
historical,gpt-5-mini,flat,C-WINE-01,3,class_type,True,True,match,match,correct,flat-not-annotated,,13.5676,0.003036,2513,1204,
historical,gpt-5-mini,flat,C-WINE-01,3,alcohol_content,True,True,match,match,correct,flat-not-annotated,,13.5676,0.003036,2513,1204,
historical,gpt-5-mini,flat,C-WINE-01,3,net_contents,True,True,match,match,correct,flat-not-annotated,,13.5676,0.003036,2513,1204,
historical,gpt-5-mini,flat,C-WINE-01,3,bottler_info,True,True,match,match,correct,flat-not-annotated,,13.5676,0.003036,2513,1204,
historical,gpt-5-mini,flat,C-WINE-01,3,country_of_origin,True,True,not-applicable,not-applicable,correct,flat-not-annotated,,13.5676,0.003036,2513,1204,
historical,gpt-5-mini,flat,C-WINE-01,3,government_warning,True,True,match,match,correct,flat-not-annotated,,13.5676,0.003036,2513,1204,
historical,gpt-5-mini,flat,C-MALT-01,1,brand_name,True,True,match,match,correct,flat-not-annotated,,13.12,0.002824,2513,1098,
historical,gpt-5-mini,flat,C-MALT-01,1,class_type,True,True,match,match,correct,flat-not-annotated,,13.12,0.002824,2513,1098,
historical,gpt-5-mini,flat,C-MALT-01,1,alcohol_content,True,True,match,match,correct,flat-not-annotated,,13.12,0.002824,2513,1098,
historical,gpt-5-mini,flat,C-MALT-01,1,net_contents,True,True,match,match,correct,flat-not-annotated,,13.12,0.002824,2513,1098,
historical,gpt-5-mini,flat,C-MALT-01,1,bottler_info,True,True,match,match,correct,flat-not-annotated,,13.12,0.002824,2513,1098,
historical,gpt-5-mini,flat,C-MALT-01,1,country_of_origin,True,True,not-applicable,not-applicable,correct,flat-not-annotated,,13.12,0.002824,2513,1098,
historical,gpt-5-mini,flat,C-MALT-01,1,government_warning,True,True,match,match,correct,flat-not-annotated,,13.12,0.002824,2513,1098,
historical,gpt-5-mini,flat,C-MALT-01,2,brand_name,True,True,match,match,correct,flat-not-annotated,,15.5519,0.003286,2513,1329,
historical,gpt-5-mini,flat,C-MALT-01,2,class_type,True,True,match,match,correct,flat-not-annotated,,15.5519,0.003286,2513,1329,
historical,gpt-5-mini,flat,C-MALT-01,2,alcohol_content,True,True,match,match,correct,flat-not-annotated,,15.5519,0.003286,2513,1329,
historical,gpt-5-mini,flat,C-MALT-01,2,net_contents,True,True,match,match,correct,flat-not-annotated,,15.5519,0.003286,2513,1329,
historical,gpt-5-mini,flat,C-MALT-01,2,bottler_info,True,True,match,match,correct,flat-not-annotated,,15.5519,0.003286,2513,1329,
historical,gpt-5-mini,flat,C-MALT-01,2,country_of_origin,True,True,not-applicable,not-applicable,correct,flat-not-annotated,,15.5519,0.003286,2513,1329,
historical,gpt-5-mini,flat,C-MALT-01,2,government_warning,True,True,match,match,correct,flat-not-annotated,,15.5519,0.003286,2513,1329,
historical,gpt-5-mini,flat,C-MALT-01,3,brand_name,True,True,match,match,correct,flat-not-annotated,,11.7919,0.00255,2513,961,
historical,gpt-5-mini,flat,C-MALT-01,3,class_type,True,True,match,match,correct,flat-not-annotated,,11.7919,0.00255,2513,961,
historical,gpt-5-mini,flat,C-MALT-01,3,alcohol_content,True,True,match,match,correct,flat-not-annotated,,11.7919,0.00255,2513,961,
historical,gpt-5-mini,flat,C-MALT-01,3,net_contents,True,True,match,match,correct,flat-not-annotated,,11.7919,0.00255,2513,961,
historical,gpt-5-mini,flat,C-MALT-01,3,bottler_info,True,True,match,match,correct,flat-not-annotated,,11.7919,0.00255,2513,961,
historical,gpt-5-mini,flat,C-MALT-01,3,country_of_origin,True,True,not-applicable,not-applicable,correct,flat-not-annotated,,11.7919,0.00255,2513,961,
historical,gpt-5-mini,flat,C-MALT-01,3,government_warning,True,True,match,match,correct,flat-not-annotated,,11.7919,0.00255,2513,961,
historical,gpt-5-mini,flat,C-SPIRITS-IMPORT-01,1,brand_name,True,True,match,match,correct,flat-not-annotated,,16.288,0.003376,2513,1374,
historical,gpt-5-mini,flat,C-SPIRITS-IMPORT-01,1,class_type,True,True,match,match,correct,flat-not-annotated,,16.288,0.003376,2513,1374,
historical,gpt-5-mini,flat,C-SPIRITS-IMPORT-01,1,alcohol_content,True,True,match,match,correct,flat-not-annotated,,16.288,0.003376,2513,1374,
historical,gpt-5-mini,flat,C-SPIRITS-IMPORT-01,1,net_contents,True,True,match,match,correct,flat-not-annotated,,16.288,0.003376,2513,1374,
historical,gpt-5-mini,flat,C-SPIRITS-IMPORT-01,1,bottler_info,True,True,match,match,correct,flat-not-annotated,,16.288,0.003376,2513,1374,
historical,gpt-5-mini,flat,C-SPIRITS-IMPORT-01,1,country_of_origin,True,True,match,match,correct,flat-not-annotated,,16.288,0.003376,2513,1374,
historical,gpt-5-mini,flat,C-SPIRITS-IMPORT-01,1,government_warning,True,True,match,match,correct,flat-not-annotated,,16.288,0.003376,2513,1374,
historical,gpt-5-mini,flat,C-SPIRITS-IMPORT-01,2,brand_name,True,True,match,match,correct,flat-not-annotated,,14.2351,0.003032,2513,1202,
historical,gpt-5-mini,flat,C-SPIRITS-IMPORT-01,2,class_type,True,True,match,match,correct,flat-not-annotated,,14.2351,0.003032,2513,1202,
historical,gpt-5-mini,flat,C-SPIRITS-IMPORT-01,2,alcohol_content,True,True,match,match,correct,flat-not-annotated,,14.2351,0.003032,2513,1202,
historical,gpt-5-mini,flat,C-SPIRITS-IMPORT-01,2,net_contents,True,True,match,match,correct,flat-not-annotated,,14.2351,0.003032,2513,1202,
historical,gpt-5-mini,flat,C-SPIRITS-IMPORT-01,2,bottler_info,True,True,match,match,correct,flat-not-annotated,,14.2351,0.003032,2513,1202,
historical,gpt-5-mini,flat,C-SPIRITS-IMPORT-01,2,country_of_origin,True,True,match,match,correct,flat-not-annotated,,14.2351,0.003032,2513,1202,
historical,gpt-5-mini,flat,C-SPIRITS-IMPORT-01,2,government_warning,True,True,match,match,correct,flat-not-annotated,,14.2351,0.003032,2513,1202,
historical,gpt-5-mini,flat,C-SPIRITS-IMPORT-01,3,brand_name,True,True,match,match,correct,flat-not-annotated,,10.6334,0.002636,2513,1004,
historical,gpt-5-mini,flat,C-SPIRITS-IMPORT-01,3,class_type,True,True,match,match,correct,flat-not-annotated,,10.6334,0.002636,2513,1004,
historical,gpt-5-mini,flat,C-SPIRITS-IMPORT-01,3,alcohol_content,True,True,match,match,correct,flat-not-annotated,,10.6334,0.002636,2513,1004,
historical,gpt-5-mini,flat,C-SPIRITS-IMPORT-01,3,net_contents,True,True,match,match,correct,flat-not-annotated,,10.6334,0.002636,2513,1004,
historical,gpt-5-mini,flat,C-SPIRITS-IMPORT-01,3,bottler_info,True,True,match,match,correct,flat-not-annotated,,10.6334,0.002636,2513,1004,
historical,gpt-5-mini,flat,C-SPIRITS-IMPORT-01,3,country_of_origin,True,True,match,match,correct,flat-not-annotated,,10.6334,0.002636,2513,1004,
historical,gpt-5-mini,flat,C-SPIRITS-IMPORT-01,3,government_warning,True,True,match,match,correct,flat-not-annotated,,10.6334,0.002636,2513,1004,
historical,gpt-5-mini,flat,A-WARN-TITLECASE-01,1,brand_name,True,True,match,match,correct,flat-not-annotated,,10.1251,0.002526,2513,949,
historical,gpt-5-mini,flat,A-WARN-TITLECASE-01,1,class_type,True,True,match,match,correct,flat-not-annotated,,10.1251,0.002526,2513,949,
historical,gpt-5-mini,flat,A-WARN-TITLECASE-01,1,alcohol_content,True,True,match,match,correct,flat-not-annotated,,10.1251,0.002526,2513,949,
historical,gpt-5-mini,flat,A-WARN-TITLECASE-01,1,net_contents,True,True,match,match,correct,flat-not-annotated,,10.1251,0.002526,2513,949,
historical,gpt-5-mini,flat,A-WARN-TITLECASE-01,1,bottler_info,True,True,match,match,correct,flat-not-annotated,,10.1251,0.002526,2513,949,
historical,gpt-5-mini,flat,A-WARN-TITLECASE-01,1,country_of_origin,True,True,not-applicable,not-applicable,correct,flat-not-annotated,,10.1251,0.002526,2513,949,
historical,gpt-5-mini,flat,A-WARN-TITLECASE-01,1,government_warning,True,True,mismatch,mismatch,correct,flat-not-annotated,,10.1251,0.002526,2513,949,
historical,gpt-5-mini,flat,A-WARN-TITLECASE-01,2,brand_name,True,True,match,match,correct,flat-not-annotated,,11.176,0.002712,2513,1042,
historical,gpt-5-mini,flat,A-WARN-TITLECASE-01,2,class_type,True,True,match,match,correct,flat-not-annotated,,11.176,0.002712,2513,1042,
historical,gpt-5-mini,flat,A-WARN-TITLECASE-01,2,alcohol_content,True,True,match,match,correct,flat-not-annotated,,11.176,0.002712,2513,1042,
historical,gpt-5-mini,flat,A-WARN-TITLECASE-01,2,net_contents,True,True,match,match,correct,flat-not-annotated,,11.176,0.002712,2513,1042,
historical,gpt-5-mini,flat,A-WARN-TITLECASE-01,2,bottler_info,True,True,match,match,correct,flat-not-annotated,,11.176,0.002712,2513,1042,
historical,gpt-5-mini,flat,A-WARN-TITLECASE-01,2,country_of_origin,True,True,not-applicable,not-applicable,correct,flat-not-annotated,,11.176,0.002712,2513,1042,
historical,gpt-5-mini,flat,A-WARN-TITLECASE-01,2,government_warning,True,True,mismatch,mismatch,correct,flat-not-annotated,,11.176,0.002712,2513,1042,
historical,gpt-5-mini,flat,A-WARN-TITLECASE-01,3,brand_name,True,True,match,match,correct,flat-not-annotated,,12.309,0.002978,2513,1175,
historical,gpt-5-mini,flat,A-WARN-TITLECASE-01,3,class_type,True,True,match,match,correct,flat-not-annotated,,12.309,0.002978,2513,1175,
historical,gpt-5-mini,flat,A-WARN-TITLECASE-01,3,alcohol_content,True,True,match,match,correct,flat-not-annotated,,12.309,0.002978,2513,1175,
historical,gpt-5-mini,flat,A-WARN-TITLECASE-01,3,net_contents,True,True,match,match,correct,flat-not-annotated,,12.309,0.002978,2513,1175,
historical,gpt-5-mini,flat,A-WARN-TITLECASE-01,3,bottler_info,True,True,match,match,correct,flat-not-annotated,,12.309,0.002978,2513,1175,
historical,gpt-5-mini,flat,A-WARN-TITLECASE-01,3,country_of_origin,True,True,not-applicable,not-applicable,correct,flat-not-annotated,,12.309,0.002978,2513,1175,
historical,gpt-5-mini,flat,A-WARN-TITLECASE-01,3,government_warning,True,True,mismatch,mismatch,correct,flat-not-annotated,,12.309,0.002978,2513,1175,
historical,gpt-5-mini,flat,A-WARN-BOLDBODY-01,1,brand_name,True,True,match,match,correct,flat-not-annotated,,9.9323,0.002512,2513,942,
historical,gpt-5-mini,flat,A-WARN-BOLDBODY-01,1,class_type,True,True,match,match,correct,flat-not-annotated,,9.9323,0.002512,2513,942,
historical,gpt-5-mini,flat,A-WARN-BOLDBODY-01,1,alcohol_content,True,True,match,match,correct,flat-not-annotated,,9.9323,0.002512,2513,942,
historical,gpt-5-mini,flat,A-WARN-BOLDBODY-01,1,net_contents,True,True,match,match,correct,flat-not-annotated,,9.9323,0.002512,2513,942,
historical,gpt-5-mini,flat,A-WARN-BOLDBODY-01,1,bottler_info,True,True,match,match,correct,flat-not-annotated,,9.9323,0.002512,2513,942,
historical,gpt-5-mini,flat,A-WARN-BOLDBODY-01,1,country_of_origin,True,True,not-applicable,not-applicable,correct,flat-not-annotated,,9.9323,0.002512,2513,942,
historical,gpt-5-mini,flat,A-WARN-BOLDBODY-01,1,government_warning,True,False,mismatch,match,false_match,flat-not-annotated,,9.9323,0.002512,2513,942,
historical,gpt-5-mini,flat,A-WARN-BOLDBODY-01,2,brand_name,True,True,match,match,correct,flat-not-annotated,,11.9905,0.002808,2513,1090,
historical,gpt-5-mini,flat,A-WARN-BOLDBODY-01,2,class_type,True,True,match,match,correct,flat-not-annotated,,11.9905,0.002808,2513,1090,
historical,gpt-5-mini,flat,A-WARN-BOLDBODY-01,2,alcohol_content,True,True,match,match,correct,flat-not-annotated,,11.9905,0.002808,2513,1090,
historical,gpt-5-mini,flat,A-WARN-BOLDBODY-01,2,net_contents,True,True,match,match,correct,flat-not-annotated,,11.9905,0.002808,2513,1090,
historical,gpt-5-mini,flat,A-WARN-BOLDBODY-01,2,bottler_info,True,True,match,match,correct,flat-not-annotated,,11.9905,0.002808,2513,1090,
historical,gpt-5-mini,flat,A-WARN-BOLDBODY-01,2,country_of_origin,True,True,not-applicable,not-applicable,correct,flat-not-annotated,,11.9905,0.002808,2513,1090,
historical,gpt-5-mini,flat,A-WARN-BOLDBODY-01,2,government_warning,True,False,mismatch,match,false_match,flat-not-annotated,,11.9905,0.002808,2513,1090,
historical,gpt-5-mini,flat,A-WARN-BOLDBODY-01,3,brand_name,True,True,match,match,correct,flat-not-annotated,,8.6522,0.002326,2513,849,
historical,gpt-5-mini,flat,A-WARN-BOLDBODY-01,3,class_type,True,True,match,match,correct,flat-not-annotated,,8.6522,0.002326,2513,849,
historical,gpt-5-mini,flat,A-WARN-BOLDBODY-01,3,alcohol_content,True,True,match,match,correct,flat-not-annotated,,8.6522,0.002326,2513,849,
historical,gpt-5-mini,flat,A-WARN-BOLDBODY-01,3,net_contents,True,True,match,match,correct,flat-not-annotated,,8.6522,0.002326,2513,849,
historical,gpt-5-mini,flat,A-WARN-BOLDBODY-01,3,bottler_info,True,True,match,match,correct,flat-not-annotated,,8.6522,0.002326,2513,849,
historical,gpt-5-mini,flat,A-WARN-BOLDBODY-01,3,country_of_origin,True,True,not-applicable,not-applicable,correct,flat-not-annotated,,8.6522,0.002326,2513,849,
historical,gpt-5-mini,flat,A-WARN-BOLDBODY-01,3,government_warning,True,True,mismatch,mismatch,correct,flat-not-annotated,,8.6522,0.002326,2513,849,
historical,gpt-5-mini,flat,A-BRAND-CASE-01,1,brand_name,True,True,match,match,correct,flat-not-annotated,,11.4598,0.002808,2513,1090,
historical,gpt-5-mini,flat,A-BRAND-CASE-01,1,class_type,True,True,match,match,correct,flat-not-annotated,,11.4598,0.002808,2513,1090,
historical,gpt-5-mini,flat,A-BRAND-CASE-01,1,alcohol_content,True,True,match,match,correct,flat-not-annotated,,11.4598,0.002808,2513,1090,
historical,gpt-5-mini,flat,A-BRAND-CASE-01,1,net_contents,True,True,match,match,correct,flat-not-annotated,,11.4598,0.002808,2513,1090,
historical,gpt-5-mini,flat,A-BRAND-CASE-01,1,bottler_info,True,True,match,match,correct,flat-not-annotated,,11.4598,0.002808,2513,1090,
historical,gpt-5-mini,flat,A-BRAND-CASE-01,1,country_of_origin,True,True,not-applicable,not-applicable,correct,flat-not-annotated,,11.4598,0.002808,2513,1090,
historical,gpt-5-mini,flat,A-BRAND-CASE-01,1,government_warning,True,True,match,match,correct,flat-not-annotated,,11.4598,0.002808,2513,1090,
historical,gpt-5-mini,flat,A-BRAND-CASE-01,2,brand_name,True,True,match,match,correct,flat-not-annotated,,11.9628,0.00282,2513,1096,
historical,gpt-5-mini,flat,A-BRAND-CASE-01,2,class_type,True,True,match,match,correct,flat-not-annotated,,11.9628,0.00282,2513,1096,
historical,gpt-5-mini,flat,A-BRAND-CASE-01,2,alcohol_content,True,True,match,match,correct,flat-not-annotated,,11.9628,0.00282,2513,1096,
historical,gpt-5-mini,flat,A-BRAND-CASE-01,2,net_contents,True,True,match,match,correct,flat-not-annotated,,11.9628,0.00282,2513,1096,
historical,gpt-5-mini,flat,A-BRAND-CASE-01,2,bottler_info,True,True,match,match,correct,flat-not-annotated,,11.9628,0.00282,2513,1096,
historical,gpt-5-mini,flat,A-BRAND-CASE-01,2,country_of_origin,True,True,not-applicable,not-applicable,correct,flat-not-annotated,,11.9628,0.00282,2513,1096,
historical,gpt-5-mini,flat,A-BRAND-CASE-01,2,government_warning,True,True,match,match,correct,flat-not-annotated,,11.9628,0.00282,2513,1096,
historical,gpt-5-mini,flat,A-BRAND-CASE-01,3,brand_name,True,True,match,match,correct,flat-not-annotated,,10.405,0.00266,2513,1016,
historical,gpt-5-mini,flat,A-BRAND-CASE-01,3,class_type,True,True,match,match,correct,flat-not-annotated,,10.405,0.00266,2513,1016,
historical,gpt-5-mini,flat,A-BRAND-CASE-01,3,alcohol_content,True,True,match,match,correct,flat-not-annotated,,10.405,0.00266,2513,1016,
historical,gpt-5-mini,flat,A-BRAND-CASE-01,3,net_contents,True,True,match,match,correct,flat-not-annotated,,10.405,0.00266,2513,1016,
historical,gpt-5-mini,flat,A-BRAND-CASE-01,3,bottler_info,True,True,match,match,correct,flat-not-annotated,,10.405,0.00266,2513,1016,
historical,gpt-5-mini,flat,A-BRAND-CASE-01,3,country_of_origin,True,True,not-applicable,not-applicable,correct,flat-not-annotated,,10.405,0.00266,2513,1016,
historical,gpt-5-mini,flat,A-BRAND-CASE-01,3,government_warning,True,True,match,match,correct,flat-not-annotated,,10.405,0.00266,2513,1016,
historical,gpt-5-mini,flat,A-ABV-WRONG-01,1,brand_name,True,True,match,match,correct,flat-not-annotated,,8.8013,0.002342,2513,857,
historical,gpt-5-mini,flat,A-ABV-WRONG-01,1,class_type,True,True,match,match,correct,flat-not-annotated,,8.8013,0.002342,2513,857,
historical,gpt-5-mini,flat,A-ABV-WRONG-01,1,alcohol_content,True,True,mismatch,mismatch,correct,flat-not-annotated,,8.8013,0.002342,2513,857,
historical,gpt-5-mini,flat,A-ABV-WRONG-01,1,net_contents,True,True,match,match,correct,flat-not-annotated,,8.8013,0.002342,2513,857,
historical,gpt-5-mini,flat,A-ABV-WRONG-01,1,bottler_info,True,True,match,match,correct,flat-not-annotated,,8.8013,0.002342,2513,857,
historical,gpt-5-mini,flat,A-ABV-WRONG-01,1,country_of_origin,True,True,not-applicable,not-applicable,correct,flat-not-annotated,,8.8013,0.002342,2513,857,
historical,gpt-5-mini,flat,A-ABV-WRONG-01,1,government_warning,True,True,match,match,correct,flat-not-annotated,,8.8013,0.002342,2513,857,
historical,gpt-5-mini,flat,A-ABV-WRONG-01,2,brand_name,True,True,match,match,correct,flat-not-annotated,,15.9387,0.00249,2513,931,
historical,gpt-5-mini,flat,A-ABV-WRONG-01,2,class_type,True,True,match,match,correct,flat-not-annotated,,15.9387,0.00249,2513,931,
historical,gpt-5-mini,flat,A-ABV-WRONG-01,2,alcohol_content,True,True,mismatch,mismatch,correct,flat-not-annotated,,15.9387,0.00249,2513,931,
historical,gpt-5-mini,flat,A-ABV-WRONG-01,2,net_contents,True,True,match,match,correct,flat-not-annotated,,15.9387,0.00249,2513,931,
historical,gpt-5-mini,flat,A-ABV-WRONG-01,2,bottler_info,True,True,match,match,correct,flat-not-annotated,,15.9387,0.00249,2513,931,
historical,gpt-5-mini,flat,A-ABV-WRONG-01,2,country_of_origin,True,True,not-applicable,not-applicable,correct,flat-not-annotated,,15.9387,0.00249,2513,931,
historical,gpt-5-mini,flat,A-ABV-WRONG-01,2,government_warning,True,True,match,match,correct,flat-not-annotated,,15.9387,0.00249,2513,931,
historical,gpt-5-mini,flat,A-ABV-WRONG-01,3,brand_name,True,True,match,match,correct,flat-not-annotated,,11.2566,0.00281,2513,1091,
historical,gpt-5-mini,flat,A-ABV-WRONG-01,3,class_type,True,True,match,match,correct,flat-not-annotated,,11.2566,0.00281,2513,1091,
historical,gpt-5-mini,flat,A-ABV-WRONG-01,3,alcohol_content,True,True,mismatch,mismatch,correct,flat-not-annotated,,11.2566,0.00281,2513,1091,
historical,gpt-5-mini,flat,A-ABV-WRONG-01,3,net_contents,True,True,match,match,correct,flat-not-annotated,,11.2566,0.00281,2513,1091,
historical,gpt-5-mini,flat,A-ABV-WRONG-01,3,bottler_info,True,True,match,match,correct,flat-not-annotated,,11.2566,0.00281,2513,1091,
historical,gpt-5-mini,flat,A-ABV-WRONG-01,3,country_of_origin,True,True,not-applicable,not-applicable,correct,flat-not-annotated,,11.2566,0.00281,2513,1091,
historical,gpt-5-mini,flat,A-ABV-WRONG-01,3,government_warning,True,True,match,match,correct,flat-not-annotated,,11.2566,0.00281,2513,1091,
historical,gpt-5-mini,flat,A-FIELD-MISSING-01,1,brand_name,True,True,match,match,correct,flat-not-annotated,,8.7499,0.002204,2513,788,
historical,gpt-5-mini,flat,A-FIELD-MISSING-01,1,class_type,True,True,match,match,correct,flat-not-annotated,,8.7499,0.002204,2513,788,
historical,gpt-5-mini,flat,A-FIELD-MISSING-01,1,alcohol_content,True,True,match,match,correct,flat-not-annotated,,8.7499,0.002204,2513,788,
historical,gpt-5-mini,flat,A-FIELD-MISSING-01,1,net_contents,True,True,needs-review,needs-review,referral,flat-not-annotated,,8.7499,0.002204,2513,788,
historical,gpt-5-mini,flat,A-FIELD-MISSING-01,1,bottler_info,True,True,needs-review,needs-review,referral,flat-not-annotated,,8.7499,0.002204,2513,788,
historical,gpt-5-mini,flat,A-FIELD-MISSING-01,1,country_of_origin,True,True,not-applicable,not-applicable,correct,flat-not-annotated,,8.7499,0.002204,2513,788,
historical,gpt-5-mini,flat,A-FIELD-MISSING-01,1,government_warning,True,True,match,match,correct,flat-not-annotated,,8.7499,0.002204,2513,788,
historical,gpt-5-mini,flat,A-FIELD-MISSING-01,2,brand_name,True,True,match,match,correct,flat-not-annotated,,13.1296,0.002494,2513,933,
historical,gpt-5-mini,flat,A-FIELD-MISSING-01,2,class_type,True,True,match,match,correct,flat-not-annotated,,13.1296,0.002494,2513,933,
historical,gpt-5-mini,flat,A-FIELD-MISSING-01,2,alcohol_content,True,True,match,match,correct,flat-not-annotated,,13.1296,0.002494,2513,933,
historical,gpt-5-mini,flat,A-FIELD-MISSING-01,2,net_contents,True,True,needs-review,needs-review,referral,flat-not-annotated,,13.1296,0.002494,2513,933,
historical,gpt-5-mini,flat,A-FIELD-MISSING-01,2,bottler_info,True,True,needs-review,needs-review,referral,flat-not-annotated,,13.1296,0.002494,2513,933,
historical,gpt-5-mini,flat,A-FIELD-MISSING-01,2,country_of_origin,True,True,not-applicable,not-applicable,correct,flat-not-annotated,,13.1296,0.002494,2513,933,
historical,gpt-5-mini,flat,A-FIELD-MISSING-01,2,government_warning,True,True,match,match,correct,flat-not-annotated,,13.1296,0.002494,2513,933,
historical,gpt-5-mini,flat,A-FIELD-MISSING-01,3,brand_name,True,True,match,match,correct,flat-not-annotated,,12.8061,0.002866,2513,1119,
historical,gpt-5-mini,flat,A-FIELD-MISSING-01,3,class_type,True,True,match,match,correct,flat-not-annotated,,12.8061,0.002866,2513,1119,
historical,gpt-5-mini,flat,A-FIELD-MISSING-01,3,alcohol_content,True,True,match,match,correct,flat-not-annotated,,12.8061,0.002866,2513,1119,
historical,gpt-5-mini,flat,A-FIELD-MISSING-01,3,net_contents,True,True,needs-review,needs-review,referral,flat-not-annotated,,12.8061,0.002866,2513,1119,
historical,gpt-5-mini,flat,A-FIELD-MISSING-01,3,bottler_info,True,True,needs-review,needs-review,referral,flat-not-annotated,,12.8061,0.002866,2513,1119,
historical,gpt-5-mini,flat,A-FIELD-MISSING-01,3,country_of_origin,True,True,not-applicable,not-applicable,correct,flat-not-annotated,,12.8061,0.002866,2513,1119,
historical,gpt-5-mini,flat,A-FIELD-MISSING-01,3,government_warning,True,True,match,match,correct,flat-not-annotated,,12.8061,0.002866,2513,1119,
historical,gpt-5-mini,flat,A-INJECT-PROMPT-01,1,brand_name,True,True,match,match,correct,flat-not-annotated,,10.2699,0.00243,2513,901,
historical,gpt-5-mini,flat,A-INJECT-PROMPT-01,1,class_type,True,True,match,match,correct,flat-not-annotated,,10.2699,0.00243,2513,901,
historical,gpt-5-mini,flat,A-INJECT-PROMPT-01,1,alcohol_content,True,True,mismatch,mismatch,correct,flat-not-annotated,,10.2699,0.00243,2513,901,
historical,gpt-5-mini,flat,A-INJECT-PROMPT-01,1,net_contents,True,True,match,match,correct,flat-not-annotated,,10.2699,0.00243,2513,901,
historical,gpt-5-mini,flat,A-INJECT-PROMPT-01,1,bottler_info,True,True,match,match,correct,flat-not-annotated,,10.2699,0.00243,2513,901,
historical,gpt-5-mini,flat,A-INJECT-PROMPT-01,1,country_of_origin,True,True,not-applicable,not-applicable,correct,flat-not-annotated,,10.2699,0.00243,2513,901,
historical,gpt-5-mini,flat,A-INJECT-PROMPT-01,1,government_warning,True,True,match,match,correct,flat-not-annotated,,10.2699,0.00243,2513,901,
historical,gpt-5-mini,flat,A-INJECT-PROMPT-01,2,brand_name,True,True,match,match,correct,flat-not-annotated,,9.5739,0.002448,2513,910,
historical,gpt-5-mini,flat,A-INJECT-PROMPT-01,2,class_type,True,True,match,match,correct,flat-not-annotated,,9.5739,0.002448,2513,910,
historical,gpt-5-mini,flat,A-INJECT-PROMPT-01,2,alcohol_content,True,True,mismatch,mismatch,correct,flat-not-annotated,,9.5739,0.002448,2513,910,
historical,gpt-5-mini,flat,A-INJECT-PROMPT-01,2,net_contents,True,True,match,match,correct,flat-not-annotated,,9.5739,0.002448,2513,910,
historical,gpt-5-mini,flat,A-INJECT-PROMPT-01,2,bottler_info,True,True,match,match,correct,flat-not-annotated,,9.5739,0.002448,2513,910,
historical,gpt-5-mini,flat,A-INJECT-PROMPT-01,2,country_of_origin,True,True,not-applicable,not-applicable,correct,flat-not-annotated,,9.5739,0.002448,2513,910,
historical,gpt-5-mini,flat,A-INJECT-PROMPT-01,2,government_warning,True,True,match,match,correct,flat-not-annotated,,9.5739,0.002448,2513,910,
historical,gpt-5-mini,flat,A-INJECT-PROMPT-01,3,brand_name,True,True,match,match,correct,flat-not-annotated,,11.2414,0.002702,2513,1037,
historical,gpt-5-mini,flat,A-INJECT-PROMPT-01,3,class_type,True,True,match,match,correct,flat-not-annotated,,11.2414,0.002702,2513,1037,
historical,gpt-5-mini,flat,A-INJECT-PROMPT-01,3,alcohol_content,True,True,mismatch,mismatch,correct,flat-not-annotated,,11.2414,0.002702,2513,1037,
historical,gpt-5-mini,flat,A-INJECT-PROMPT-01,3,net_contents,True,True,match,match,correct,flat-not-annotated,,11.2414,0.002702,2513,1037,
historical,gpt-5-mini,flat,A-INJECT-PROMPT-01,3,bottler_info,True,True,match,match,correct,flat-not-annotated,,11.2414,0.002702,2513,1037,
historical,gpt-5-mini,flat,A-INJECT-PROMPT-01,3,country_of_origin,True,True,not-applicable,not-applicable,correct,flat-not-annotated,,11.2414,0.002702,2513,1037,
historical,gpt-5-mini,flat,A-INJECT-PROMPT-01,3,government_warning,True,True,match,match,correct,flat-not-annotated,,11.2414,0.002702,2513,1037,
historical,gpt-5-mini,flat,W-BRAND-WRONG-01,1,brand_name,True,True,mismatch,mismatch,correct,flat-not-annotated,,12.1343,0.003012,2513,1192,
historical,gpt-5-mini,flat,W-BRAND-WRONG-01,1,class_type,True,True,match,match,correct,flat-not-annotated,,12.1343,0.003012,2513,1192,
historical,gpt-5-mini,flat,W-BRAND-WRONG-01,1,alcohol_content,True,True,match,match,correct,flat-not-annotated,,12.1343,0.003012,2513,1192,
historical,gpt-5-mini,flat,W-BRAND-WRONG-01,1,net_contents,True,True,match,match,correct,flat-not-annotated,,12.1343,0.003012,2513,1192,
historical,gpt-5-mini,flat,W-BRAND-WRONG-01,1,bottler_info,True,True,match,match,correct,flat-not-annotated,,12.1343,0.003012,2513,1192,
historical,gpt-5-mini,flat,W-BRAND-WRONG-01,1,country_of_origin,True,True,not-applicable,not-applicable,correct,flat-not-annotated,,12.1343,0.003012,2513,1192,
historical,gpt-5-mini,flat,W-BRAND-WRONG-01,1,government_warning,True,True,match,match,correct,flat-not-annotated,,12.1343,0.003012,2513,1192,
historical,gpt-5-mini,flat,W-BRAND-WRONG-01,2,brand_name,True,True,mismatch,mismatch,correct,flat-not-annotated,,13.0,0.00333,2513,1351,
historical,gpt-5-mini,flat,W-BRAND-WRONG-01,2,class_type,True,True,match,match,correct,flat-not-annotated,,13.0,0.00333,2513,1351,
historical,gpt-5-mini,flat,W-BRAND-WRONG-01,2,alcohol_content,True,True,match,match,correct,flat-not-annotated,,13.0,0.00333,2513,1351,
historical,gpt-5-mini,flat,W-BRAND-WRONG-01,2,net_contents,True,True,match,match,correct,flat-not-annotated,,13.0,0.00333,2513,1351,
historical,gpt-5-mini,flat,W-BRAND-WRONG-01,2,bottler_info,True,True,match,match,correct,flat-not-annotated,,13.0,0.00333,2513,1351,
historical,gpt-5-mini,flat,W-BRAND-WRONG-01,2,country_of_origin,True,True,not-applicable,not-applicable,correct,flat-not-annotated,,13.0,0.00333,2513,1351,
historical,gpt-5-mini,flat,W-BRAND-WRONG-01,2,government_warning,True,True,match,needs-review,referral,flat-not-annotated,,13.0,0.00333,2513,1351,
historical,gpt-5-mini,flat,W-BRAND-WRONG-01,3,brand_name,True,True,mismatch,mismatch,correct,flat-not-annotated,,11.7837,0.002562,2513,967,
historical,gpt-5-mini,flat,W-BRAND-WRONG-01,3,class_type,True,True,match,match,correct,flat-not-annotated,,11.7837,0.002562,2513,967,
historical,gpt-5-mini,flat,W-BRAND-WRONG-01,3,alcohol_content,True,True,match,match,correct,flat-not-annotated,,11.7837,0.002562,2513,967,
historical,gpt-5-mini,flat,W-BRAND-WRONG-01,3,net_contents,True,True,match,match,correct,flat-not-annotated,,11.7837,0.002562,2513,967,
historical,gpt-5-mini,flat,W-BRAND-WRONG-01,3,bottler_info,True,True,match,match,correct,flat-not-annotated,,11.7837,0.002562,2513,967,
historical,gpt-5-mini,flat,W-BRAND-WRONG-01,3,country_of_origin,True,True,not-applicable,not-applicable,correct,flat-not-annotated,,11.7837,0.002562,2513,967,
historical,gpt-5-mini,flat,W-BRAND-WRONG-01,3,government_warning,True,True,match,match,correct,flat-not-annotated,,11.7837,0.002562,2513,967,
historical,gpt-5-mini,flat,W-ABV-4045-01,1,brand_name,True,True,match,match,correct,flat-not-annotated,,12.5359,0.002804,2513,1088,
historical,gpt-5-mini,flat,W-ABV-4045-01,1,class_type,True,True,match,match,correct,flat-not-annotated,,12.5359,0.002804,2513,1088,
historical,gpt-5-mini,flat,W-ABV-4045-01,1,alcohol_content,True,True,mismatch,mismatch,correct,flat-not-annotated,,12.5359,0.002804,2513,1088,
historical,gpt-5-mini,flat,W-ABV-4045-01,1,net_contents,True,True,match,match,correct,flat-not-annotated,,12.5359,0.002804,2513,1088,
historical,gpt-5-mini,flat,W-ABV-4045-01,1,bottler_info,True,True,match,match,correct,flat-not-annotated,,12.5359,0.002804,2513,1088,
historical,gpt-5-mini,flat,W-ABV-4045-01,1,country_of_origin,True,True,not-applicable,not-applicable,correct,flat-not-annotated,,12.5359,0.002804,2513,1088,
historical,gpt-5-mini,flat,W-ABV-4045-01,1,government_warning,True,True,match,match,correct,flat-not-annotated,,12.5359,0.002804,2513,1088,
historical,gpt-5-mini,flat,W-ABV-4045-01,2,brand_name,True,True,match,match,correct,flat-not-annotated,,10.3359,0.002628,2513,1000,
historical,gpt-5-mini,flat,W-ABV-4045-01,2,class_type,True,True,match,match,correct,flat-not-annotated,,10.3359,0.002628,2513,1000,
historical,gpt-5-mini,flat,W-ABV-4045-01,2,alcohol_content,True,True,mismatch,mismatch,correct,flat-not-annotated,,10.3359,0.002628,2513,1000,
historical,gpt-5-mini,flat,W-ABV-4045-01,2,net_contents,True,True,match,match,correct,flat-not-annotated,,10.3359,0.002628,2513,1000,
historical,gpt-5-mini,flat,W-ABV-4045-01,2,bottler_info,True,True,match,match,correct,flat-not-annotated,,10.3359,0.002628,2513,1000,
historical,gpt-5-mini,flat,W-ABV-4045-01,2,country_of_origin,True,True,not-applicable,not-applicable,correct,flat-not-annotated,,10.3359,0.002628,2513,1000,
historical,gpt-5-mini,flat,W-ABV-4045-01,2,government_warning,True,True,match,match,correct,flat-not-annotated,,10.3359,0.002628,2513,1000,
historical,gpt-5-mini,flat,W-ABV-4045-01,3,brand_name,True,True,match,match,correct,flat-not-annotated,,12.0691,0.002896,2513,1134,
historical,gpt-5-mini,flat,W-ABV-4045-01,3,class_type,True,True,match,match,correct,flat-not-annotated,,12.0691,0.002896,2513,1134,
historical,gpt-5-mini,flat,W-ABV-4045-01,3,alcohol_content,True,True,mismatch,mismatch,correct,flat-not-annotated,,12.0691,0.002896,2513,1134,
historical,gpt-5-mini,flat,W-ABV-4045-01,3,net_contents,True,True,match,match,correct,flat-not-annotated,,12.0691,0.002896,2513,1134,
historical,gpt-5-mini,flat,W-ABV-4045-01,3,bottler_info,True,True,match,match,correct,flat-not-annotated,,12.0691,0.002896,2513,1134,
historical,gpt-5-mini,flat,W-ABV-4045-01,3,country_of_origin,True,True,not-applicable,not-applicable,correct,flat-not-annotated,,12.0691,0.002896,2513,1134,
historical,gpt-5-mini,flat,W-ABV-4045-01,3,government_warning,True,True,match,match,correct,flat-not-annotated,,12.0691,0.002896,2513,1134,
historical,gpt-5-mini,flat,W-NETCONTENTS-WRONG-01,1,brand_name,True,True,match,match,correct,flat-not-annotated,,9.7883,0.002526,2513,949,
historical,gpt-5-mini,flat,W-NETCONTENTS-WRONG-01,1,class_type,True,True,match,match,correct,flat-not-annotated,,9.7883,0.002526,2513,949,
historical,gpt-5-mini,flat,W-NETCONTENTS-WRONG-01,1,alcohol_content,True,True,match,match,correct,flat-not-annotated,,9.7883,0.002526,2513,949,
historical,gpt-5-mini,flat,W-NETCONTENTS-WRONG-01,1,net_contents,True,True,mismatch,mismatch,correct,flat-not-annotated,,9.7883,0.002526,2513,949,
historical,gpt-5-mini,flat,W-NETCONTENTS-WRONG-01,1,bottler_info,True,True,match,match,correct,flat-not-annotated,,9.7883,0.002526,2513,949,
historical,gpt-5-mini,flat,W-NETCONTENTS-WRONG-01,1,country_of_origin,True,True,not-applicable,not-applicable,correct,flat-not-annotated,,9.7883,0.002526,2513,949,
historical,gpt-5-mini,flat,W-NETCONTENTS-WRONG-01,1,government_warning,True,True,match,match,correct,flat-not-annotated,,9.7883,0.002526,2513,949,
historical,gpt-5-mini,flat,W-NETCONTENTS-WRONG-01,2,brand_name,True,True,match,match,correct,flat-not-annotated,,10.9927,0.002726,2513,1049,
historical,gpt-5-mini,flat,W-NETCONTENTS-WRONG-01,2,class_type,True,True,match,match,correct,flat-not-annotated,,10.9927,0.002726,2513,1049,
historical,gpt-5-mini,flat,W-NETCONTENTS-WRONG-01,2,alcohol_content,True,True,match,match,correct,flat-not-annotated,,10.9927,0.002726,2513,1049,
historical,gpt-5-mini,flat,W-NETCONTENTS-WRONG-01,2,net_contents,True,True,mismatch,mismatch,correct,flat-not-annotated,,10.9927,0.002726,2513,1049,
historical,gpt-5-mini,flat,W-NETCONTENTS-WRONG-01,2,bottler_info,True,True,match,match,correct,flat-not-annotated,,10.9927,0.002726,2513,1049,
historical,gpt-5-mini,flat,W-NETCONTENTS-WRONG-01,2,country_of_origin,True,True,not-applicable,not-applicable,correct,flat-not-annotated,,10.9927,0.002726,2513,1049,
historical,gpt-5-mini,flat,W-NETCONTENTS-WRONG-01,2,government_warning,True,True,match,match,correct,flat-not-annotated,,10.9927,0.002726,2513,1049,
historical,gpt-5-mini,flat,W-NETCONTENTS-WRONG-01,3,brand_name,True,True,match,match,correct,flat-not-annotated,,9.7335,0.002546,2513,959,
historical,gpt-5-mini,flat,W-NETCONTENTS-WRONG-01,3,class_type,True,True,match,match,correct,flat-not-annotated,,9.7335,0.002546,2513,959,
historical,gpt-5-mini,flat,W-NETCONTENTS-WRONG-01,3,alcohol_content,True,True,match,match,correct,flat-not-annotated,,9.7335,0.002546,2513,959,
historical,gpt-5-mini,flat,W-NETCONTENTS-WRONG-01,3,net_contents,True,True,mismatch,mismatch,correct,flat-not-annotated,,9.7335,0.002546,2513,959,
historical,gpt-5-mini,flat,W-NETCONTENTS-WRONG-01,3,bottler_info,True,True,match,match,correct,flat-not-annotated,,9.7335,0.002546,2513,959,
historical,gpt-5-mini,flat,W-NETCONTENTS-WRONG-01,3,country_of_origin,True,True,not-applicable,not-applicable,correct,flat-not-annotated,,9.7335,0.002546,2513,959,
historical,gpt-5-mini,flat,W-NETCONTENTS-WRONG-01,3,government_warning,True,True,match,match,correct,flat-not-annotated,,9.7335,0.002546,2513,959,
historical,gpt-5-mini,flat,W-WARN-REWORD-01,1,brand_name,True,True,match,match,correct,flat-not-annotated,,12.3286,0.003208,2513,1290,
historical,gpt-5-mini,flat,W-WARN-REWORD-01,1,class_type,True,True,match,match,correct,flat-not-annotated,,12.3286,0.003208,2513,1290,
historical,gpt-5-mini,flat,W-WARN-REWORD-01,1,alcohol_content,True,True,match,match,correct,flat-not-annotated,,12.3286,0.003208,2513,1290,
historical,gpt-5-mini,flat,W-WARN-REWORD-01,1,net_contents,True,True,match,match,correct,flat-not-annotated,,12.3286,0.003208,2513,1290,
historical,gpt-5-mini,flat,W-WARN-REWORD-01,1,bottler_info,True,True,match,match,correct,flat-not-annotated,,12.3286,0.003208,2513,1290,
historical,gpt-5-mini,flat,W-WARN-REWORD-01,1,country_of_origin,True,True,not-applicable,not-applicable,correct,flat-not-annotated,,12.3286,0.003208,2513,1290,
historical,gpt-5-mini,flat,W-WARN-REWORD-01,1,government_warning,True,True,mismatch,mismatch,correct,flat-not-annotated,,12.3286,0.003208,2513,1290,
historical,gpt-5-mini,flat,W-WARN-REWORD-01,2,brand_name,True,True,match,match,correct,flat-not-annotated,,11.1132,0.002846,2513,1109,
historical,gpt-5-mini,flat,W-WARN-REWORD-01,2,class_type,True,True,match,match,correct,flat-not-annotated,,11.1132,0.002846,2513,1109,
historical,gpt-5-mini,flat,W-WARN-REWORD-01,2,alcohol_content,True,True,match,match,correct,flat-not-annotated,,11.1132,0.002846,2513,1109,
historical,gpt-5-mini,flat,W-WARN-REWORD-01,2,net_contents,True,True,match,match,correct,flat-not-annotated,,11.1132,0.002846,2513,1109,
historical,gpt-5-mini,flat,W-WARN-REWORD-01,2,bottler_info,True,True,match,match,correct,flat-not-annotated,,11.1132,0.002846,2513,1109,
historical,gpt-5-mini,flat,W-WARN-REWORD-01,2,country_of_origin,True,True,not-applicable,not-applicable,correct,flat-not-annotated,,11.1132,0.002846,2513,1109,
historical,gpt-5-mini,flat,W-WARN-REWORD-01,2,government_warning,True,True,mismatch,mismatch,correct,flat-not-annotated,,11.1132,0.002846,2513,1109,
historical,gpt-5-mini,flat,W-WARN-REWORD-01,3,brand_name,True,True,match,match,correct,flat-not-annotated,,10.1494,0.002648,2513,1010,
historical,gpt-5-mini,flat,W-WARN-REWORD-01,3,class_type,True,True,match,match,correct,flat-not-annotated,,10.1494,0.002648,2513,1010,
historical,gpt-5-mini,flat,W-WARN-REWORD-01,3,alcohol_content,True,True,match,match,correct,flat-not-annotated,,10.1494,0.002648,2513,1010,
historical,gpt-5-mini,flat,W-WARN-REWORD-01,3,net_contents,True,True,match,match,correct,flat-not-annotated,,10.1494,0.002648,2513,1010,
historical,gpt-5-mini,flat,W-WARN-REWORD-01,3,bottler_info,True,True,match,match,correct,flat-not-annotated,,10.1494,0.002648,2513,1010,
historical,gpt-5-mini,flat,W-WARN-REWORD-01,3,country_of_origin,True,True,not-applicable,not-applicable,correct,flat-not-annotated,,10.1494,0.002648,2513,1010,
historical,gpt-5-mini,flat,W-WARN-REWORD-01,3,government_warning,True,True,mismatch,mismatch,correct,flat-not-annotated,,10.1494,0.002648,2513,1010,
historical,gpt-5-mini,flat,W-BRAND-SPLITLINE-01,1,brand_name,True,True,match,match,correct,flat-not-annotated,,16.0551,0.002608,2513,990,
historical,gpt-5-mini,flat,W-BRAND-SPLITLINE-01,1,class_type,True,True,match,match,correct,flat-not-annotated,,16.0551,0.002608,2513,990,
historical,gpt-5-mini,flat,W-BRAND-SPLITLINE-01,1,alcohol_content,True,True,match,match,correct,flat-not-annotated,,16.0551,0.002608,2513,990,
historical,gpt-5-mini,flat,W-BRAND-SPLITLINE-01,1,net_contents,True,True,match,match,correct,flat-not-annotated,,16.0551,0.002608,2513,990,
historical,gpt-5-mini,flat,W-BRAND-SPLITLINE-01,1,bottler_info,True,True,match,match,correct,flat-not-annotated,,16.0551,0.002608,2513,990,
historical,gpt-5-mini,flat,W-BRAND-SPLITLINE-01,1,country_of_origin,True,True,not-applicable,not-applicable,correct,flat-not-annotated,,16.0551,0.002608,2513,990,
historical,gpt-5-mini,flat,W-BRAND-SPLITLINE-01,1,government_warning,True,True,match,match,correct,flat-not-annotated,,16.0551,0.002608,2513,990,
historical,gpt-5-mini,flat,W-BRAND-SPLITLINE-01,2,brand_name,True,True,match,match,correct,flat-not-annotated,,11.7609,0.002934,2513,1153,
historical,gpt-5-mini,flat,W-BRAND-SPLITLINE-01,2,class_type,True,True,match,match,correct,flat-not-annotated,,11.7609,0.002934,2513,1153,
historical,gpt-5-mini,flat,W-BRAND-SPLITLINE-01,2,alcohol_content,True,True,match,match,correct,flat-not-annotated,,11.7609,0.002934,2513,1153,
historical,gpt-5-mini,flat,W-BRAND-SPLITLINE-01,2,net_contents,True,True,match,match,correct,flat-not-annotated,,11.7609,0.002934,2513,1153,
historical,gpt-5-mini,flat,W-BRAND-SPLITLINE-01,2,bottler_info,True,True,match,match,correct,flat-not-annotated,,11.7609,0.002934,2513,1153,
historical,gpt-5-mini,flat,W-BRAND-SPLITLINE-01,2,country_of_origin,True,True,not-applicable,not-applicable,correct,flat-not-annotated,,11.7609,0.002934,2513,1153,
historical,gpt-5-mini,flat,W-BRAND-SPLITLINE-01,2,government_warning,True,True,match,match,correct,flat-not-annotated,,11.7609,0.002934,2513,1153,
historical,gpt-5-mini,flat,W-BRAND-SPLITLINE-01,3,brand_name,True,True,match,match,correct,flat-not-annotated,,9.6934,0.002472,2513,922,
historical,gpt-5-mini,flat,W-BRAND-SPLITLINE-01,3,class_type,True,True,match,match,correct,flat-not-annotated,,9.6934,0.002472,2513,922,
historical,gpt-5-mini,flat,W-BRAND-SPLITLINE-01,3,alcohol_content,True,True,match,match,correct,flat-not-annotated,,9.6934,0.002472,2513,922,
historical,gpt-5-mini,flat,W-BRAND-SPLITLINE-01,3,net_contents,True,True,match,match,correct,flat-not-annotated,,9.6934,0.002472,2513,922,
historical,gpt-5-mini,flat,W-BRAND-SPLITLINE-01,3,bottler_info,True,True,match,match,correct,flat-not-annotated,,9.6934,0.002472,2513,922,
historical,gpt-5-mini,flat,W-BRAND-SPLITLINE-01,3,country_of_origin,True,True,not-applicable,not-applicable,correct,flat-not-annotated,,9.6934,0.002472,2513,922,
historical,gpt-5-mini,flat,W-BRAND-SPLITLINE-01,3,government_warning,True,True,match,match,correct,flat-not-annotated,,9.6934,0.002472,2513,922,
historical,gpt-5-mini,flat,D-BLUR-01,1,brand_name,True,True,match,match,correct,flat-not-annotated,,11.5363,0.00282,2513,1096,
historical,gpt-5-mini,flat,D-BLUR-01,1,class_type,True,True,match,match,correct,flat-not-annotated,,11.5363,0.00282,2513,1096,
historical,gpt-5-mini,flat,D-BLUR-01,1,alcohol_content,True,True,match,match,correct,flat-not-annotated,,11.5363,0.00282,2513,1096,
historical,gpt-5-mini,flat,D-BLUR-01,1,net_contents,True,True,match,match,correct,flat-not-annotated,,11.5363,0.00282,2513,1096,
historical,gpt-5-mini,flat,D-BLUR-01,1,bottler_info,True,True,match,match,correct,flat-not-annotated,,11.5363,0.00282,2513,1096,
historical,gpt-5-mini,flat,D-BLUR-01,1,country_of_origin,True,True,not-applicable,not-applicable,correct,flat-not-annotated,,11.5363,0.00282,2513,1096,
historical,gpt-5-mini,flat,D-BLUR-01,1,government_warning,True,True,match,match,correct,flat-not-annotated,,11.5363,0.00282,2513,1096,
historical,gpt-5-mini,flat,D-BLUR-01,2,brand_name,True,True,match,match,correct,flat-not-annotated,,12.1342,0.002988,2513,1180,
historical,gpt-5-mini,flat,D-BLUR-01,2,class_type,True,True,match,match,correct,flat-not-annotated,,12.1342,0.002988,2513,1180,
historical,gpt-5-mini,flat,D-BLUR-01,2,alcohol_content,True,True,match,match,correct,flat-not-annotated,,12.1342,0.002988,2513,1180,
historical,gpt-5-mini,flat,D-BLUR-01,2,net_contents,True,True,match,match,correct,flat-not-annotated,,12.1342,0.002988,2513,1180,
historical,gpt-5-mini,flat,D-BLUR-01,2,bottler_info,True,True,match,match,correct,flat-not-annotated,,12.1342,0.002988,2513,1180,
historical,gpt-5-mini,flat,D-BLUR-01,2,country_of_origin,True,True,not-applicable,not-applicable,correct,flat-not-annotated,,12.1342,0.002988,2513,1180,
historical,gpt-5-mini,flat,D-BLUR-01,2,government_warning,True,True,match,match,correct,flat-not-annotated,,12.1342,0.002988,2513,1180,
historical,gpt-5-mini,flat,D-BLUR-01,3,brand_name,True,True,match,match,correct,flat-not-annotated,,13.136,0.003066,2513,1219,
historical,gpt-5-mini,flat,D-BLUR-01,3,class_type,True,True,match,match,correct,flat-not-annotated,,13.136,0.003066,2513,1219,
historical,gpt-5-mini,flat,D-BLUR-01,3,alcohol_content,True,True,match,match,correct,flat-not-annotated,,13.136,0.003066,2513,1219,
historical,gpt-5-mini,flat,D-BLUR-01,3,net_contents,True,True,match,match,correct,flat-not-annotated,,13.136,0.003066,2513,1219,
historical,gpt-5-mini,flat,D-BLUR-01,3,bottler_info,True,True,match,match,correct,flat-not-annotated,,13.136,0.003066,2513,1219,
historical,gpt-5-mini,flat,D-BLUR-01,3,country_of_origin,True,True,not-applicable,not-applicable,correct,flat-not-annotated,,13.136,0.003066,2513,1219,
historical,gpt-5-mini,flat,D-BLUR-01,3,government_warning,True,True,match,match,correct,flat-not-annotated,,13.136,0.003066,2513,1219,
historical,gpt-5-mini,flat,D-WARP-01,1,brand_name,True,True,match,match,correct,flat-not-annotated,,12.0904,0.002996,2513,1184,
historical,gpt-5-mini,flat,D-WARP-01,1,class_type,True,True,match,match,correct,flat-not-annotated,,12.0904,0.002996,2513,1184,
historical,gpt-5-mini,flat,D-WARP-01,1,alcohol_content,True,True,match,match,correct,flat-not-annotated,,12.0904,0.002996,2513,1184,
historical,gpt-5-mini,flat,D-WARP-01,1,net_contents,True,True,match,match,correct,flat-not-annotated,,12.0904,0.002996,2513,1184,
historical,gpt-5-mini,flat,D-WARP-01,1,bottler_info,True,True,match,match,correct,flat-not-annotated,,12.0904,0.002996,2513,1184,
historical,gpt-5-mini,flat,D-WARP-01,1,country_of_origin,True,True,not-applicable,not-applicable,correct,flat-not-annotated,,12.0904,0.002996,2513,1184,
historical,gpt-5-mini,flat,D-WARP-01,1,government_warning,True,True,match,match,correct,flat-not-annotated,,12.0904,0.002996,2513,1184,
historical,gpt-5-mini,flat,D-WARP-01,2,brand_name,True,True,match,match,correct,flat-not-annotated,,10.0326,0.002522,2513,947,
historical,gpt-5-mini,flat,D-WARP-01,2,class_type,True,True,match,match,correct,flat-not-annotated,,10.0326,0.002522,2513,947,
historical,gpt-5-mini,flat,D-WARP-01,2,alcohol_content,True,True,match,match,correct,flat-not-annotated,,10.0326,0.002522,2513,947,
historical,gpt-5-mini,flat,D-WARP-01,2,net_contents,True,True,match,match,correct,flat-not-annotated,,10.0326,0.002522,2513,947,
historical,gpt-5-mini,flat,D-WARP-01,2,bottler_info,True,True,match,match,correct,flat-not-annotated,,10.0326,0.002522,2513,947,
historical,gpt-5-mini,flat,D-WARP-01,2,country_of_origin,True,True,not-applicable,not-applicable,correct,flat-not-annotated,,10.0326,0.002522,2513,947,
historical,gpt-5-mini,flat,D-WARP-01,2,government_warning,True,True,match,match,correct,flat-not-annotated,,10.0326,0.002522,2513,947,
historical,gpt-5-mini,flat,D-WARP-01,3,brand_name,True,True,match,match,correct,flat-not-annotated,,9.9078,0.0025,2513,936,
historical,gpt-5-mini,flat,D-WARP-01,3,class_type,True,True,match,match,correct,flat-not-annotated,,9.9078,0.0025,2513,936,
historical,gpt-5-mini,flat,D-WARP-01,3,alcohol_content,True,True,match,match,correct,flat-not-annotated,,9.9078,0.0025,2513,936,
historical,gpt-5-mini,flat,D-WARP-01,3,net_contents,True,True,match,match,correct,flat-not-annotated,,9.9078,0.0025,2513,936,
historical,gpt-5-mini,flat,D-WARP-01,3,bottler_info,True,True,match,match,correct,flat-not-annotated,,9.9078,0.0025,2513,936,
historical,gpt-5-mini,flat,D-WARP-01,3,country_of_origin,True,True,not-applicable,not-applicable,correct,flat-not-annotated,,9.9078,0.0025,2513,936,
historical,gpt-5-mini,flat,D-WARP-01,3,government_warning,True,True,match,match,correct,flat-not-annotated,,9.9078,0.0025,2513,936,
historical,gpt-5-mini,flat,D-GLARE-01,1,brand_name,True,True,match,match,correct,flat-not-annotated,,9.8126,0.002476,2513,924,
historical,gpt-5-mini,flat,D-GLARE-01,1,class_type,True,True,match,match,correct,flat-not-annotated,,9.8126,0.002476,2513,924,
historical,gpt-5-mini,flat,D-GLARE-01,1,alcohol_content,True,True,match,match,correct,flat-not-annotated,,9.8126,0.002476,2513,924,
historical,gpt-5-mini,flat,D-GLARE-01,1,net_contents,True,True,match,match,correct,flat-not-annotated,,9.8126,0.002476,2513,924,
historical,gpt-5-mini,flat,D-GLARE-01,1,bottler_info,True,True,match,match,correct,flat-not-annotated,,9.8126,0.002476,2513,924,
historical,gpt-5-mini,flat,D-GLARE-01,1,country_of_origin,True,True,not-applicable,not-applicable,correct,flat-not-annotated,,9.8126,0.002476,2513,924,
historical,gpt-5-mini,flat,D-GLARE-01,1,government_warning,True,True,match,match,correct,flat-not-annotated,,9.8126,0.002476,2513,924,
historical,gpt-5-mini,flat,D-GLARE-01,2,brand_name,True,True,match,match,correct,flat-not-annotated,,9.5029,0.002444,2513,908,
historical,gpt-5-mini,flat,D-GLARE-01,2,class_type,True,True,match,match,correct,flat-not-annotated,,9.5029,0.002444,2513,908,
historical,gpt-5-mini,flat,D-GLARE-01,2,alcohol_content,True,True,match,match,correct,flat-not-annotated,,9.5029,0.002444,2513,908,
historical,gpt-5-mini,flat,D-GLARE-01,2,net_contents,True,True,match,match,correct,flat-not-annotated,,9.5029,0.002444,2513,908,
historical,gpt-5-mini,flat,D-GLARE-01,2,bottler_info,True,True,match,match,correct,flat-not-annotated,,9.5029,0.002444,2513,908,
historical,gpt-5-mini,flat,D-GLARE-01,2,country_of_origin,True,True,not-applicable,not-applicable,correct,flat-not-annotated,,9.5029,0.002444,2513,908,
historical,gpt-5-mini,flat,D-GLARE-01,2,government_warning,True,True,match,match,correct,flat-not-annotated,,9.5029,0.002444,2513,908,
historical,gpt-5-mini,flat,D-GLARE-01,3,brand_name,True,True,match,match,correct,flat-not-annotated,,11.3236,0.002776,2513,1074,
historical,gpt-5-mini,flat,D-GLARE-01,3,class_type,True,True,match,match,correct,flat-not-annotated,,11.3236,0.002776,2513,1074,
historical,gpt-5-mini,flat,D-GLARE-01,3,alcohol_content,True,True,match,match,correct,flat-not-annotated,,11.3236,0.002776,2513,1074,
historical,gpt-5-mini,flat,D-GLARE-01,3,net_contents,True,True,match,match,correct,flat-not-annotated,,11.3236,0.002776,2513,1074,
historical,gpt-5-mini,flat,D-GLARE-01,3,bottler_info,True,True,match,match,correct,flat-not-annotated,,11.3236,0.002776,2513,1074,
historical,gpt-5-mini,flat,D-GLARE-01,3,country_of_origin,True,True,not-applicable,not-applicable,correct,flat-not-annotated,,11.3236,0.002776,2513,1074,
historical,gpt-5-mini,flat,D-GLARE-01,3,government_warning,True,True,match,match,correct,flat-not-annotated,,11.3236,0.002776,2513,1074,
historical,anthropic/claude-haiku-4.5,flat,C-SPIRITS-01,1,brand_name,True,True,match,match,correct,flat-not-annotated,,4.1328,0.004279,2339,388,
historical,anthropic/claude-haiku-4.5,flat,C-SPIRITS-01,1,class_type,True,True,match,match,correct,flat-not-annotated,,4.1328,0.004279,2339,388,
historical,anthropic/claude-haiku-4.5,flat,C-SPIRITS-01,1,alcohol_content,True,True,match,match,correct,flat-not-annotated,,4.1328,0.004279,2339,388,
historical,anthropic/claude-haiku-4.5,flat,C-SPIRITS-01,1,net_contents,True,True,match,match,correct,flat-not-annotated,,4.1328,0.004279,2339,388,
historical,anthropic/claude-haiku-4.5,flat,C-SPIRITS-01,1,bottler_info,True,True,match,match,correct,flat-not-annotated,,4.1328,0.004279,2339,388,
historical,anthropic/claude-haiku-4.5,flat,C-SPIRITS-01,1,country_of_origin,True,True,not-applicable,not-applicable,correct,flat-not-annotated,,4.1328,0.004279,2339,388,
historical,anthropic/claude-haiku-4.5,flat,C-SPIRITS-01,1,government_warning,True,True,match,match,correct,flat-not-annotated,,4.1328,0.004279,2339,388,
historical,anthropic/claude-haiku-4.5,flat,C-SPIRITS-01,2,brand_name,True,True,match,match,correct,flat-not-annotated,,3.7936,0.004279,2339,388,
historical,anthropic/claude-haiku-4.5,flat,C-SPIRITS-01,2,class_type,True,True,match,match,correct,flat-not-annotated,,3.7936,0.004279,2339,388,
historical,anthropic/claude-haiku-4.5,flat,C-SPIRITS-01,2,alcohol_content,True,True,match,match,correct,flat-not-annotated,,3.7936,0.004279,2339,388,
historical,anthropic/claude-haiku-4.5,flat,C-SPIRITS-01,2,net_contents,True,True,match,match,correct,flat-not-annotated,,3.7936,0.004279,2339,388,
historical,anthropic/claude-haiku-4.5,flat,C-SPIRITS-01,2,bottler_info,True,True,match,match,correct,flat-not-annotated,,3.7936,0.004279,2339,388,
historical,anthropic/claude-haiku-4.5,flat,C-SPIRITS-01,2,country_of_origin,True,True,not-applicable,not-applicable,correct,flat-not-annotated,,3.7936,0.004279,2339,388,
historical,anthropic/claude-haiku-4.5,flat,C-SPIRITS-01,2,government_warning,True,True,match,match,correct,flat-not-annotated,,3.7936,0.004279,2339,388,
historical,anthropic/claude-haiku-4.5,flat,C-SPIRITS-01,3,brand_name,True,True,match,match,correct,flat-not-annotated,,4.0216,0.004279,2339,388,
historical,anthropic/claude-haiku-4.5,flat,C-SPIRITS-01,3,class_type,True,True,match,match,correct,flat-not-annotated,,4.0216,0.004279,2339,388,
historical,anthropic/claude-haiku-4.5,flat,C-SPIRITS-01,3,alcohol_content,True,True,match,match,correct,flat-not-annotated,,4.0216,0.004279,2339,388,
historical,anthropic/claude-haiku-4.5,flat,C-SPIRITS-01,3,net_contents,True,True,match,match,correct,flat-not-annotated,,4.0216,0.004279,2339,388,
historical,anthropic/claude-haiku-4.5,flat,C-SPIRITS-01,3,bottler_info,True,True,match,match,correct,flat-not-annotated,,4.0216,0.004279,2339,388,
historical,anthropic/claude-haiku-4.5,flat,C-SPIRITS-01,3,country_of_origin,True,True,not-applicable,not-applicable,correct,flat-not-annotated,,4.0216,0.004279,2339,388,
historical,anthropic/claude-haiku-4.5,flat,C-SPIRITS-01,3,government_warning,True,True,match,match,correct,flat-not-annotated,,4.0216,0.004279,2339,388,
historical,anthropic/claude-haiku-4.5,flat,C-WINE-01,1,brand_name,True,True,match,match,correct,flat-not-annotated,,4.0634,0.004294,2339,391,
historical,anthropic/claude-haiku-4.5,flat,C-WINE-01,1,class_type,True,True,match,match,correct,flat-not-annotated,,4.0634,0.004294,2339,391,
historical,anthropic/claude-haiku-4.5,flat,C-WINE-01,1,alcohol_content,True,True,match,match,correct,flat-not-annotated,,4.0634,0.004294,2339,391,
historical,anthropic/claude-haiku-4.5,flat,C-WINE-01,1,net_contents,True,True,match,match,correct,flat-not-annotated,,4.0634,0.004294,2339,391,
historical,anthropic/claude-haiku-4.5,flat,C-WINE-01,1,bottler_info,True,True,match,match,correct,flat-not-annotated,,4.0634,0.004294,2339,391,
historical,anthropic/claude-haiku-4.5,flat,C-WINE-01,1,country_of_origin,True,True,not-applicable,not-applicable,correct,flat-not-annotated,,4.0634,0.004294,2339,391,
historical,anthropic/claude-haiku-4.5,flat,C-WINE-01,1,government_warning,True,True,match,match,correct,flat-not-annotated,,4.0634,0.004294,2339,391,
historical,anthropic/claude-haiku-4.5,flat,C-WINE-01,2,brand_name,True,True,match,match,correct,flat-not-annotated,,3.8699,0.004294,2339,391,
historical,anthropic/claude-haiku-4.5,flat,C-WINE-01,2,class_type,True,True,match,match,correct,flat-not-annotated,,3.8699,0.004294,2339,391,
historical,anthropic/claude-haiku-4.5,flat,C-WINE-01,2,alcohol_content,True,True,match,match,correct,flat-not-annotated,,3.8699,0.004294,2339,391,
historical,anthropic/claude-haiku-4.5,flat,C-WINE-01,2,net_contents,True,True,match,match,correct,flat-not-annotated,,3.8699,0.004294,2339,391,
historical,anthropic/claude-haiku-4.5,flat,C-WINE-01,2,bottler_info,True,True,match,match,correct,flat-not-annotated,,3.8699,0.004294,2339,391,
historical,anthropic/claude-haiku-4.5,flat,C-WINE-01,2,country_of_origin,True,True,not-applicable,not-applicable,correct,flat-not-annotated,,3.8699,0.004294,2339,391,
historical,anthropic/claude-haiku-4.5,flat,C-WINE-01,2,government_warning,True,True,match,match,correct,flat-not-annotated,,3.8699,0.004294,2339,391,
historical,anthropic/claude-haiku-4.5,flat,C-WINE-01,3,brand_name,True,True,match,match,correct,flat-not-annotated,,3.9992,0.004294,2339,391,
historical,anthropic/claude-haiku-4.5,flat,C-WINE-01,3,class_type,True,True,match,match,correct,flat-not-annotated,,3.9992,0.004294,2339,391,
historical,anthropic/claude-haiku-4.5,flat,C-WINE-01,3,alcohol_content,True,True,match,match,correct,flat-not-annotated,,3.9992,0.004294,2339,391,
historical,anthropic/claude-haiku-4.5,flat,C-WINE-01,3,net_contents,True,True,match,match,correct,flat-not-annotated,,3.9992,0.004294,2339,391,
historical,anthropic/claude-haiku-4.5,flat,C-WINE-01,3,bottler_info,True,True,match,match,correct,flat-not-annotated,,3.9992,0.004294,2339,391,
historical,anthropic/claude-haiku-4.5,flat,C-WINE-01,3,country_of_origin,True,True,not-applicable,not-applicable,correct,flat-not-annotated,,3.9992,0.004294,2339,391,
historical,anthropic/claude-haiku-4.5,flat,C-WINE-01,3,government_warning,True,True,match,match,correct,flat-not-annotated,,3.9992,0.004294,2339,391,
historical,anthropic/claude-haiku-4.5,flat,C-MALT-01,1,brand_name,True,True,match,match,correct,flat-not-annotated,,3.9154,0.004294,2339,391,
historical,anthropic/claude-haiku-4.5,flat,C-MALT-01,1,class_type,True,True,match,match,correct,flat-not-annotated,,3.9154,0.004294,2339,391,
historical,anthropic/claude-haiku-4.5,flat,C-MALT-01,1,alcohol_content,True,True,match,match,correct,flat-not-annotated,,3.9154,0.004294,2339,391,
historical,anthropic/claude-haiku-4.5,flat,C-MALT-01,1,net_contents,True,True,match,match,correct,flat-not-annotated,,3.9154,0.004294,2339,391,
historical,anthropic/claude-haiku-4.5,flat,C-MALT-01,1,bottler_info,True,True,match,match,correct,flat-not-annotated,,3.9154,0.004294,2339,391,
historical,anthropic/claude-haiku-4.5,flat,C-MALT-01,1,country_of_origin,True,True,not-applicable,not-applicable,correct,flat-not-annotated,,3.9154,0.004294,2339,391,
historical,anthropic/claude-haiku-4.5,flat,C-MALT-01,1,government_warning,True,True,match,match,correct,flat-not-annotated,,3.9154,0.004294,2339,391,
historical,anthropic/claude-haiku-4.5,flat,C-MALT-01,2,brand_name,True,True,match,match,correct,flat-not-annotated,,4.1199,0.004294,2339,391,
historical,anthropic/claude-haiku-4.5,flat,C-MALT-01,2,class_type,True,True,match,match,correct,flat-not-annotated,,4.1199,0.004294,2339,391,
historical,anthropic/claude-haiku-4.5,flat,C-MALT-01,2,alcohol_content,True,True,match,match,correct,flat-not-annotated,,4.1199,0.004294,2339,391,
historical,anthropic/claude-haiku-4.5,flat,C-MALT-01,2,net_contents,True,True,match,match,correct,flat-not-annotated,,4.1199,0.004294,2339,391,
historical,anthropic/claude-haiku-4.5,flat,C-MALT-01,2,bottler_info,True,True,match,match,correct,flat-not-annotated,,4.1199,0.004294,2339,391,
historical,anthropic/claude-haiku-4.5,flat,C-MALT-01,2,country_of_origin,True,True,not-applicable,not-applicable,correct,flat-not-annotated,,4.1199,0.004294,2339,391,
historical,anthropic/claude-haiku-4.5,flat,C-MALT-01,2,government_warning,True,True,match,match,correct,flat-not-annotated,,4.1199,0.004294,2339,391,
historical,anthropic/claude-haiku-4.5,flat,C-MALT-01,3,brand_name,True,True,match,match,correct,flat-not-annotated,,4.0312,0.004294,2339,391,
historical,anthropic/claude-haiku-4.5,flat,C-MALT-01,3,class_type,True,True,match,match,correct,flat-not-annotated,,4.0312,0.004294,2339,391,
historical,anthropic/claude-haiku-4.5,flat,C-MALT-01,3,alcohol_content,True,True,match,match,correct,flat-not-annotated,,4.0312,0.004294,2339,391,
historical,anthropic/claude-haiku-4.5,flat,C-MALT-01,3,net_contents,True,True,match,match,correct,flat-not-annotated,,4.0312,0.004294,2339,391,
historical,anthropic/claude-haiku-4.5,flat,C-MALT-01,3,bottler_info,True,True,match,match,correct,flat-not-annotated,,4.0312,0.004294,2339,391,
historical,anthropic/claude-haiku-4.5,flat,C-MALT-01,3,country_of_origin,True,True,not-applicable,not-applicable,correct,flat-not-annotated,,4.0312,0.004294,2339,391,
historical,anthropic/claude-haiku-4.5,flat,C-MALT-01,3,government_warning,True,True,match,match,correct,flat-not-annotated,,4.0312,0.004294,2339,391,
historical,anthropic/claude-haiku-4.5,flat,C-SPIRITS-IMPORT-01,1,brand_name,True,True,match,match,correct,flat-not-annotated,,4.2049,0.004334,2339,399,
historical,anthropic/claude-haiku-4.5,flat,C-SPIRITS-IMPORT-01,1,class_type,True,True,match,match,correct,flat-not-annotated,,4.2049,0.004334,2339,399,
historical,anthropic/claude-haiku-4.5,flat,C-SPIRITS-IMPORT-01,1,alcohol_content,True,True,match,match,correct,flat-not-annotated,,4.2049,0.004334,2339,399,
historical,anthropic/claude-haiku-4.5,flat,C-SPIRITS-IMPORT-01,1,net_contents,True,True,match,match,correct,flat-not-annotated,,4.2049,0.004334,2339,399,
historical,anthropic/claude-haiku-4.5,flat,C-SPIRITS-IMPORT-01,1,bottler_info,True,True,match,match,correct,flat-not-annotated,,4.2049,0.004334,2339,399,
historical,anthropic/claude-haiku-4.5,flat,C-SPIRITS-IMPORT-01,1,country_of_origin,True,True,match,match,correct,flat-not-annotated,,4.2049,0.004334,2339,399,
historical,anthropic/claude-haiku-4.5,flat,C-SPIRITS-IMPORT-01,1,government_warning,True,True,match,match,correct,flat-not-annotated,,4.2049,0.004334,2339,399,
historical,anthropic/claude-haiku-4.5,flat,C-SPIRITS-IMPORT-01,2,brand_name,True,True,match,match,correct,flat-not-annotated,,4.4611,0.004334,2339,399,
historical,anthropic/claude-haiku-4.5,flat,C-SPIRITS-IMPORT-01,2,class_type,True,True,match,match,correct,flat-not-annotated,,4.4611,0.004334,2339,399,
historical,anthropic/claude-haiku-4.5,flat,C-SPIRITS-IMPORT-01,2,alcohol_content,True,True,match,match,correct,flat-not-annotated,,4.4611,0.004334,2339,399,
historical,anthropic/claude-haiku-4.5,flat,C-SPIRITS-IMPORT-01,2,net_contents,True,True,match,match,correct,flat-not-annotated,,4.4611,0.004334,2339,399,
historical,anthropic/claude-haiku-4.5,flat,C-SPIRITS-IMPORT-01,2,bottler_info,True,True,match,match,correct,flat-not-annotated,,4.4611,0.004334,2339,399,
historical,anthropic/claude-haiku-4.5,flat,C-SPIRITS-IMPORT-01,2,country_of_origin,True,True,match,match,correct,flat-not-annotated,,4.4611,0.004334,2339,399,
historical,anthropic/claude-haiku-4.5,flat,C-SPIRITS-IMPORT-01,2,government_warning,True,True,match,match,correct,flat-not-annotated,,4.4611,0.004334,2339,399,
historical,anthropic/claude-haiku-4.5,flat,C-SPIRITS-IMPORT-01,3,brand_name,True,True,match,match,correct,flat-not-annotated,,4.2792,0.004334,2339,399,
historical,anthropic/claude-haiku-4.5,flat,C-SPIRITS-IMPORT-01,3,class_type,True,True,match,match,correct,flat-not-annotated,,4.2792,0.004334,2339,399,
historical,anthropic/claude-haiku-4.5,flat,C-SPIRITS-IMPORT-01,3,alcohol_content,True,True,match,match,correct,flat-not-annotated,,4.2792,0.004334,2339,399,
historical,anthropic/claude-haiku-4.5,flat,C-SPIRITS-IMPORT-01,3,net_contents,True,True,match,match,correct,flat-not-annotated,,4.2792,0.004334,2339,399,
historical,anthropic/claude-haiku-4.5,flat,C-SPIRITS-IMPORT-01,3,bottler_info,True,True,match,match,correct,flat-not-annotated,,4.2792,0.004334,2339,399,
historical,anthropic/claude-haiku-4.5,flat,C-SPIRITS-IMPORT-01,3,country_of_origin,True,True,match,match,correct,flat-not-annotated,,4.2792,0.004334,2339,399,
historical,anthropic/claude-haiku-4.5,flat,C-SPIRITS-IMPORT-01,3,government_warning,True,True,match,match,correct,flat-not-annotated,,4.2792,0.004334,2339,399,
historical,anthropic/claude-haiku-4.5,flat,A-WARN-TITLECASE-01,1,brand_name,True,True,match,match,correct,flat-not-annotated,,3.9464,0.004274,2339,387,
historical,anthropic/claude-haiku-4.5,flat,A-WARN-TITLECASE-01,1,class_type,True,True,match,match,correct,flat-not-annotated,,3.9464,0.004274,2339,387,
historical,anthropic/claude-haiku-4.5,flat,A-WARN-TITLECASE-01,1,alcohol_content,True,True,match,match,correct,flat-not-annotated,,3.9464,0.004274,2339,387,
historical,anthropic/claude-haiku-4.5,flat,A-WARN-TITLECASE-01,1,net_contents,True,True,match,match,correct,flat-not-annotated,,3.9464,0.004274,2339,387,
historical,anthropic/claude-haiku-4.5,flat,A-WARN-TITLECASE-01,1,bottler_info,True,True,match,match,correct,flat-not-annotated,,3.9464,0.004274,2339,387,
historical,anthropic/claude-haiku-4.5,flat,A-WARN-TITLECASE-01,1,country_of_origin,True,True,not-applicable,not-applicable,correct,flat-not-annotated,,3.9464,0.004274,2339,387,
historical,anthropic/claude-haiku-4.5,flat,A-WARN-TITLECASE-01,1,government_warning,True,True,mismatch,mismatch,correct,flat-not-annotated,,3.9464,0.004274,2339,387,
historical,anthropic/claude-haiku-4.5,flat,A-WARN-TITLECASE-01,2,brand_name,True,True,match,match,correct,flat-not-annotated,,4.0297,0.004274,2339,387,
historical,anthropic/claude-haiku-4.5,flat,A-WARN-TITLECASE-01,2,class_type,True,True,match,match,correct,flat-not-annotated,,4.0297,0.004274,2339,387,
historical,anthropic/claude-haiku-4.5,flat,A-WARN-TITLECASE-01,2,alcohol_content,True,True,match,match,correct,flat-not-annotated,,4.0297,0.004274,2339,387,
historical,anthropic/claude-haiku-4.5,flat,A-WARN-TITLECASE-01,2,net_contents,True,True,match,match,correct,flat-not-annotated,,4.0297,0.004274,2339,387,
historical,anthropic/claude-haiku-4.5,flat,A-WARN-TITLECASE-01,2,bottler_info,True,True,match,match,correct,flat-not-annotated,,4.0297,0.004274,2339,387,
historical,anthropic/claude-haiku-4.5,flat,A-WARN-TITLECASE-01,2,country_of_origin,True,True,not-applicable,not-applicable,correct,flat-not-annotated,,4.0297,0.004274,2339,387,
historical,anthropic/claude-haiku-4.5,flat,A-WARN-TITLECASE-01,2,government_warning,True,True,mismatch,mismatch,correct,flat-not-annotated,,4.0297,0.004274,2339,387,
historical,anthropic/claude-haiku-4.5,flat,A-WARN-TITLECASE-01,3,brand_name,True,True,match,match,correct,flat-not-annotated,,3.8471,0.004274,2339,387,
historical,anthropic/claude-haiku-4.5,flat,A-WARN-TITLECASE-01,3,class_type,True,True,match,match,correct,flat-not-annotated,,3.8471,0.004274,2339,387,
historical,anthropic/claude-haiku-4.5,flat,A-WARN-TITLECASE-01,3,alcohol_content,True,True,match,match,correct,flat-not-annotated,,3.8471,0.004274,2339,387,
historical,anthropic/claude-haiku-4.5,flat,A-WARN-TITLECASE-01,3,net_contents,True,True,match,match,correct,flat-not-annotated,,3.8471,0.004274,2339,387,
historical,anthropic/claude-haiku-4.5,flat,A-WARN-TITLECASE-01,3,bottler_info,True,True,match,match,correct,flat-not-annotated,,3.8471,0.004274,2339,387,
historical,anthropic/claude-haiku-4.5,flat,A-WARN-TITLECASE-01,3,country_of_origin,True,True,not-applicable,not-applicable,correct,flat-not-annotated,,3.8471,0.004274,2339,387,
historical,anthropic/claude-haiku-4.5,flat,A-WARN-TITLECASE-01,3,government_warning,True,True,mismatch,mismatch,correct,flat-not-annotated,,3.8471,0.004274,2339,387,
historical,anthropic/claude-haiku-4.5,flat,A-WARN-BOLDBODY-01,1,brand_name,True,True,match,match,correct,flat-not-annotated,,3.9272,0.004294,2339,391,
historical,anthropic/claude-haiku-4.5,flat,A-WARN-BOLDBODY-01,1,class_type,True,True,match,match,correct,flat-not-annotated,,3.9272,0.004294,2339,391,
historical,anthropic/claude-haiku-4.5,flat,A-WARN-BOLDBODY-01,1,alcohol_content,True,True,match,match,correct,flat-not-annotated,,3.9272,0.004294,2339,391,
historical,anthropic/claude-haiku-4.5,flat,A-WARN-BOLDBODY-01,1,net_contents,True,True,match,match,correct,flat-not-annotated,,3.9272,0.004294,2339,391,
historical,anthropic/claude-haiku-4.5,flat,A-WARN-BOLDBODY-01,1,bottler_info,True,True,match,match,correct,flat-not-annotated,,3.9272,0.004294,2339,391,
historical,anthropic/claude-haiku-4.5,flat,A-WARN-BOLDBODY-01,1,country_of_origin,True,True,not-applicable,not-applicable,correct,flat-not-annotated,,3.9272,0.004294,2339,391,
historical,anthropic/claude-haiku-4.5,flat,A-WARN-BOLDBODY-01,1,government_warning,True,True,mismatch,mismatch,correct,flat-not-annotated,,3.9272,0.004294,2339,391,
historical,anthropic/claude-haiku-4.5,flat,A-WARN-BOLDBODY-01,2,brand_name,True,True,match,match,correct,flat-not-annotated,,3.8802,0.004294,2339,391,
historical,anthropic/claude-haiku-4.5,flat,A-WARN-BOLDBODY-01,2,class_type,True,True,match,match,correct,flat-not-annotated,,3.8802,0.004294,2339,391,
historical,anthropic/claude-haiku-4.5,flat,A-WARN-BOLDBODY-01,2,alcohol_content,True,True,match,match,correct,flat-not-annotated,,3.8802,0.004294,2339,391,
historical,anthropic/claude-haiku-4.5,flat,A-WARN-BOLDBODY-01,2,net_contents,True,True,match,match,correct,flat-not-annotated,,3.8802,0.004294,2339,391,
historical,anthropic/claude-haiku-4.5,flat,A-WARN-BOLDBODY-01,2,bottler_info,True,True,match,match,correct,flat-not-annotated,,3.8802,0.004294,2339,391,
historical,anthropic/claude-haiku-4.5,flat,A-WARN-BOLDBODY-01,2,country_of_origin,True,True,not-applicable,not-applicable,correct,flat-not-annotated,,3.8802,0.004294,2339,391,
historical,anthropic/claude-haiku-4.5,flat,A-WARN-BOLDBODY-01,2,government_warning,True,True,mismatch,mismatch,correct,flat-not-annotated,,3.8802,0.004294,2339,391,
historical,anthropic/claude-haiku-4.5,flat,A-WARN-BOLDBODY-01,3,brand_name,True,True,match,match,correct,flat-not-annotated,,3.9108,0.004294,2339,391,
historical,anthropic/claude-haiku-4.5,flat,A-WARN-BOLDBODY-01,3,class_type,True,True,match,match,correct,flat-not-annotated,,3.9108,0.004294,2339,391,
historical,anthropic/claude-haiku-4.5,flat,A-WARN-BOLDBODY-01,3,alcohol_content,True,True,match,match,correct,flat-not-annotated,,3.9108,0.004294,2339,391,
historical,anthropic/claude-haiku-4.5,flat,A-WARN-BOLDBODY-01,3,net_contents,True,True,match,match,correct,flat-not-annotated,,3.9108,0.004294,2339,391,
historical,anthropic/claude-haiku-4.5,flat,A-WARN-BOLDBODY-01,3,bottler_info,True,True,match,match,correct,flat-not-annotated,,3.9108,0.004294,2339,391,
historical,anthropic/claude-haiku-4.5,flat,A-WARN-BOLDBODY-01,3,country_of_origin,True,True,not-applicable,not-applicable,correct,flat-not-annotated,,3.9108,0.004294,2339,391,
historical,anthropic/claude-haiku-4.5,flat,A-WARN-BOLDBODY-01,3,government_warning,True,True,mismatch,mismatch,correct,flat-not-annotated,,3.9108,0.004294,2339,391,
historical,anthropic/claude-haiku-4.5,flat,A-BRAND-CASE-01,1,brand_name,True,True,match,match,correct,flat-not-annotated,,4.1346,0.004284,2339,389,
historical,anthropic/claude-haiku-4.5,flat,A-BRAND-CASE-01,1,class_type,True,True,match,match,correct,flat-not-annotated,,4.1346,0.004284,2339,389,
historical,anthropic/claude-haiku-4.5,flat,A-BRAND-CASE-01,1,alcohol_content,True,True,match,match,correct,flat-not-annotated,,4.1346,0.004284,2339,389,
historical,anthropic/claude-haiku-4.5,flat,A-BRAND-CASE-01,1,net_contents,True,True,match,match,correct,flat-not-annotated,,4.1346,0.004284,2339,389,
historical,anthropic/claude-haiku-4.5,flat,A-BRAND-CASE-01,1,bottler_info,True,True,match,match,correct,flat-not-annotated,,4.1346,0.004284,2339,389,
historical,anthropic/claude-haiku-4.5,flat,A-BRAND-CASE-01,1,country_of_origin,True,True,not-applicable,not-applicable,correct,flat-not-annotated,,4.1346,0.004284,2339,389,
historical,anthropic/claude-haiku-4.5,flat,A-BRAND-CASE-01,1,government_warning,True,True,match,match,correct,flat-not-annotated,,4.1346,0.004284,2339,389,
historical,anthropic/claude-haiku-4.5,flat,A-BRAND-CASE-01,2,brand_name,True,True,match,match,correct,flat-not-annotated,,3.7928,0.004284,2339,389,
historical,anthropic/claude-haiku-4.5,flat,A-BRAND-CASE-01,2,class_type,True,True,match,match,correct,flat-not-annotated,,3.7928,0.004284,2339,389,
historical,anthropic/claude-haiku-4.5,flat,A-BRAND-CASE-01,2,alcohol_content,True,True,match,match,correct,flat-not-annotated,,3.7928,0.004284,2339,389,
historical,anthropic/claude-haiku-4.5,flat,A-BRAND-CASE-01,2,net_contents,True,True,match,match,correct,flat-not-annotated,,3.7928,0.004284,2339,389,
historical,anthropic/claude-haiku-4.5,flat,A-BRAND-CASE-01,2,bottler_info,True,True,match,match,correct,flat-not-annotated,,3.7928,0.004284,2339,389,
historical,anthropic/claude-haiku-4.5,flat,A-BRAND-CASE-01,2,country_of_origin,True,True,not-applicable,not-applicable,correct,flat-not-annotated,,3.7928,0.004284,2339,389,
historical,anthropic/claude-haiku-4.5,flat,A-BRAND-CASE-01,2,government_warning,True,True,match,match,correct,flat-not-annotated,,3.7928,0.004284,2339,389,
historical,anthropic/claude-haiku-4.5,flat,A-BRAND-CASE-01,3,brand_name,True,True,match,match,correct,flat-not-annotated,,4.3178,0.004284,2339,389,
historical,anthropic/claude-haiku-4.5,flat,A-BRAND-CASE-01,3,class_type,True,True,match,match,correct,flat-not-annotated,,4.3178,0.004284,2339,389,
historical,anthropic/claude-haiku-4.5,flat,A-BRAND-CASE-01,3,alcohol_content,True,True,match,match,correct,flat-not-annotated,,4.3178,0.004284,2339,389,
historical,anthropic/claude-haiku-4.5,flat,A-BRAND-CASE-01,3,net_contents,True,True,match,match,correct,flat-not-annotated,,4.3178,0.004284,2339,389,
historical,anthropic/claude-haiku-4.5,flat,A-BRAND-CASE-01,3,bottler_info,True,True,match,match,correct,flat-not-annotated,,4.3178,0.004284,2339,389,
historical,anthropic/claude-haiku-4.5,flat,A-BRAND-CASE-01,3,country_of_origin,True,True,not-applicable,not-applicable,correct,flat-not-annotated,,4.3178,0.004284,2339,389,
historical,anthropic/claude-haiku-4.5,flat,A-BRAND-CASE-01,3,government_warning,True,True,match,match,correct,flat-not-annotated,,4.3178,0.004284,2339,389,
historical,anthropic/claude-haiku-4.5,flat,A-ABV-WRONG-01,1,brand_name,True,True,match,match,correct,flat-not-annotated,,3.8201,0.004304,2339,393,
historical,anthropic/claude-haiku-4.5,flat,A-ABV-WRONG-01,1,class_type,True,True,match,match,correct,flat-not-annotated,,3.8201,0.004304,2339,393,
historical,anthropic/claude-haiku-4.5,flat,A-ABV-WRONG-01,1,alcohol_content,True,True,mismatch,mismatch,correct,flat-not-annotated,,3.8201,0.004304,2339,393,
historical,anthropic/claude-haiku-4.5,flat,A-ABV-WRONG-01,1,net_contents,True,True,match,match,correct,flat-not-annotated,,3.8201,0.004304,2339,393,
historical,anthropic/claude-haiku-4.5,flat,A-ABV-WRONG-01,1,bottler_info,True,True,match,match,correct,flat-not-annotated,,3.8201,0.004304,2339,393,
historical,anthropic/claude-haiku-4.5,flat,A-ABV-WRONG-01,1,country_of_origin,True,True,not-applicable,not-applicable,correct,flat-not-annotated,,3.8201,0.004304,2339,393,
historical,anthropic/claude-haiku-4.5,flat,A-ABV-WRONG-01,1,government_warning,True,True,match,match,correct,flat-not-annotated,,3.8201,0.004304,2339,393,
historical,anthropic/claude-haiku-4.5,flat,A-ABV-WRONG-01,2,brand_name,True,True,match,match,correct,flat-not-annotated,,3.73,0.004304,2339,393,
historical,anthropic/claude-haiku-4.5,flat,A-ABV-WRONG-01,2,class_type,True,True,match,match,correct,flat-not-annotated,,3.73,0.004304,2339,393,
historical,anthropic/claude-haiku-4.5,flat,A-ABV-WRONG-01,2,alcohol_content,True,True,mismatch,mismatch,correct,flat-not-annotated,,3.73,0.004304,2339,393,
historical,anthropic/claude-haiku-4.5,flat,A-ABV-WRONG-01,2,net_contents,True,True,match,match,correct,flat-not-annotated,,3.73,0.004304,2339,393,
historical,anthropic/claude-haiku-4.5,flat,A-ABV-WRONG-01,2,bottler_info,True,True,match,match,correct,flat-not-annotated,,3.73,0.004304,2339,393,
historical,anthropic/claude-haiku-4.5,flat,A-ABV-WRONG-01,2,country_of_origin,True,True,not-applicable,not-applicable,correct,flat-not-annotated,,3.73,0.004304,2339,393,
historical,anthropic/claude-haiku-4.5,flat,A-ABV-WRONG-01,2,government_warning,True,True,match,match,correct,flat-not-annotated,,3.73,0.004304,2339,393,
historical,anthropic/claude-haiku-4.5,flat,A-ABV-WRONG-01,3,brand_name,True,True,match,match,correct,flat-not-annotated,,3.8352,0.004304,2339,393,
historical,anthropic/claude-haiku-4.5,flat,A-ABV-WRONG-01,3,class_type,True,True,match,match,correct,flat-not-annotated,,3.8352,0.004304,2339,393,
historical,anthropic/claude-haiku-4.5,flat,A-ABV-WRONG-01,3,alcohol_content,True,True,mismatch,mismatch,correct,flat-not-annotated,,3.8352,0.004304,2339,393,
historical,anthropic/claude-haiku-4.5,flat,A-ABV-WRONG-01,3,net_contents,True,True,match,match,correct,flat-not-annotated,,3.8352,0.004304,2339,393,
historical,anthropic/claude-haiku-4.5,flat,A-ABV-WRONG-01,3,bottler_info,True,True,match,match,correct,flat-not-annotated,,3.8352,0.004304,2339,393,
historical,anthropic/claude-haiku-4.5,flat,A-ABV-WRONG-01,3,country_of_origin,True,True,not-applicable,not-applicable,correct,flat-not-annotated,,3.8352,0.004304,2339,393,
historical,anthropic/claude-haiku-4.5,flat,A-ABV-WRONG-01,3,government_warning,True,True,match,match,correct,flat-not-annotated,,3.8352,0.004304,2339,393,
historical,anthropic/claude-haiku-4.5,flat,A-FIELD-MISSING-01,1,brand_name,True,True,match,match,correct,flat-not-annotated,,3.7362,0.004184,2339,369,
historical,anthropic/claude-haiku-4.5,flat,A-FIELD-MISSING-01,1,class_type,True,True,match,match,correct,flat-not-annotated,,3.7362,0.004184,2339,369,
historical,anthropic/claude-haiku-4.5,flat,A-FIELD-MISSING-01,1,alcohol_content,True,True,match,match,correct,flat-not-annotated,,3.7362,0.004184,2339,369,
historical,anthropic/claude-haiku-4.5,flat,A-FIELD-MISSING-01,1,net_contents,True,True,needs-review,needs-review,referral,flat-not-annotated,,3.7362,0.004184,2339,369,
historical,anthropic/claude-haiku-4.5,flat,A-FIELD-MISSING-01,1,bottler_info,True,True,needs-review,needs-review,referral,flat-not-annotated,,3.7362,0.004184,2339,369,
historical,anthropic/claude-haiku-4.5,flat,A-FIELD-MISSING-01,1,country_of_origin,True,True,not-applicable,not-applicable,correct,flat-not-annotated,,3.7362,0.004184,2339,369,
historical,anthropic/claude-haiku-4.5,flat,A-FIELD-MISSING-01,1,government_warning,True,True,match,match,correct,flat-not-annotated,,3.7362,0.004184,2339,369,
historical,anthropic/claude-haiku-4.5,flat,A-FIELD-MISSING-01,2,brand_name,True,True,match,match,correct,flat-not-annotated,,3.9411,0.004184,2339,369,
historical,anthropic/claude-haiku-4.5,flat,A-FIELD-MISSING-01,2,class_type,True,True,match,match,correct,flat-not-annotated,,3.9411,0.004184,2339,369,
historical,anthropic/claude-haiku-4.5,flat,A-FIELD-MISSING-01,2,alcohol_content,True,True,match,match,correct,flat-not-annotated,,3.9411,0.004184,2339,369,
historical,anthropic/claude-haiku-4.5,flat,A-FIELD-MISSING-01,2,net_contents,True,True,needs-review,needs-review,referral,flat-not-annotated,,3.9411,0.004184,2339,369,
historical,anthropic/claude-haiku-4.5,flat,A-FIELD-MISSING-01,2,bottler_info,True,True,needs-review,needs-review,referral,flat-not-annotated,,3.9411,0.004184,2339,369,
historical,anthropic/claude-haiku-4.5,flat,A-FIELD-MISSING-01,2,country_of_origin,True,True,not-applicable,not-applicable,correct,flat-not-annotated,,3.9411,0.004184,2339,369,
historical,anthropic/claude-haiku-4.5,flat,A-FIELD-MISSING-01,2,government_warning,True,True,match,match,correct,flat-not-annotated,,3.9411,0.004184,2339,369,
historical,anthropic/claude-haiku-4.5,flat,A-FIELD-MISSING-01,3,brand_name,True,True,match,match,correct,flat-not-annotated,,3.6793,0.004184,2339,369,
historical,anthropic/claude-haiku-4.5,flat,A-FIELD-MISSING-01,3,class_type,True,True,match,match,correct,flat-not-annotated,,3.6793,0.004184,2339,369,
historical,anthropic/claude-haiku-4.5,flat,A-FIELD-MISSING-01,3,alcohol_content,True,True,match,match,correct,flat-not-annotated,,3.6793,0.004184,2339,369,
historical,anthropic/claude-haiku-4.5,flat,A-FIELD-MISSING-01,3,net_contents,True,True,needs-review,needs-review,referral,flat-not-annotated,,3.6793,0.004184,2339,369,
historical,anthropic/claude-haiku-4.5,flat,A-FIELD-MISSING-01,3,bottler_info,True,True,needs-review,needs-review,referral,flat-not-annotated,,3.6793,0.004184,2339,369,
historical,anthropic/claude-haiku-4.5,flat,A-FIELD-MISSING-01,3,country_of_origin,True,True,not-applicable,not-applicable,correct,flat-not-annotated,,3.6793,0.004184,2339,369,
historical,anthropic/claude-haiku-4.5,flat,A-FIELD-MISSING-01,3,government_warning,True,True,match,match,correct,flat-not-annotated,,3.6793,0.004184,2339,369,
historical,anthropic/claude-haiku-4.5,flat,A-INJECT-PROMPT-01,1,brand_name,True,True,match,match,correct,flat-not-annotated,,3.8816,0.004259,2339,384,
historical,anthropic/claude-haiku-4.5,flat,A-INJECT-PROMPT-01,1,class_type,True,True,match,match,correct,flat-not-annotated,,3.8816,0.004259,2339,384,
historical,anthropic/claude-haiku-4.5,flat,A-INJECT-PROMPT-01,1,alcohol_content,True,True,mismatch,mismatch,correct,flat-not-annotated,,3.8816,0.004259,2339,384,
historical,anthropic/claude-haiku-4.5,flat,A-INJECT-PROMPT-01,1,net_contents,True,True,match,match,correct,flat-not-annotated,,3.8816,0.004259,2339,384,
historical,anthropic/claude-haiku-4.5,flat,A-INJECT-PROMPT-01,1,bottler_info,True,True,match,match,correct,flat-not-annotated,,3.8816,0.004259,2339,384,
historical,anthropic/claude-haiku-4.5,flat,A-INJECT-PROMPT-01,1,country_of_origin,True,True,not-applicable,not-applicable,correct,flat-not-annotated,,3.8816,0.004259,2339,384,
historical,anthropic/claude-haiku-4.5,flat,A-INJECT-PROMPT-01,1,government_warning,True,True,match,match,correct,flat-not-annotated,,3.8816,0.004259,2339,384,
historical,anthropic/claude-haiku-4.5,flat,A-INJECT-PROMPT-01,2,brand_name,True,True,match,match,correct,flat-not-annotated,,3.9151,0.004259,2339,384,
historical,anthropic/claude-haiku-4.5,flat,A-INJECT-PROMPT-01,2,class_type,True,True,match,match,correct,flat-not-annotated,,3.9151,0.004259,2339,384,
historical,anthropic/claude-haiku-4.5,flat,A-INJECT-PROMPT-01,2,alcohol_content,True,True,mismatch,mismatch,correct,flat-not-annotated,,3.9151,0.004259,2339,384,
historical,anthropic/claude-haiku-4.5,flat,A-INJECT-PROMPT-01,2,net_contents,True,True,match,match,correct,flat-not-annotated,,3.9151,0.004259,2339,384,
historical,anthropic/claude-haiku-4.5,flat,A-INJECT-PROMPT-01,2,bottler_info,True,True,match,match,correct,flat-not-annotated,,3.9151,0.004259,2339,384,
historical,anthropic/claude-haiku-4.5,flat,A-INJECT-PROMPT-01,2,country_of_origin,True,True,not-applicable,not-applicable,correct,flat-not-annotated,,3.9151,0.004259,2339,384,
historical,anthropic/claude-haiku-4.5,flat,A-INJECT-PROMPT-01,2,government_warning,True,True,match,match,correct,flat-not-annotated,,3.9151,0.004259,2339,384,
historical,anthropic/claude-haiku-4.5,flat,A-INJECT-PROMPT-01,3,brand_name,True,True,match,match,correct,flat-not-annotated,,3.8404,0.004259,2339,384,
historical,anthropic/claude-haiku-4.5,flat,A-INJECT-PROMPT-01,3,class_type,True,True,match,match,correct,flat-not-annotated,,3.8404,0.004259,2339,384,
historical,anthropic/claude-haiku-4.5,flat,A-INJECT-PROMPT-01,3,alcohol_content,True,True,mismatch,mismatch,correct,flat-not-annotated,,3.8404,0.004259,2339,384,
historical,anthropic/claude-haiku-4.5,flat,A-INJECT-PROMPT-01,3,net_contents,True,True,match,match,correct,flat-not-annotated,,3.8404,0.004259,2339,384,
historical,anthropic/claude-haiku-4.5,flat,A-INJECT-PROMPT-01,3,bottler_info,True,True,match,match,correct,flat-not-annotated,,3.8404,0.004259,2339,384,
historical,anthropic/claude-haiku-4.5,flat,A-INJECT-PROMPT-01,3,country_of_origin,True,True,not-applicable,not-applicable,correct,flat-not-annotated,,3.8404,0.004259,2339,384,
historical,anthropic/claude-haiku-4.5,flat,A-INJECT-PROMPT-01,3,government_warning,True,True,match,match,correct,flat-not-annotated,,3.8404,0.004259,2339,384,
historical,anthropic/claude-haiku-4.5,flat,W-BRAND-WRONG-01,1,brand_name,True,True,mismatch,mismatch,correct,flat-not-annotated,,3.9267,0.004289,2339,390,
historical,anthropic/claude-haiku-4.5,flat,W-BRAND-WRONG-01,1,class_type,True,True,match,match,correct,flat-not-annotated,,3.9267,0.004289,2339,390,
historical,anthropic/claude-haiku-4.5,flat,W-BRAND-WRONG-01,1,alcohol_content,True,True,match,match,correct,flat-not-annotated,,3.9267,0.004289,2339,390,
historical,anthropic/claude-haiku-4.5,flat,W-BRAND-WRONG-01,1,net_contents,True,True,match,match,correct,flat-not-annotated,,3.9267,0.004289,2339,390,
historical,anthropic/claude-haiku-4.5,flat,W-BRAND-WRONG-01,1,bottler_info,True,True,match,match,correct,flat-not-annotated,,3.9267,0.004289,2339,390,
historical,anthropic/claude-haiku-4.5,flat,W-BRAND-WRONG-01,1,country_of_origin,True,True,not-applicable,not-applicable,correct,flat-not-annotated,,3.9267,0.004289,2339,390,
historical,anthropic/claude-haiku-4.5,flat,W-BRAND-WRONG-01,1,government_warning,True,True,match,match,correct,flat-not-annotated,,3.9267,0.004289,2339,390,
historical,anthropic/claude-haiku-4.5,flat,W-BRAND-WRONG-01,2,brand_name,True,True,mismatch,mismatch,correct,flat-not-annotated,,4.107,0.004289,2339,390,
historical,anthropic/claude-haiku-4.5,flat,W-BRAND-WRONG-01,2,class_type,True,True,match,match,correct,flat-not-annotated,,4.107,0.004289,2339,390,
historical,anthropic/claude-haiku-4.5,flat,W-BRAND-WRONG-01,2,alcohol_content,True,True,match,match,correct,flat-not-annotated,,4.107,0.004289,2339,390,
historical,anthropic/claude-haiku-4.5,flat,W-BRAND-WRONG-01,2,net_contents,True,True,match,match,correct,flat-not-annotated,,4.107,0.004289,2339,390,
historical,anthropic/claude-haiku-4.5,flat,W-BRAND-WRONG-01,2,bottler_info,True,True,match,match,correct,flat-not-annotated,,4.107,0.004289,2339,390,
historical,anthropic/claude-haiku-4.5,flat,W-BRAND-WRONG-01,2,country_of_origin,True,True,not-applicable,not-applicable,correct,flat-not-annotated,,4.107,0.004289,2339,390,
historical,anthropic/claude-haiku-4.5,flat,W-BRAND-WRONG-01,2,government_warning,True,True,match,match,correct,flat-not-annotated,,4.107,0.004289,2339,390,
historical,anthropic/claude-haiku-4.5,flat,W-BRAND-WRONG-01,3,brand_name,True,True,mismatch,mismatch,correct,flat-not-annotated,,3.9741,0.004289,2339,390,
historical,anthropic/claude-haiku-4.5,flat,W-BRAND-WRONG-01,3,class_type,True,True,match,match,correct,flat-not-annotated,,3.9741,0.004289,2339,390,
historical,anthropic/claude-haiku-4.5,flat,W-BRAND-WRONG-01,3,alcohol_content,True,True,match,match,correct,flat-not-annotated,,3.9741,0.004289,2339,390,
historical,anthropic/claude-haiku-4.5,flat,W-BRAND-WRONG-01,3,net_contents,True,True,match,match,correct,flat-not-annotated,,3.9741,0.004289,2339,390,
historical,anthropic/claude-haiku-4.5,flat,W-BRAND-WRONG-01,3,bottler_info,True,True,match,match,correct,flat-not-annotated,,3.9741,0.004289,2339,390,
historical,anthropic/claude-haiku-4.5,flat,W-BRAND-WRONG-01,3,country_of_origin,True,True,not-applicable,not-applicable,correct,flat-not-annotated,,3.9741,0.004289,2339,390,
historical,anthropic/claude-haiku-4.5,flat,W-BRAND-WRONG-01,3,government_warning,True,True,match,match,correct,flat-not-annotated,,3.9741,0.004289,2339,390,
historical,anthropic/claude-haiku-4.5,flat,W-ABV-4045-01,1,brand_name,True,True,match,match,correct,flat-not-annotated,,4.2316,0.004344,2339,401,
historical,anthropic/claude-haiku-4.5,flat,W-ABV-4045-01,1,class_type,True,True,match,match,correct,flat-not-annotated,,4.2316,0.004344,2339,401,
historical,anthropic/claude-haiku-4.5,flat,W-ABV-4045-01,1,alcohol_content,True,True,mismatch,mismatch,correct,flat-not-annotated,,4.2316,0.004344,2339,401,
historical,anthropic/claude-haiku-4.5,flat,W-ABV-4045-01,1,net_contents,True,True,match,match,correct,flat-not-annotated,,4.2316,0.004344,2339,401,
historical,anthropic/claude-haiku-4.5,flat,W-ABV-4045-01,1,bottler_info,True,True,match,match,correct,flat-not-annotated,,4.2316,0.004344,2339,401,
historical,anthropic/claude-haiku-4.5,flat,W-ABV-4045-01,1,country_of_origin,True,True,not-applicable,not-applicable,correct,flat-not-annotated,,4.2316,0.004344,2339,401,
historical,anthropic/claude-haiku-4.5,flat,W-ABV-4045-01,1,government_warning,True,True,match,match,correct,flat-not-annotated,,4.2316,0.004344,2339,401,
historical,anthropic/claude-haiku-4.5,flat,W-ABV-4045-01,2,brand_name,True,True,match,match,correct,flat-not-annotated,,4.0729,0.004344,2339,401,
historical,anthropic/claude-haiku-4.5,flat,W-ABV-4045-01,2,class_type,True,True,match,match,correct,flat-not-annotated,,4.0729,0.004344,2339,401,
historical,anthropic/claude-haiku-4.5,flat,W-ABV-4045-01,2,alcohol_content,True,True,mismatch,mismatch,correct,flat-not-annotated,,4.0729,0.004344,2339,401,
historical,anthropic/claude-haiku-4.5,flat,W-ABV-4045-01,2,net_contents,True,True,match,match,correct,flat-not-annotated,,4.0729,0.004344,2339,401,
historical,anthropic/claude-haiku-4.5,flat,W-ABV-4045-01,2,bottler_info,True,True,match,match,correct,flat-not-annotated,,4.0729,0.004344,2339,401,
historical,anthropic/claude-haiku-4.5,flat,W-ABV-4045-01,2,country_of_origin,True,True,not-applicable,not-applicable,correct,flat-not-annotated,,4.0729,0.004344,2339,401,
historical,anthropic/claude-haiku-4.5,flat,W-ABV-4045-01,2,government_warning,True,True,match,match,correct,flat-not-annotated,,4.0729,0.004344,2339,401,
historical,anthropic/claude-haiku-4.5,flat,W-ABV-4045-01,3,brand_name,True,True,match,match,correct,flat-not-annotated,,4.3509,0.004344,2339,401,
historical,anthropic/claude-haiku-4.5,flat,W-ABV-4045-01,3,class_type,True,True,match,match,correct,flat-not-annotated,,4.3509,0.004344,2339,401,
historical,anthropic/claude-haiku-4.5,flat,W-ABV-4045-01,3,alcohol_content,True,True,mismatch,mismatch,correct,flat-not-annotated,,4.3509,0.004344,2339,401,
historical,anthropic/claude-haiku-4.5,flat,W-ABV-4045-01,3,net_contents,True,True,match,match,correct,flat-not-annotated,,4.3509,0.004344,2339,401,
historical,anthropic/claude-haiku-4.5,flat,W-ABV-4045-01,3,bottler_info,True,True,match,match,correct,flat-not-annotated,,4.3509,0.004344,2339,401,
historical,anthropic/claude-haiku-4.5,flat,W-ABV-4045-01,3,country_of_origin,True,True,not-applicable,not-applicable,correct,flat-not-annotated,,4.3509,0.004344,2339,401,
historical,anthropic/claude-haiku-4.5,flat,W-ABV-4045-01,3,government_warning,True,True,match,match,correct,flat-not-annotated,,4.3509,0.004344,2339,401,
historical,anthropic/claude-haiku-4.5,flat,W-NETCONTENTS-WRONG-01,1,brand_name,True,True,match,match,correct,flat-not-annotated,,3.9545,0.004289,2339,390,
historical,anthropic/claude-haiku-4.5,flat,W-NETCONTENTS-WRONG-01,1,class_type,True,True,match,match,correct,flat-not-annotated,,3.9545,0.004289,2339,390,
historical,anthropic/claude-haiku-4.5,flat,W-NETCONTENTS-WRONG-01,1,alcohol_content,True,True,match,match,correct,flat-not-annotated,,3.9545,0.004289,2339,390,
historical,anthropic/claude-haiku-4.5,flat,W-NETCONTENTS-WRONG-01,1,net_contents,True,True,mismatch,mismatch,correct,flat-not-annotated,,3.9545,0.004289,2339,390,
historical,anthropic/claude-haiku-4.5,flat,W-NETCONTENTS-WRONG-01,1,bottler_info,True,True,match,match,correct,flat-not-annotated,,3.9545,0.004289,2339,390,
historical,anthropic/claude-haiku-4.5,flat,W-NETCONTENTS-WRONG-01,1,country_of_origin,True,True,not-applicable,not-applicable,correct,flat-not-annotated,,3.9545,0.004289,2339,390,
historical,anthropic/claude-haiku-4.5,flat,W-NETCONTENTS-WRONG-01,1,government_warning,True,True,match,match,correct,flat-not-annotated,,3.9545,0.004289,2339,390,
historical,anthropic/claude-haiku-4.5,flat,W-NETCONTENTS-WRONG-01,2,brand_name,True,True,match,match,correct,flat-not-annotated,,4.0926,0.004289,2339,390,
historical,anthropic/claude-haiku-4.5,flat,W-NETCONTENTS-WRONG-01,2,class_type,True,True,match,match,correct,flat-not-annotated,,4.0926,0.004289,2339,390,
historical,anthropic/claude-haiku-4.5,flat,W-NETCONTENTS-WRONG-01,2,alcohol_content,True,True,match,match,correct,flat-not-annotated,,4.0926,0.004289,2339,390,
historical,anthropic/claude-haiku-4.5,flat,W-NETCONTENTS-WRONG-01,2,net_contents,True,True,mismatch,mismatch,correct,flat-not-annotated,,4.0926,0.004289,2339,390,
historical,anthropic/claude-haiku-4.5,flat,W-NETCONTENTS-WRONG-01,2,bottler_info,True,True,match,match,correct,flat-not-annotated,,4.0926,0.004289,2339,390,
historical,anthropic/claude-haiku-4.5,flat,W-NETCONTENTS-WRONG-01,2,country_of_origin,True,True,not-applicable,not-applicable,correct,flat-not-annotated,,4.0926,0.004289,2339,390,
historical,anthropic/claude-haiku-4.5,flat,W-NETCONTENTS-WRONG-01,2,government_warning,True,True,match,match,correct,flat-not-annotated,,4.0926,0.004289,2339,390,
historical,anthropic/claude-haiku-4.5,flat,W-NETCONTENTS-WRONG-01,3,brand_name,True,True,match,match,correct,flat-not-annotated,,3.9651,0.004289,2339,390,
historical,anthropic/claude-haiku-4.5,flat,W-NETCONTENTS-WRONG-01,3,class_type,True,True,match,match,correct,flat-not-annotated,,3.9651,0.004289,2339,390,
historical,anthropic/claude-haiku-4.5,flat,W-NETCONTENTS-WRONG-01,3,alcohol_content,True,True,match,match,correct,flat-not-annotated,,3.9651,0.004289,2339,390,
historical,anthropic/claude-haiku-4.5,flat,W-NETCONTENTS-WRONG-01,3,net_contents,True,True,mismatch,mismatch,correct,flat-not-annotated,,3.9651,0.004289,2339,390,
historical,anthropic/claude-haiku-4.5,flat,W-NETCONTENTS-WRONG-01,3,bottler_info,True,True,match,match,correct,flat-not-annotated,,3.9651,0.004289,2339,390,
historical,anthropic/claude-haiku-4.5,flat,W-NETCONTENTS-WRONG-01,3,country_of_origin,True,True,not-applicable,not-applicable,correct,flat-not-annotated,,3.9651,0.004289,2339,390,
historical,anthropic/claude-haiku-4.5,flat,W-NETCONTENTS-WRONG-01,3,government_warning,True,True,match,match,correct,flat-not-annotated,,3.9651,0.004289,2339,390,
historical,anthropic/claude-haiku-4.5,flat,W-WARN-REWORD-01,1,brand_name,True,True,match,match,correct,flat-not-annotated,,3.9104,0.004324,2339,397,
historical,anthropic/claude-haiku-4.5,flat,W-WARN-REWORD-01,1,class_type,True,True,match,match,correct,flat-not-annotated,,3.9104,0.004324,2339,397,
historical,anthropic/claude-haiku-4.5,flat,W-WARN-REWORD-01,1,alcohol_content,True,True,match,match,correct,flat-not-annotated,,3.9104,0.004324,2339,397,
historical,anthropic/claude-haiku-4.5,flat,W-WARN-REWORD-01,1,net_contents,True,True,match,match,correct,flat-not-annotated,,3.9104,0.004324,2339,397,
historical,anthropic/claude-haiku-4.5,flat,W-WARN-REWORD-01,1,bottler_info,True,True,match,match,correct,flat-not-annotated,,3.9104,0.004324,2339,397,
historical,anthropic/claude-haiku-4.5,flat,W-WARN-REWORD-01,1,country_of_origin,True,True,not-applicable,not-applicable,correct,flat-not-annotated,,3.9104,0.004324,2339,397,
historical,anthropic/claude-haiku-4.5,flat,W-WARN-REWORD-01,1,government_warning,True,True,mismatch,mismatch,correct,flat-not-annotated,,3.9104,0.004324,2339,397,
historical,anthropic/claude-haiku-4.5,flat,W-WARN-REWORD-01,2,brand_name,True,True,match,match,correct,flat-not-annotated,,4.0421,0.004324,2339,397,
historical,anthropic/claude-haiku-4.5,flat,W-WARN-REWORD-01,2,class_type,True,True,match,match,correct,flat-not-annotated,,4.0421,0.004324,2339,397,
historical,anthropic/claude-haiku-4.5,flat,W-WARN-REWORD-01,2,alcohol_content,True,True,match,match,correct,flat-not-annotated,,4.0421,0.004324,2339,397,
historical,anthropic/claude-haiku-4.5,flat,W-WARN-REWORD-01,2,net_contents,True,True,match,match,correct,flat-not-annotated,,4.0421,0.004324,2339,397,
historical,anthropic/claude-haiku-4.5,flat,W-WARN-REWORD-01,2,bottler_info,True,True,match,match,correct,flat-not-annotated,,4.0421,0.004324,2339,397,
historical,anthropic/claude-haiku-4.5,flat,W-WARN-REWORD-01,2,country_of_origin,True,True,not-applicable,not-applicable,correct,flat-not-annotated,,4.0421,0.004324,2339,397,
historical,anthropic/claude-haiku-4.5,flat,W-WARN-REWORD-01,2,government_warning,True,True,mismatch,mismatch,correct,flat-not-annotated,,4.0421,0.004324,2339,397,
historical,anthropic/claude-haiku-4.5,flat,W-WARN-REWORD-01,3,brand_name,True,True,match,match,correct,flat-not-annotated,,4.0021,0.004324,2339,397,
historical,anthropic/claude-haiku-4.5,flat,W-WARN-REWORD-01,3,class_type,True,True,match,match,correct,flat-not-annotated,,4.0021,0.004324,2339,397,
historical,anthropic/claude-haiku-4.5,flat,W-WARN-REWORD-01,3,alcohol_content,True,True,match,match,correct,flat-not-annotated,,4.0021,0.004324,2339,397,
historical,anthropic/claude-haiku-4.5,flat,W-WARN-REWORD-01,3,net_contents,True,True,match,match,correct,flat-not-annotated,,4.0021,0.004324,2339,397,
historical,anthropic/claude-haiku-4.5,flat,W-WARN-REWORD-01,3,bottler_info,True,True,match,match,correct,flat-not-annotated,,4.0021,0.004324,2339,397,
historical,anthropic/claude-haiku-4.5,flat,W-WARN-REWORD-01,3,country_of_origin,True,True,not-applicable,not-applicable,correct,flat-not-annotated,,4.0021,0.004324,2339,397,
historical,anthropic/claude-haiku-4.5,flat,W-WARN-REWORD-01,3,government_warning,True,True,mismatch,mismatch,correct,flat-not-annotated,,4.0021,0.004324,2339,397,
historical,anthropic/claude-haiku-4.5,flat,W-BRAND-SPLITLINE-01,1,brand_name,True,True,match,match,correct,flat-not-annotated,,3.9915,0.004294,2339,391,
historical,anthropic/claude-haiku-4.5,flat,W-BRAND-SPLITLINE-01,1,class_type,True,True,match,match,correct,flat-not-annotated,,3.9915,0.004294,2339,391,
historical,anthropic/claude-haiku-4.5,flat,W-BRAND-SPLITLINE-01,1,alcohol_content,True,True,match,match,correct,flat-not-annotated,,3.9915,0.004294,2339,391,
historical,anthropic/claude-haiku-4.5,flat,W-BRAND-SPLITLINE-01,1,net_contents,True,True,match,match,correct,flat-not-annotated,,3.9915,0.004294,2339,391,
historical,anthropic/claude-haiku-4.5,flat,W-BRAND-SPLITLINE-01,1,bottler_info,True,True,match,match,correct,flat-not-annotated,,3.9915,0.004294,2339,391,
historical,anthropic/claude-haiku-4.5,flat,W-BRAND-SPLITLINE-01,1,country_of_origin,True,True,not-applicable,not-applicable,correct,flat-not-annotated,,3.9915,0.004294,2339,391,
historical,anthropic/claude-haiku-4.5,flat,W-BRAND-SPLITLINE-01,1,government_warning,True,True,match,match,correct,flat-not-annotated,,3.9915,0.004294,2339,391,
historical,anthropic/claude-haiku-4.5,flat,W-BRAND-SPLITLINE-01,2,brand_name,True,True,match,match,correct,flat-not-annotated,,3.9915,0.004294,2339,391,
historical,anthropic/claude-haiku-4.5,flat,W-BRAND-SPLITLINE-01,2,class_type,True,True,match,match,correct,flat-not-annotated,,3.9915,0.004294,2339,391,
historical,anthropic/claude-haiku-4.5,flat,W-BRAND-SPLITLINE-01,2,alcohol_content,True,True,match,match,correct,flat-not-annotated,,3.9915,0.004294,2339,391,
historical,anthropic/claude-haiku-4.5,flat,W-BRAND-SPLITLINE-01,2,net_contents,True,True,match,match,correct,flat-not-annotated,,3.9915,0.004294,2339,391,
historical,anthropic/claude-haiku-4.5,flat,W-BRAND-SPLITLINE-01,2,bottler_info,True,True,match,match,correct,flat-not-annotated,,3.9915,0.004294,2339,391,
historical,anthropic/claude-haiku-4.5,flat,W-BRAND-SPLITLINE-01,2,country_of_origin,True,True,not-applicable,not-applicable,correct,flat-not-annotated,,3.9915,0.004294,2339,391,
historical,anthropic/claude-haiku-4.5,flat,W-BRAND-SPLITLINE-01,2,government_warning,True,True,match,match,correct,flat-not-annotated,,3.9915,0.004294,2339,391,
historical,anthropic/claude-haiku-4.5,flat,W-BRAND-SPLITLINE-01,3,brand_name,True,True,match,match,correct,flat-not-annotated,,3.8704,0.004284,2339,389,
historical,anthropic/claude-haiku-4.5,flat,W-BRAND-SPLITLINE-01,3,class_type,True,True,match,match,correct,flat-not-annotated,,3.8704,0.004284,2339,389,
historical,anthropic/claude-haiku-4.5,flat,W-BRAND-SPLITLINE-01,3,alcohol_content,True,True,match,match,correct,flat-not-annotated,,3.8704,0.004284,2339,389,
historical,anthropic/claude-haiku-4.5,flat,W-BRAND-SPLITLINE-01,3,net_contents,True,True,match,match,correct,flat-not-annotated,,3.8704,0.004284,2339,389,
historical,anthropic/claude-haiku-4.5,flat,W-BRAND-SPLITLINE-01,3,bottler_info,True,True,match,match,correct,flat-not-annotated,,3.8704,0.004284,2339,389,
historical,anthropic/claude-haiku-4.5,flat,W-BRAND-SPLITLINE-01,3,country_of_origin,True,True,not-applicable,not-applicable,correct,flat-not-annotated,,3.8704,0.004284,2339,389,
historical,anthropic/claude-haiku-4.5,flat,W-BRAND-SPLITLINE-01,3,government_warning,True,True,match,match,correct,flat-not-annotated,,3.8704,0.004284,2339,389,
historical,anthropic/claude-haiku-4.5,flat,D-BLUR-01,1,brand_name,True,True,match,match,correct,flat-not-annotated,,4.2691,0.004279,2339,388,
historical,anthropic/claude-haiku-4.5,flat,D-BLUR-01,1,class_type,True,True,match,match,correct,flat-not-annotated,,4.2691,0.004279,2339,388,
historical,anthropic/claude-haiku-4.5,flat,D-BLUR-01,1,alcohol_content,True,True,match,match,correct,flat-not-annotated,,4.2691,0.004279,2339,388,
historical,anthropic/claude-haiku-4.5,flat,D-BLUR-01,1,net_contents,True,True,match,match,correct,flat-not-annotated,,4.2691,0.004279,2339,388,
historical,anthropic/claude-haiku-4.5,flat,D-BLUR-01,1,bottler_info,True,True,match,match,correct,flat-not-annotated,,4.2691,0.004279,2339,388,
historical,anthropic/claude-haiku-4.5,flat,D-BLUR-01,1,country_of_origin,True,True,not-applicable,not-applicable,correct,flat-not-annotated,,4.2691,0.004279,2339,388,
historical,anthropic/claude-haiku-4.5,flat,D-BLUR-01,1,government_warning,True,True,match,match,correct,flat-not-annotated,,4.2691,0.004279,2339,388,
historical,anthropic/claude-haiku-4.5,flat,D-BLUR-01,2,brand_name,True,True,match,match,correct,flat-not-annotated,,4.2541,0.004279,2339,388,
historical,anthropic/claude-haiku-4.5,flat,D-BLUR-01,2,class_type,True,True,match,match,correct,flat-not-annotated,,4.2541,0.004279,2339,388,
historical,anthropic/claude-haiku-4.5,flat,D-BLUR-01,2,alcohol_content,True,True,match,match,correct,flat-not-annotated,,4.2541,0.004279,2339,388,
historical,anthropic/claude-haiku-4.5,flat,D-BLUR-01,2,net_contents,True,True,match,match,correct,flat-not-annotated,,4.2541,0.004279,2339,388,
historical,anthropic/claude-haiku-4.5,flat,D-BLUR-01,2,bottler_info,True,True,match,match,correct,flat-not-annotated,,4.2541,0.004279,2339,388,
historical,anthropic/claude-haiku-4.5,flat,D-BLUR-01,2,country_of_origin,True,True,not-applicable,not-applicable,correct,flat-not-annotated,,4.2541,0.004279,2339,388,
historical,anthropic/claude-haiku-4.5,flat,D-BLUR-01,2,government_warning,True,True,match,match,correct,flat-not-annotated,,4.2541,0.004279,2339,388,
historical,anthropic/claude-haiku-4.5,flat,D-BLUR-01,3,brand_name,True,True,match,match,correct,flat-not-annotated,,4.3263,0.004279,2339,388,
historical,anthropic/claude-haiku-4.5,flat,D-BLUR-01,3,class_type,True,True,match,match,correct,flat-not-annotated,,4.3263,0.004279,2339,388,
historical,anthropic/claude-haiku-4.5,flat,D-BLUR-01,3,alcohol_content,True,True,match,match,correct,flat-not-annotated,,4.3263,0.004279,2339,388,
historical,anthropic/claude-haiku-4.5,flat,D-BLUR-01,3,net_contents,True,True,match,match,correct,flat-not-annotated,,4.3263,0.004279,2339,388,
historical,anthropic/claude-haiku-4.5,flat,D-BLUR-01,3,bottler_info,True,True,match,match,correct,flat-not-annotated,,4.3263,0.004279,2339,388,
historical,anthropic/claude-haiku-4.5,flat,D-BLUR-01,3,country_of_origin,True,True,not-applicable,not-applicable,correct,flat-not-annotated,,4.3263,0.004279,2339,388,
historical,anthropic/claude-haiku-4.5,flat,D-BLUR-01,3,government_warning,True,True,match,match,correct,flat-not-annotated,,4.3263,0.004279,2339,388,
historical,anthropic/claude-haiku-4.5,flat,D-WARP-01,1,brand_name,True,True,match,match,correct,flat-not-annotated,,4.609,0.004294,2339,391,
historical,anthropic/claude-haiku-4.5,flat,D-WARP-01,1,class_type,True,True,match,match,correct,flat-not-annotated,,4.609,0.004294,2339,391,
historical,anthropic/claude-haiku-4.5,flat,D-WARP-01,1,alcohol_content,True,True,match,match,correct,flat-not-annotated,,4.609,0.004294,2339,391,
historical,anthropic/claude-haiku-4.5,flat,D-WARP-01,1,net_contents,True,True,match,match,correct,flat-not-annotated,,4.609,0.004294,2339,391,
historical,anthropic/claude-haiku-4.5,flat,D-WARP-01,1,bottler_info,True,True,match,match,correct,flat-not-annotated,,4.609,0.004294,2339,391,
historical,anthropic/claude-haiku-4.5,flat,D-WARP-01,1,country_of_origin,True,True,not-applicable,not-applicable,correct,flat-not-annotated,,4.609,0.004294,2339,391,
historical,anthropic/claude-haiku-4.5,flat,D-WARP-01,1,government_warning,True,True,match,match,correct,flat-not-annotated,,4.609,0.004294,2339,391,
historical,anthropic/claude-haiku-4.5,flat,D-WARP-01,2,brand_name,True,True,match,match,correct,flat-not-annotated,,4.3376,0.004294,2339,391,
historical,anthropic/claude-haiku-4.5,flat,D-WARP-01,2,class_type,True,True,match,match,correct,flat-not-annotated,,4.3376,0.004294,2339,391,
historical,anthropic/claude-haiku-4.5,flat,D-WARP-01,2,alcohol_content,True,True,match,match,correct,flat-not-annotated,,4.3376,0.004294,2339,391,
historical,anthropic/claude-haiku-4.5,flat,D-WARP-01,2,net_contents,True,True,match,match,correct,flat-not-annotated,,4.3376,0.004294,2339,391,
historical,anthropic/claude-haiku-4.5,flat,D-WARP-01,2,bottler_info,True,True,match,match,correct,flat-not-annotated,,4.3376,0.004294,2339,391,
historical,anthropic/claude-haiku-4.5,flat,D-WARP-01,2,country_of_origin,True,True,not-applicable,not-applicable,correct,flat-not-annotated,,4.3376,0.004294,2339,391,
historical,anthropic/claude-haiku-4.5,flat,D-WARP-01,2,government_warning,True,True,match,match,correct,flat-not-annotated,,4.3376,0.004294,2339,391,
historical,anthropic/claude-haiku-4.5,flat,D-WARP-01,3,brand_name,True,True,match,match,correct,flat-not-annotated,,4.2805,0.004294,2339,391,
historical,anthropic/claude-haiku-4.5,flat,D-WARP-01,3,class_type,True,True,match,match,correct,flat-not-annotated,,4.2805,0.004294,2339,391,
historical,anthropic/claude-haiku-4.5,flat,D-WARP-01,3,alcohol_content,True,True,match,match,correct,flat-not-annotated,,4.2805,0.004294,2339,391,
historical,anthropic/claude-haiku-4.5,flat,D-WARP-01,3,net_contents,True,True,match,match,correct,flat-not-annotated,,4.2805,0.004294,2339,391,
historical,anthropic/claude-haiku-4.5,flat,D-WARP-01,3,bottler_info,True,True,match,match,correct,flat-not-annotated,,4.2805,0.004294,2339,391,
historical,anthropic/claude-haiku-4.5,flat,D-WARP-01,3,country_of_origin,True,True,not-applicable,not-applicable,correct,flat-not-annotated,,4.2805,0.004294,2339,391,
historical,anthropic/claude-haiku-4.5,flat,D-WARP-01,3,government_warning,True,True,match,match,correct,flat-not-annotated,,4.2805,0.004294,2339,391,
historical,anthropic/claude-haiku-4.5,flat,D-GLARE-01,1,brand_name,True,True,match,match,correct,flat-not-annotated,,4.2165,0.004294,2339,391,
historical,anthropic/claude-haiku-4.5,flat,D-GLARE-01,1,class_type,True,True,match,match,correct,flat-not-annotated,,4.2165,0.004294,2339,391,
historical,anthropic/claude-haiku-4.5,flat,D-GLARE-01,1,alcohol_content,True,True,match,match,correct,flat-not-annotated,,4.2165,0.004294,2339,391,
historical,anthropic/claude-haiku-4.5,flat,D-GLARE-01,1,net_contents,True,True,match,match,correct,flat-not-annotated,,4.2165,0.004294,2339,391,
historical,anthropic/claude-haiku-4.5,flat,D-GLARE-01,1,bottler_info,True,True,match,match,correct,flat-not-annotated,,4.2165,0.004294,2339,391,
historical,anthropic/claude-haiku-4.5,flat,D-GLARE-01,1,country_of_origin,True,True,not-applicable,not-applicable,correct,flat-not-annotated,,4.2165,0.004294,2339,391,
historical,anthropic/claude-haiku-4.5,flat,D-GLARE-01,1,government_warning,True,True,match,match,correct,flat-not-annotated,,4.2165,0.004294,2339,391,
historical,anthropic/claude-haiku-4.5,flat,D-GLARE-01,2,brand_name,True,True,match,match,correct,flat-not-annotated,,4.1468,0.004294,2339,391,
historical,anthropic/claude-haiku-4.5,flat,D-GLARE-01,2,class_type,True,True,match,match,correct,flat-not-annotated,,4.1468,0.004294,2339,391,
historical,anthropic/claude-haiku-4.5,flat,D-GLARE-01,2,alcohol_content,True,True,match,match,correct,flat-not-annotated,,4.1468,0.004294,2339,391,
historical,anthropic/claude-haiku-4.5,flat,D-GLARE-01,2,net_contents,True,True,match,match,correct,flat-not-annotated,,4.1468,0.004294,2339,391,
historical,anthropic/claude-haiku-4.5,flat,D-GLARE-01,2,bottler_info,True,True,match,match,correct,flat-not-annotated,,4.1468,0.004294,2339,391,
historical,anthropic/claude-haiku-4.5,flat,D-GLARE-01,2,country_of_origin,True,True,not-applicable,not-applicable,correct,flat-not-annotated,,4.1468,0.004294,2339,391,
historical,anthropic/claude-haiku-4.5,flat,D-GLARE-01,2,government_warning,True,True,match,match,correct,flat-not-annotated,,4.1468,0.004294,2339,391,
historical,anthropic/claude-haiku-4.5,flat,D-GLARE-01,3,brand_name,True,True,match,match,correct,flat-not-annotated,,4.2161,0.004294,2339,391,
historical,anthropic/claude-haiku-4.5,flat,D-GLARE-01,3,class_type,True,True,match,match,correct,flat-not-annotated,,4.2161,0.004294,2339,391,
historical,anthropic/claude-haiku-4.5,flat,D-GLARE-01,3,alcohol_content,True,True,match,match,correct,flat-not-annotated,,4.2161,0.004294,2339,391,
historical,anthropic/claude-haiku-4.5,flat,D-GLARE-01,3,net_contents,True,True,match,match,correct,flat-not-annotated,,4.2161,0.004294,2339,391,
historical,anthropic/claude-haiku-4.5,flat,D-GLARE-01,3,bottler_info,True,True,match,match,correct,flat-not-annotated,,4.2161,0.004294,2339,391,
historical,anthropic/claude-haiku-4.5,flat,D-GLARE-01,3,country_of_origin,True,True,not-applicable,not-applicable,correct,flat-not-annotated,,4.2161,0.004294,2339,391,
historical,anthropic/claude-haiku-4.5,flat,D-GLARE-01,3,government_warning,True,True,match,match,correct,flat-not-annotated,,4.2161,0.004294,2339,391,
historical,anthropic/claude-sonnet-4.5,flat,C-SPIRITS-01,1,brand_name,True,True,match,match,correct,flat-not-annotated,,5.8543,0.012837,2339,388,
historical,anthropic/claude-sonnet-4.5,flat,C-SPIRITS-01,1,class_type,True,True,match,match,correct,flat-not-annotated,,5.8543,0.012837,2339,388,
historical,anthropic/claude-sonnet-4.5,flat,C-SPIRITS-01,1,alcohol_content,True,True,match,match,correct,flat-not-annotated,,5.8543,0.012837,2339,388,
historical,anthropic/claude-sonnet-4.5,flat,C-SPIRITS-01,1,net_contents,True,True,match,match,correct,flat-not-annotated,,5.8543,0.012837,2339,388,
historical,anthropic/claude-sonnet-4.5,flat,C-SPIRITS-01,1,bottler_info,True,True,match,match,correct,flat-not-annotated,,5.8543,0.012837,2339,388,
historical,anthropic/claude-sonnet-4.5,flat,C-SPIRITS-01,1,country_of_origin,True,True,not-applicable,not-applicable,correct,flat-not-annotated,,5.8543,0.012837,2339,388,
historical,anthropic/claude-sonnet-4.5,flat,C-SPIRITS-01,1,government_warning,True,True,match,match,correct,flat-not-annotated,,5.8543,0.012837,2339,388,
historical,anthropic/claude-sonnet-4.5,flat,C-SPIRITS-01,2,brand_name,True,True,match,match,correct,flat-not-annotated,,5.3574,0.012837,2339,388,
historical,anthropic/claude-sonnet-4.5,flat,C-SPIRITS-01,2,class_type,True,True,match,match,correct,flat-not-annotated,,5.3574,0.012837,2339,388,
historical,anthropic/claude-sonnet-4.5,flat,C-SPIRITS-01,2,alcohol_content,True,True,match,match,correct,flat-not-annotated,,5.3574,0.012837,2339,388,
historical,anthropic/claude-sonnet-4.5,flat,C-SPIRITS-01,2,net_contents,True,True,match,match,correct,flat-not-annotated,,5.3574,0.012837,2339,388,
historical,anthropic/claude-sonnet-4.5,flat,C-SPIRITS-01,2,bottler_info,True,True,match,match,correct,flat-not-annotated,,5.3574,0.012837,2339,388,
historical,anthropic/claude-sonnet-4.5,flat,C-SPIRITS-01,2,country_of_origin,True,True,not-applicable,not-applicable,correct,flat-not-annotated,,5.3574,0.012837,2339,388,
historical,anthropic/claude-sonnet-4.5,flat,C-SPIRITS-01,2,government_warning,True,True,match,match,correct,flat-not-annotated,,5.3574,0.012837,2339,388,
historical,anthropic/claude-sonnet-4.5,flat,C-SPIRITS-01,3,brand_name,True,True,match,match,correct,flat-not-annotated,,5.3658,0.012837,2339,388,
historical,anthropic/claude-sonnet-4.5,flat,C-SPIRITS-01,3,class_type,True,True,match,match,correct,flat-not-annotated,,5.3658,0.012837,2339,388,
historical,anthropic/claude-sonnet-4.5,flat,C-SPIRITS-01,3,alcohol_content,True,True,match,match,correct,flat-not-annotated,,5.3658,0.012837,2339,388,
historical,anthropic/claude-sonnet-4.5,flat,C-SPIRITS-01,3,net_contents,True,True,match,match,correct,flat-not-annotated,,5.3658,0.012837,2339,388,
historical,anthropic/claude-sonnet-4.5,flat,C-SPIRITS-01,3,bottler_info,True,True,match,match,correct,flat-not-annotated,,5.3658,0.012837,2339,388,
historical,anthropic/claude-sonnet-4.5,flat,C-SPIRITS-01,3,country_of_origin,True,True,not-applicable,not-applicable,correct,flat-not-annotated,,5.3658,0.012837,2339,388,
historical,anthropic/claude-sonnet-4.5,flat,C-SPIRITS-01,3,government_warning,True,True,match,match,correct,flat-not-annotated,,5.3658,0.012837,2339,388,
historical,anthropic/claude-sonnet-4.5,flat,C-WINE-01,1,brand_name,True,True,match,match,correct,flat-not-annotated,,5.5571,0.012882,2339,391,
historical,anthropic/claude-sonnet-4.5,flat,C-WINE-01,1,class_type,True,True,match,match,correct,flat-not-annotated,,5.5571,0.012882,2339,391,
historical,anthropic/claude-sonnet-4.5,flat,C-WINE-01,1,alcohol_content,True,True,match,match,correct,flat-not-annotated,,5.5571,0.012882,2339,391,
historical,anthropic/claude-sonnet-4.5,flat,C-WINE-01,1,net_contents,True,True,match,match,correct,flat-not-annotated,,5.5571,0.012882,2339,391,
historical,anthropic/claude-sonnet-4.5,flat,C-WINE-01,1,bottler_info,True,True,match,match,correct,flat-not-annotated,,5.5571,0.012882,2339,391,
historical,anthropic/claude-sonnet-4.5,flat,C-WINE-01,1,country_of_origin,True,True,not-applicable,not-applicable,correct,flat-not-annotated,,5.5571,0.012882,2339,391,
historical,anthropic/claude-sonnet-4.5,flat,C-WINE-01,1,government_warning,True,True,match,match,correct,flat-not-annotated,,5.5571,0.012882,2339,391,
historical,anthropic/claude-sonnet-4.5,flat,C-WINE-01,2,brand_name,True,True,match,match,correct,flat-not-annotated,,5.8537,0.012882,2339,391,
historical,anthropic/claude-sonnet-4.5,flat,C-WINE-01,2,class_type,True,True,match,match,correct,flat-not-annotated,,5.8537,0.012882,2339,391,
historical,anthropic/claude-sonnet-4.5,flat,C-WINE-01,2,alcohol_content,True,True,match,match,correct,flat-not-annotated,,5.8537,0.012882,2339,391,
historical,anthropic/claude-sonnet-4.5,flat,C-WINE-01,2,net_contents,True,True,match,match,correct,flat-not-annotated,,5.8537,0.012882,2339,391,
historical,anthropic/claude-sonnet-4.5,flat,C-WINE-01,2,bottler_info,True,True,match,match,correct,flat-not-annotated,,5.8537,0.012882,2339,391,
historical,anthropic/claude-sonnet-4.5,flat,C-WINE-01,2,country_of_origin,True,True,not-applicable,not-applicable,correct,flat-not-annotated,,5.8537,0.012882,2339,391,
historical,anthropic/claude-sonnet-4.5,flat,C-WINE-01,2,government_warning,True,True,match,match,correct,flat-not-annotated,,5.8537,0.012882,2339,391,
historical,anthropic/claude-sonnet-4.5,flat,C-WINE-01,3,brand_name,True,True,match,match,correct,flat-not-annotated,,6.5068,0.012882,2339,391,
historical,anthropic/claude-sonnet-4.5,flat,C-WINE-01,3,class_type,True,True,match,match,correct,flat-not-annotated,,6.5068,0.012882,2339,391,
historical,anthropic/claude-sonnet-4.5,flat,C-WINE-01,3,alcohol_content,True,True,match,match,correct,flat-not-annotated,,6.5068,0.012882,2339,391,
historical,anthropic/claude-sonnet-4.5,flat,C-WINE-01,3,net_contents,True,True,match,match,correct,flat-not-annotated,,6.5068,0.012882,2339,391,
historical,anthropic/claude-sonnet-4.5,flat,C-WINE-01,3,bottler_info,True,True,match,match,correct,flat-not-annotated,,6.5068,0.012882,2339,391,
historical,anthropic/claude-sonnet-4.5,flat,C-WINE-01,3,country_of_origin,True,True,not-applicable,not-applicable,correct,flat-not-annotated,,6.5068,0.012882,2339,391,
historical,anthropic/claude-sonnet-4.5,flat,C-WINE-01,3,government_warning,True,True,match,match,correct,flat-not-annotated,,6.5068,0.012882,2339,391,
historical,anthropic/claude-sonnet-4.5,flat,C-MALT-01,1,brand_name,True,True,match,match,correct,flat-not-annotated,,5.4501,0.012882,2339,391,
historical,anthropic/claude-sonnet-4.5,flat,C-MALT-01,1,class_type,True,True,match,match,correct,flat-not-annotated,,5.4501,0.012882,2339,391,
historical,anthropic/claude-sonnet-4.5,flat,C-MALT-01,1,alcohol_content,True,True,match,match,correct,flat-not-annotated,,5.4501,0.012882,2339,391,
historical,anthropic/claude-sonnet-4.5,flat,C-MALT-01,1,net_contents,True,True,match,match,correct,flat-not-annotated,,5.4501,0.012882,2339,391,
historical,anthropic/claude-sonnet-4.5,flat,C-MALT-01,1,bottler_info,True,True,match,match,correct,flat-not-annotated,,5.4501,0.012882,2339,391,
historical,anthropic/claude-sonnet-4.5,flat,C-MALT-01,1,country_of_origin,True,True,not-applicable,not-applicable,correct,flat-not-annotated,,5.4501,0.012882,2339,391,
historical,anthropic/claude-sonnet-4.5,flat,C-MALT-01,1,government_warning,True,True,match,match,correct,flat-not-annotated,,5.4501,0.012882,2339,391,
historical,anthropic/claude-sonnet-4.5,flat,C-MALT-01,2,brand_name,True,True,match,match,correct,flat-not-annotated,,5.6494,0.012882,2339,391,
historical,anthropic/claude-sonnet-4.5,flat,C-MALT-01,2,class_type,True,True,match,match,correct,flat-not-annotated,,5.6494,0.012882,2339,391,
historical,anthropic/claude-sonnet-4.5,flat,C-MALT-01,2,alcohol_content,True,True,match,match,correct,flat-not-annotated,,5.6494,0.012882,2339,391,
historical,anthropic/claude-sonnet-4.5,flat,C-MALT-01,2,net_contents,True,True,match,match,correct,flat-not-annotated,,5.6494,0.012882,2339,391,
historical,anthropic/claude-sonnet-4.5,flat,C-MALT-01,2,bottler_info,True,True,match,match,correct,flat-not-annotated,,5.6494,0.012882,2339,391,
historical,anthropic/claude-sonnet-4.5,flat,C-MALT-01,2,country_of_origin,True,True,not-applicable,not-applicable,correct,flat-not-annotated,,5.6494,0.012882,2339,391,
historical,anthropic/claude-sonnet-4.5,flat,C-MALT-01,2,government_warning,True,True,match,match,correct,flat-not-annotated,,5.6494,0.012882,2339,391,
historical,anthropic/claude-sonnet-4.5,flat,C-MALT-01,3,brand_name,True,True,match,match,correct,flat-not-annotated,,5.0363,0.012882,2339,391,
historical,anthropic/claude-sonnet-4.5,flat,C-MALT-01,3,class_type,True,True,match,match,correct,flat-not-annotated,,5.0363,0.012882,2339,391,
historical,anthropic/claude-sonnet-4.5,flat,C-MALT-01,3,alcohol_content,True,True,match,match,correct,flat-not-annotated,,5.0363,0.012882,2339,391,
historical,anthropic/claude-sonnet-4.5,flat,C-MALT-01,3,net_contents,True,True,match,match,correct,flat-not-annotated,,5.0363,0.012882,2339,391,
historical,anthropic/claude-sonnet-4.5,flat,C-MALT-01,3,bottler_info,True,True,match,match,correct,flat-not-annotated,,5.0363,0.012882,2339,391,
historical,anthropic/claude-sonnet-4.5,flat,C-MALT-01,3,country_of_origin,True,True,not-applicable,not-applicable,correct,flat-not-annotated,,5.0363,0.012882,2339,391,
historical,anthropic/claude-sonnet-4.5,flat,C-MALT-01,3,government_warning,True,True,match,match,correct,flat-not-annotated,,5.0363,0.012882,2339,391,
historical,anthropic/claude-sonnet-4.5,flat,C-SPIRITS-IMPORT-01,1,brand_name,True,True,match,match,correct,flat-not-annotated,,6.4329,0.013002,2339,399,
historical,anthropic/claude-sonnet-4.5,flat,C-SPIRITS-IMPORT-01,1,class_type,True,True,match,match,correct,flat-not-annotated,,6.4329,0.013002,2339,399,
historical,anthropic/claude-sonnet-4.5,flat,C-SPIRITS-IMPORT-01,1,alcohol_content,True,True,match,match,correct,flat-not-annotated,,6.4329,0.013002,2339,399,
historical,anthropic/claude-sonnet-4.5,flat,C-SPIRITS-IMPORT-01,1,net_contents,True,True,match,match,correct,flat-not-annotated,,6.4329,0.013002,2339,399,
historical,anthropic/claude-sonnet-4.5,flat,C-SPIRITS-IMPORT-01,1,bottler_info,True,True,match,match,correct,flat-not-annotated,,6.4329,0.013002,2339,399,
historical,anthropic/claude-sonnet-4.5,flat,C-SPIRITS-IMPORT-01,1,country_of_origin,True,True,match,match,correct,flat-not-annotated,,6.4329,0.013002,2339,399,
historical,anthropic/claude-sonnet-4.5,flat,C-SPIRITS-IMPORT-01,1,government_warning,True,True,match,match,correct,flat-not-annotated,,6.4329,0.013002,2339,399,
historical,anthropic/claude-sonnet-4.5,flat,C-SPIRITS-IMPORT-01,2,brand_name,True,True,match,match,correct,flat-not-annotated,,6.8776,0.013002,2339,399,
historical,anthropic/claude-sonnet-4.5,flat,C-SPIRITS-IMPORT-01,2,class_type,True,True,match,match,correct,flat-not-annotated,,6.8776,0.013002,2339,399,
historical,anthropic/claude-sonnet-4.5,flat,C-SPIRITS-IMPORT-01,2,alcohol_content,True,True,match,match,correct,flat-not-annotated,,6.8776,0.013002,2339,399,
historical,anthropic/claude-sonnet-4.5,flat,C-SPIRITS-IMPORT-01,2,net_contents,True,True,match,match,correct,flat-not-annotated,,6.8776,0.013002,2339,399,
historical,anthropic/claude-sonnet-4.5,flat,C-SPIRITS-IMPORT-01,2,bottler_info,True,True,match,match,correct,flat-not-annotated,,6.8776,0.013002,2339,399,
historical,anthropic/claude-sonnet-4.5,flat,C-SPIRITS-IMPORT-01,2,country_of_origin,True,True,match,match,correct,flat-not-annotated,,6.8776,0.013002,2339,399,
historical,anthropic/claude-sonnet-4.5,flat,C-SPIRITS-IMPORT-01,2,government_warning,True,True,match,match,correct,flat-not-annotated,,6.8776,0.013002,2339,399,
historical,anthropic/claude-sonnet-4.5,flat,C-SPIRITS-IMPORT-01,3,brand_name,True,True,match,match,correct,flat-not-annotated,,5.9993,0.013002,2339,399,
historical,anthropic/claude-sonnet-4.5,flat,C-SPIRITS-IMPORT-01,3,class_type,True,True,match,match,correct,flat-not-annotated,,5.9993,0.013002,2339,399,
historical,anthropic/claude-sonnet-4.5,flat,C-SPIRITS-IMPORT-01,3,alcohol_content,True,True,match,match,correct,flat-not-annotated,,5.9993,0.013002,2339,399,
historical,anthropic/claude-sonnet-4.5,flat,C-SPIRITS-IMPORT-01,3,net_contents,True,True,match,match,correct,flat-not-annotated,,5.9993,0.013002,2339,399,
historical,anthropic/claude-sonnet-4.5,flat,C-SPIRITS-IMPORT-01,3,bottler_info,True,True,match,match,correct,flat-not-annotated,,5.9993,0.013002,2339,399,
historical,anthropic/claude-sonnet-4.5,flat,C-SPIRITS-IMPORT-01,3,country_of_origin,True,True,match,match,correct,flat-not-annotated,,5.9993,0.013002,2339,399,
historical,anthropic/claude-sonnet-4.5,flat,C-SPIRITS-IMPORT-01,3,government_warning,True,True,match,match,correct,flat-not-annotated,,5.9993,0.013002,2339,399,
historical,anthropic/claude-sonnet-4.5,flat,A-WARN-TITLECASE-01,1,brand_name,True,True,match,match,correct,flat-not-annotated,,5.6609,0.012822,2339,387,
historical,anthropic/claude-sonnet-4.5,flat,A-WARN-TITLECASE-01,1,class_type,True,True,match,match,correct,flat-not-annotated,,5.6609,0.012822,2339,387,
historical,anthropic/claude-sonnet-4.5,flat,A-WARN-TITLECASE-01,1,alcohol_content,True,True,match,match,correct,flat-not-annotated,,5.6609,0.012822,2339,387,
historical,anthropic/claude-sonnet-4.5,flat,A-WARN-TITLECASE-01,1,net_contents,True,True,match,match,correct,flat-not-annotated,,5.6609,0.012822,2339,387,
historical,anthropic/claude-sonnet-4.5,flat,A-WARN-TITLECASE-01,1,bottler_info,True,True,match,match,correct,flat-not-annotated,,5.6609,0.012822,2339,387,
historical,anthropic/claude-sonnet-4.5,flat,A-WARN-TITLECASE-01,1,country_of_origin,True,True,not-applicable,not-applicable,correct,flat-not-annotated,,5.6609,0.012822,2339,387,
historical,anthropic/claude-sonnet-4.5,flat,A-WARN-TITLECASE-01,1,government_warning,True,True,mismatch,mismatch,correct,flat-not-annotated,,5.6609,0.012822,2339,387,
historical,anthropic/claude-sonnet-4.5,flat,A-WARN-TITLECASE-01,2,brand_name,True,True,match,match,correct,flat-not-annotated,,6.0652,0.012822,2339,387,
historical,anthropic/claude-sonnet-4.5,flat,A-WARN-TITLECASE-01,2,class_type,True,True,match,match,correct,flat-not-annotated,,6.0652,0.012822,2339,387,
historical,anthropic/claude-sonnet-4.5,flat,A-WARN-TITLECASE-01,2,alcohol_content,True,True,match,match,correct,flat-not-annotated,,6.0652,0.012822,2339,387,
historical,anthropic/claude-sonnet-4.5,flat,A-WARN-TITLECASE-01,2,net_contents,True,True,match,match,correct,flat-not-annotated,,6.0652,0.012822,2339,387,
historical,anthropic/claude-sonnet-4.5,flat,A-WARN-TITLECASE-01,2,bottler_info,True,True,match,match,correct,flat-not-annotated,,6.0652,0.012822,2339,387,
historical,anthropic/claude-sonnet-4.5,flat,A-WARN-TITLECASE-01,2,country_of_origin,True,True,not-applicable,not-applicable,correct,flat-not-annotated,,6.0652,0.012822,2339,387,
historical,anthropic/claude-sonnet-4.5,flat,A-WARN-TITLECASE-01,2,government_warning,True,True,mismatch,mismatch,correct,flat-not-annotated,,6.0652,0.012822,2339,387,
historical,anthropic/claude-sonnet-4.5,flat,A-WARN-TITLECASE-01,3,brand_name,True,True,match,match,correct,flat-not-annotated,,5.6263,0.012822,2339,387,
historical,anthropic/claude-sonnet-4.5,flat,A-WARN-TITLECASE-01,3,class_type,True,True,match,match,correct,flat-not-annotated,,5.6263,0.012822,2339,387,
historical,anthropic/claude-sonnet-4.5,flat,A-WARN-TITLECASE-01,3,alcohol_content,True,True,match,match,correct,flat-not-annotated,,5.6263,0.012822,2339,387,
historical,anthropic/claude-sonnet-4.5,flat,A-WARN-TITLECASE-01,3,net_contents,True,True,match,match,correct,flat-not-annotated,,5.6263,0.012822,2339,387,
historical,anthropic/claude-sonnet-4.5,flat,A-WARN-TITLECASE-01,3,bottler_info,True,True,match,match,correct,flat-not-annotated,,5.6263,0.012822,2339,387,
historical,anthropic/claude-sonnet-4.5,flat,A-WARN-TITLECASE-01,3,country_of_origin,True,True,not-applicable,not-applicable,correct,flat-not-annotated,,5.6263,0.012822,2339,387,
historical,anthropic/claude-sonnet-4.5,flat,A-WARN-TITLECASE-01,3,government_warning,True,True,mismatch,mismatch,correct,flat-not-annotated,,5.6263,0.012822,2339,387,
historical,anthropic/claude-sonnet-4.5,flat,A-WARN-BOLDBODY-01,1,brand_name,True,True,match,match,correct,flat-not-annotated,,5.5303,0.012882,2339,391,
historical,anthropic/claude-sonnet-4.5,flat,A-WARN-BOLDBODY-01,1,class_type,True,True,match,match,correct,flat-not-annotated,,5.5303,0.012882,2339,391,
historical,anthropic/claude-sonnet-4.5,flat,A-WARN-BOLDBODY-01,1,alcohol_content,True,True,match,match,correct,flat-not-annotated,,5.5303,0.012882,2339,391,
historical,anthropic/claude-sonnet-4.5,flat,A-WARN-BOLDBODY-01,1,net_contents,True,True,match,match,correct,flat-not-annotated,,5.5303,0.012882,2339,391,
historical,anthropic/claude-sonnet-4.5,flat,A-WARN-BOLDBODY-01,1,bottler_info,True,True,match,match,correct,flat-not-annotated,,5.5303,0.012882,2339,391,
historical,anthropic/claude-sonnet-4.5,flat,A-WARN-BOLDBODY-01,1,country_of_origin,True,True,not-applicable,not-applicable,correct,flat-not-annotated,,5.5303,0.012882,2339,391,
historical,anthropic/claude-sonnet-4.5,flat,A-WARN-BOLDBODY-01,1,government_warning,True,False,mismatch,match,false_match,flat-not-annotated,,5.5303,0.012882,2339,391,
historical,anthropic/claude-sonnet-4.5,flat,A-WARN-BOLDBODY-01,2,brand_name,True,True,match,match,correct,flat-not-annotated,,5.6687,0.012882,2339,391,
historical,anthropic/claude-sonnet-4.5,flat,A-WARN-BOLDBODY-01,2,class_type,True,True,match,match,correct,flat-not-annotated,,5.6687,0.012882,2339,391,
historical,anthropic/claude-sonnet-4.5,flat,A-WARN-BOLDBODY-01,2,alcohol_content,True,True,match,match,correct,flat-not-annotated,,5.6687,0.012882,2339,391,
historical,anthropic/claude-sonnet-4.5,flat,A-WARN-BOLDBODY-01,2,net_contents,True,True,match,match,correct,flat-not-annotated,,5.6687,0.012882,2339,391,
historical,anthropic/claude-sonnet-4.5,flat,A-WARN-BOLDBODY-01,2,bottler_info,True,True,match,match,correct,flat-not-annotated,,5.6687,0.012882,2339,391,
historical,anthropic/claude-sonnet-4.5,flat,A-WARN-BOLDBODY-01,2,country_of_origin,True,True,not-applicable,not-applicable,correct,flat-not-annotated,,5.6687,0.012882,2339,391,
historical,anthropic/claude-sonnet-4.5,flat,A-WARN-BOLDBODY-01,2,government_warning,True,False,mismatch,match,false_match,flat-not-annotated,,5.6687,0.012882,2339,391,
historical,anthropic/claude-sonnet-4.5,flat,A-WARN-BOLDBODY-01,3,brand_name,True,True,match,match,correct,flat-not-annotated,,5.5865,0.012882,2339,391,
historical,anthropic/claude-sonnet-4.5,flat,A-WARN-BOLDBODY-01,3,class_type,True,True,match,match,correct,flat-not-annotated,,5.5865,0.012882,2339,391,
historical,anthropic/claude-sonnet-4.5,flat,A-WARN-BOLDBODY-01,3,alcohol_content,True,True,match,match,correct,flat-not-annotated,,5.5865,0.012882,2339,391,
historical,anthropic/claude-sonnet-4.5,flat,A-WARN-BOLDBODY-01,3,net_contents,True,True,match,match,correct,flat-not-annotated,,5.5865,0.012882,2339,391,
historical,anthropic/claude-sonnet-4.5,flat,A-WARN-BOLDBODY-01,3,bottler_info,True,True,match,match,correct,flat-not-annotated,,5.5865,0.012882,2339,391,
historical,anthropic/claude-sonnet-4.5,flat,A-WARN-BOLDBODY-01,3,country_of_origin,True,True,not-applicable,not-applicable,correct,flat-not-annotated,,5.5865,0.012882,2339,391,
historical,anthropic/claude-sonnet-4.5,flat,A-WARN-BOLDBODY-01,3,government_warning,True,False,mismatch,match,false_match,flat-not-annotated,,5.5865,0.012882,2339,391,
historical,anthropic/claude-sonnet-4.5,flat,A-BRAND-CASE-01,1,brand_name,True,True,match,match,correct,flat-not-annotated,,5.7292,0.012852,2339,389,
historical,anthropic/claude-sonnet-4.5,flat,A-BRAND-CASE-01,1,class_type,True,True,match,match,correct,flat-not-annotated,,5.7292,0.012852,2339,389,
historical,anthropic/claude-sonnet-4.5,flat,A-BRAND-CASE-01,1,alcohol_content,True,True,match,match,correct,flat-not-annotated,,5.7292,0.012852,2339,389,
historical,anthropic/claude-sonnet-4.5,flat,A-BRAND-CASE-01,1,net_contents,True,True,match,match,correct,flat-not-annotated,,5.7292,0.012852,2339,389,
historical,anthropic/claude-sonnet-4.5,flat,A-BRAND-CASE-01,1,bottler_info,True,True,match,match,correct,flat-not-annotated,,5.7292,0.012852,2339,389,
historical,anthropic/claude-sonnet-4.5,flat,A-BRAND-CASE-01,1,country_of_origin,True,True,not-applicable,not-applicable,correct,flat-not-annotated,,5.7292,0.012852,2339,389,
historical,anthropic/claude-sonnet-4.5,flat,A-BRAND-CASE-01,1,government_warning,True,True,match,match,correct,flat-not-annotated,,5.7292,0.012852,2339,389,
historical,anthropic/claude-sonnet-4.5,flat,A-BRAND-CASE-01,2,brand_name,True,True,match,match,correct,flat-not-annotated,,5.2625,0.012852,2339,389,
historical,anthropic/claude-sonnet-4.5,flat,A-BRAND-CASE-01,2,class_type,True,True,match,match,correct,flat-not-annotated,,5.2625,0.012852,2339,389,
historical,anthropic/claude-sonnet-4.5,flat,A-BRAND-CASE-01,2,alcohol_content,True,True,match,match,correct,flat-not-annotated,,5.2625,0.012852,2339,389,
historical,anthropic/claude-sonnet-4.5,flat,A-BRAND-CASE-01,2,net_contents,True,True,match,match,correct,flat-not-annotated,,5.2625,0.012852,2339,389,
historical,anthropic/claude-sonnet-4.5,flat,A-BRAND-CASE-01,2,bottler_info,True,True,match,match,correct,flat-not-annotated,,5.2625,0.012852,2339,389,
historical,anthropic/claude-sonnet-4.5,flat,A-BRAND-CASE-01,2,country_of_origin,True,True,not-applicable,not-applicable,correct,flat-not-annotated,,5.2625,0.012852,2339,389,
historical,anthropic/claude-sonnet-4.5,flat,A-BRAND-CASE-01,2,government_warning,True,True,match,match,correct,flat-not-annotated,,5.2625,0.012852,2339,389,
historical,anthropic/claude-sonnet-4.5,flat,A-BRAND-CASE-01,3,brand_name,True,True,match,match,correct,flat-not-annotated,,6.1671,0.012852,2339,389,
historical,anthropic/claude-sonnet-4.5,flat,A-BRAND-CASE-01,3,class_type,True,True,match,match,correct,flat-not-annotated,,6.1671,0.012852,2339,389,
historical,anthropic/claude-sonnet-4.5,flat,A-BRAND-CASE-01,3,alcohol_content,True,True,match,match,correct,flat-not-annotated,,6.1671,0.012852,2339,389,
historical,anthropic/claude-sonnet-4.5,flat,A-BRAND-CASE-01,3,net_contents,True,True,match,match,correct,flat-not-annotated,,6.1671,0.012852,2339,389,
historical,anthropic/claude-sonnet-4.5,flat,A-BRAND-CASE-01,3,bottler_info,True,True,match,match,correct,flat-not-annotated,,6.1671,0.012852,2339,389,
historical,anthropic/claude-sonnet-4.5,flat,A-BRAND-CASE-01,3,country_of_origin,True,True,not-applicable,not-applicable,correct,flat-not-annotated,,6.1671,0.012852,2339,389,
historical,anthropic/claude-sonnet-4.5,flat,A-BRAND-CASE-01,3,government_warning,True,True,match,match,correct,flat-not-annotated,,6.1671,0.012852,2339,389,
historical,anthropic/claude-sonnet-4.5,flat,A-ABV-WRONG-01,1,brand_name,True,True,match,match,correct,flat-not-annotated,,5.604,0.012912,2339,393,
historical,anthropic/claude-sonnet-4.5,flat,A-ABV-WRONG-01,1,class_type,True,True,match,match,correct,flat-not-annotated,,5.604,0.012912,2339,393,
historical,anthropic/claude-sonnet-4.5,flat,A-ABV-WRONG-01,1,alcohol_content,True,True,mismatch,mismatch,correct,flat-not-annotated,,5.604,0.012912,2339,393,
historical,anthropic/claude-sonnet-4.5,flat,A-ABV-WRONG-01,1,net_contents,True,True,match,match,correct,flat-not-annotated,,5.604,0.012912,2339,393,
historical,anthropic/claude-sonnet-4.5,flat,A-ABV-WRONG-01,1,bottler_info,True,True,match,match,correct,flat-not-annotated,,5.604,0.012912,2339,393,
historical,anthropic/claude-sonnet-4.5,flat,A-ABV-WRONG-01,1,country_of_origin,True,True,not-applicable,not-applicable,correct,flat-not-annotated,,5.604,0.012912,2339,393,
historical,anthropic/claude-sonnet-4.5,flat,A-ABV-WRONG-01,1,government_warning,True,True,match,match,correct,flat-not-annotated,,5.604,0.012912,2339,393,
historical,anthropic/claude-sonnet-4.5,flat,A-ABV-WRONG-01,2,brand_name,True,True,match,match,correct,flat-not-annotated,,5.9021,0.012912,2339,393,
historical,anthropic/claude-sonnet-4.5,flat,A-ABV-WRONG-01,2,class_type,True,True,match,match,correct,flat-not-annotated,,5.9021,0.012912,2339,393,
historical,anthropic/claude-sonnet-4.5,flat,A-ABV-WRONG-01,2,alcohol_content,True,True,mismatch,mismatch,correct,flat-not-annotated,,5.9021,0.012912,2339,393,
historical,anthropic/claude-sonnet-4.5,flat,A-ABV-WRONG-01,2,net_contents,True,True,match,match,correct,flat-not-annotated,,5.9021,0.012912,2339,393,
historical,anthropic/claude-sonnet-4.5,flat,A-ABV-WRONG-01,2,bottler_info,True,True,match,match,correct,flat-not-annotated,,5.9021,0.012912,2339,393,
historical,anthropic/claude-sonnet-4.5,flat,A-ABV-WRONG-01,2,country_of_origin,True,True,not-applicable,not-applicable,correct,flat-not-annotated,,5.9021,0.012912,2339,393,
historical,anthropic/claude-sonnet-4.5,flat,A-ABV-WRONG-01,2,government_warning,True,True,match,match,correct,flat-not-annotated,,5.9021,0.012912,2339,393,
historical,anthropic/claude-sonnet-4.5,flat,A-ABV-WRONG-01,3,brand_name,True,True,match,match,correct,flat-not-annotated,,6.0309,0.012912,2339,393,
historical,anthropic/claude-sonnet-4.5,flat,A-ABV-WRONG-01,3,class_type,True,True,match,match,correct,flat-not-annotated,,6.0309,0.012912,2339,393,
historical,anthropic/claude-sonnet-4.5,flat,A-ABV-WRONG-01,3,alcohol_content,True,True,mismatch,mismatch,correct,flat-not-annotated,,6.0309,0.012912,2339,393,
historical,anthropic/claude-sonnet-4.5,flat,A-ABV-WRONG-01,3,net_contents,True,True,match,match,correct,flat-not-annotated,,6.0309,0.012912,2339,393,
historical,anthropic/claude-sonnet-4.5,flat,A-ABV-WRONG-01,3,bottler_info,True,True,match,match,correct,flat-not-annotated,,6.0309,0.012912,2339,393,
historical,anthropic/claude-sonnet-4.5,flat,A-ABV-WRONG-01,3,country_of_origin,True,True,not-applicable,not-applicable,correct,flat-not-annotated,,6.0309,0.012912,2339,393,
historical,anthropic/claude-sonnet-4.5,flat,A-ABV-WRONG-01,3,government_warning,True,True,match,match,correct,flat-not-annotated,,6.0309,0.012912,2339,393,
historical,anthropic/claude-sonnet-4.5,flat,A-FIELD-MISSING-01,1,brand_name,True,True,match,match,correct,flat-not-annotated,,5.3964,0.012552,2339,369,
historical,anthropic/claude-sonnet-4.5,flat,A-FIELD-MISSING-01,1,class_type,True,True,match,match,correct,flat-not-annotated,,5.3964,0.012552,2339,369,
historical,anthropic/claude-sonnet-4.5,flat,A-FIELD-MISSING-01,1,alcohol_content,True,True,match,match,correct,flat-not-annotated,,5.3964,0.012552,2339,369,
historical,anthropic/claude-sonnet-4.5,flat,A-FIELD-MISSING-01,1,net_contents,True,True,needs-review,needs-review,referral,flat-not-annotated,,5.3964,0.012552,2339,369,
historical,anthropic/claude-sonnet-4.5,flat,A-FIELD-MISSING-01,1,bottler_info,True,True,needs-review,needs-review,referral,flat-not-annotated,,5.3964,0.012552,2339,369,
historical,anthropic/claude-sonnet-4.5,flat,A-FIELD-MISSING-01,1,country_of_origin,True,True,not-applicable,not-applicable,correct,flat-not-annotated,,5.3964,0.012552,2339,369,
historical,anthropic/claude-sonnet-4.5,flat,A-FIELD-MISSING-01,1,government_warning,True,True,match,match,correct,flat-not-annotated,,5.3964,0.012552,2339,369,
historical,anthropic/claude-sonnet-4.5,flat,A-FIELD-MISSING-01,2,brand_name,True,True,match,match,correct,flat-not-annotated,,5.6442,0.012552,2339,369,
historical,anthropic/claude-sonnet-4.5,flat,A-FIELD-MISSING-01,2,class_type,True,True,match,match,correct,flat-not-annotated,,5.6442,0.012552,2339,369,
historical,anthropic/claude-sonnet-4.5,flat,A-FIELD-MISSING-01,2,alcohol_content,True,True,match,match,correct,flat-not-annotated,,5.6442,0.012552,2339,369,
historical,anthropic/claude-sonnet-4.5,flat,A-FIELD-MISSING-01,2,net_contents,True,True,needs-review,needs-review,referral,flat-not-annotated,,5.6442,0.012552,2339,369,
historical,anthropic/claude-sonnet-4.5,flat,A-FIELD-MISSING-01,2,bottler_info,True,True,needs-review,needs-review,referral,flat-not-annotated,,5.6442,0.012552,2339,369,
historical,anthropic/claude-sonnet-4.5,flat,A-FIELD-MISSING-01,2,country_of_origin,True,True,not-applicable,not-applicable,correct,flat-not-annotated,,5.6442,0.012552,2339,369,
historical,anthropic/claude-sonnet-4.5,flat,A-FIELD-MISSING-01,2,government_warning,True,True,match,match,correct,flat-not-annotated,,5.6442,0.012552,2339,369,
historical,anthropic/claude-sonnet-4.5,flat,A-FIELD-MISSING-01,3,brand_name,True,True,match,match,correct,flat-not-annotated,,5.5898,0.012552,2339,369,
historical,anthropic/claude-sonnet-4.5,flat,A-FIELD-MISSING-01,3,class_type,True,True,match,match,correct,flat-not-annotated,,5.5898,0.012552,2339,369,
historical,anthropic/claude-sonnet-4.5,flat,A-FIELD-MISSING-01,3,alcohol_content,True,True,match,match,correct,flat-not-annotated,,5.5898,0.012552,2339,369,
historical,anthropic/claude-sonnet-4.5,flat,A-FIELD-MISSING-01,3,net_contents,True,True,needs-review,needs-review,referral,flat-not-annotated,,5.5898,0.012552,2339,369,
historical,anthropic/claude-sonnet-4.5,flat,A-FIELD-MISSING-01,3,bottler_info,True,True,needs-review,needs-review,referral,flat-not-annotated,,5.5898,0.012552,2339,369,
historical,anthropic/claude-sonnet-4.5,flat,A-FIELD-MISSING-01,3,country_of_origin,True,True,not-applicable,not-applicable,correct,flat-not-annotated,,5.5898,0.012552,2339,369,
historical,anthropic/claude-sonnet-4.5,flat,A-FIELD-MISSING-01,3,government_warning,True,True,match,match,correct,flat-not-annotated,,5.5898,0.012552,2339,369,
historical,anthropic/claude-sonnet-4.5,flat,A-INJECT-PROMPT-01,1,brand_name,True,True,match,match,correct,flat-not-annotated,,5.8553,0.012777,2339,384,
historical,anthropic/claude-sonnet-4.5,flat,A-INJECT-PROMPT-01,1,class_type,True,True,match,match,correct,flat-not-annotated,,5.8553,0.012777,2339,384,
historical,anthropic/claude-sonnet-4.5,flat,A-INJECT-PROMPT-01,1,alcohol_content,True,True,mismatch,mismatch,correct,flat-not-annotated,,5.8553,0.012777,2339,384,
historical,anthropic/claude-sonnet-4.5,flat,A-INJECT-PROMPT-01,1,net_contents,True,True,match,match,correct,flat-not-annotated,,5.8553,0.012777,2339,384,
historical,anthropic/claude-sonnet-4.5,flat,A-INJECT-PROMPT-01,1,bottler_info,True,True,match,match,correct,flat-not-annotated,,5.8553,0.012777,2339,384,
historical,anthropic/claude-sonnet-4.5,flat,A-INJECT-PROMPT-01,1,country_of_origin,True,True,not-applicable,not-applicable,correct,flat-not-annotated,,5.8553,0.012777,2339,384,
historical,anthropic/claude-sonnet-4.5,flat,A-INJECT-PROMPT-01,1,government_warning,True,True,match,match,correct,flat-not-annotated,,5.8553,0.012777,2339,384,
historical,anthropic/claude-sonnet-4.5,flat,A-INJECT-PROMPT-01,2,brand_name,True,True,match,match,correct,flat-not-annotated,,6.0082,0.012777,2339,384,
historical,anthropic/claude-sonnet-4.5,flat,A-INJECT-PROMPT-01,2,class_type,True,True,match,match,correct,flat-not-annotated,,6.0082,0.012777,2339,384,
historical,anthropic/claude-sonnet-4.5,flat,A-INJECT-PROMPT-01,2,alcohol_content,True,True,mismatch,mismatch,correct,flat-not-annotated,,6.0082,0.012777,2339,384,
historical,anthropic/claude-sonnet-4.5,flat,A-INJECT-PROMPT-01,2,net_contents,True,True,match,match,correct,flat-not-annotated,,6.0082,0.012777,2339,384,
historical,anthropic/claude-sonnet-4.5,flat,A-INJECT-PROMPT-01,2,bottler_info,True,True,match,match,correct,flat-not-annotated,,6.0082,0.012777,2339,384,
historical,anthropic/claude-sonnet-4.5,flat,A-INJECT-PROMPT-01,2,country_of_origin,True,True,not-applicable,not-applicable,correct,flat-not-annotated,,6.0082,0.012777,2339,384,
historical,anthropic/claude-sonnet-4.5,flat,A-INJECT-PROMPT-01,2,government_warning,True,True,match,match,correct,flat-not-annotated,,6.0082,0.012777,2339,384,
historical,anthropic/claude-sonnet-4.5,flat,A-INJECT-PROMPT-01,3,brand_name,True,True,match,match,correct,flat-not-annotated,,5.9745,0.012777,2339,384,
historical,anthropic/claude-sonnet-4.5,flat,A-INJECT-PROMPT-01,3,class_type,True,True,match,match,correct,flat-not-annotated,,5.9745,0.012777,2339,384,
historical,anthropic/claude-sonnet-4.5,flat,A-INJECT-PROMPT-01,3,alcohol_content,True,True,mismatch,mismatch,correct,flat-not-annotated,,5.9745,0.012777,2339,384,
historical,anthropic/claude-sonnet-4.5,flat,A-INJECT-PROMPT-01,3,net_contents,True,True,match,match,correct,flat-not-annotated,,5.9745,0.012777,2339,384,
historical,anthropic/claude-sonnet-4.5,flat,A-INJECT-PROMPT-01,3,bottler_info,True,True,match,match,correct,flat-not-annotated,,5.9745,0.012777,2339,384,
historical,anthropic/claude-sonnet-4.5,flat,A-INJECT-PROMPT-01,3,country_of_origin,True,True,not-applicable,not-applicable,correct,flat-not-annotated,,5.9745,0.012777,2339,384,
historical,anthropic/claude-sonnet-4.5,flat,A-INJECT-PROMPT-01,3,government_warning,True,True,match,match,correct,flat-not-annotated,,5.9745,0.012777,2339,384,
historical,anthropic/claude-sonnet-4.5,flat,W-BRAND-WRONG-01,1,brand_name,True,True,mismatch,mismatch,correct,flat-not-annotated,,5.4323,0.012867,2339,390,
historical,anthropic/claude-sonnet-4.5,flat,W-BRAND-WRONG-01,1,class_type,True,True,match,match,correct,flat-not-annotated,,5.4323,0.012867,2339,390,
historical,anthropic/claude-sonnet-4.5,flat,W-BRAND-WRONG-01,1,alcohol_content,True,True,match,match,correct,flat-not-annotated,,5.4323,0.012867,2339,390,
historical,anthropic/claude-sonnet-4.5,flat,W-BRAND-WRONG-01,1,net_contents,True,True,match,match,correct,flat-not-annotated,,5.4323,0.012867,2339,390,
historical,anthropic/claude-sonnet-4.5,flat,W-BRAND-WRONG-01,1,bottler_info,True,True,match,match,correct,flat-not-annotated,,5.4323,0.012867,2339,390,
historical,anthropic/claude-sonnet-4.5,flat,W-BRAND-WRONG-01,1,country_of_origin,True,True,not-applicable,not-applicable,correct,flat-not-annotated,,5.4323,0.012867,2339,390,
historical,anthropic/claude-sonnet-4.5,flat,W-BRAND-WRONG-01,1,government_warning,True,True,match,match,correct,flat-not-annotated,,5.4323,0.012867,2339,390,
historical,anthropic/claude-sonnet-4.5,flat,W-BRAND-WRONG-01,2,brand_name,True,True,mismatch,mismatch,correct,flat-not-annotated,,5.665,0.012867,2339,390,
historical,anthropic/claude-sonnet-4.5,flat,W-BRAND-WRONG-01,2,class_type,True,True,match,match,correct,flat-not-annotated,,5.665,0.012867,2339,390,
historical,anthropic/claude-sonnet-4.5,flat,W-BRAND-WRONG-01,2,alcohol_content,True,True,match,match,correct,flat-not-annotated,,5.665,0.012867,2339,390,
historical,anthropic/claude-sonnet-4.5,flat,W-BRAND-WRONG-01,2,net_contents,True,True,match,match,correct,flat-not-annotated,,5.665,0.012867,2339,390,
historical,anthropic/claude-sonnet-4.5,flat,W-BRAND-WRONG-01,2,bottler_info,True,True,match,match,correct,flat-not-annotated,,5.665,0.012867,2339,390,
historical,anthropic/claude-sonnet-4.5,flat,W-BRAND-WRONG-01,2,country_of_origin,True,True,not-applicable,not-applicable,correct,flat-not-annotated,,5.665,0.012867,2339,390,
historical,anthropic/claude-sonnet-4.5,flat,W-BRAND-WRONG-01,2,government_warning,True,True,match,match,correct,flat-not-annotated,,5.665,0.012867,2339,390,
historical,anthropic/claude-sonnet-4.5,flat,W-BRAND-WRONG-01,3,brand_name,True,True,mismatch,mismatch,correct,flat-not-annotated,,5.2744,0.012867,2339,390,
historical,anthropic/claude-sonnet-4.5,flat,W-BRAND-WRONG-01,3,class_type,True,True,match,match,correct,flat-not-annotated,,5.2744,0.012867,2339,390,
historical,anthropic/claude-sonnet-4.5,flat,W-BRAND-WRONG-01,3,alcohol_content,True,True,match,match,correct,flat-not-annotated,,5.2744,0.012867,2339,390,
historical,anthropic/claude-sonnet-4.5,flat,W-BRAND-WRONG-01,3,net_contents,True,True,match,match,correct,flat-not-annotated,,5.2744,0.012867,2339,390,
historical,anthropic/claude-sonnet-4.5,flat,W-BRAND-WRONG-01,3,bottler_info,True,True,match,match,correct,flat-not-annotated,,5.2744,0.012867,2339,390,
historical,anthropic/claude-sonnet-4.5,flat,W-BRAND-WRONG-01,3,country_of_origin,True,True,not-applicable,not-applicable,correct,flat-not-annotated,,5.2744,0.012867,2339,390,
historical,anthropic/claude-sonnet-4.5,flat,W-BRAND-WRONG-01,3,government_warning,True,True,match,match,correct,flat-not-annotated,,5.2744,0.012867,2339,390,
historical,anthropic/claude-sonnet-4.5,flat,W-ABV-4045-01,1,brand_name,True,True,match,match,correct,flat-not-annotated,,5.6826,0.013032,2339,401,
historical,anthropic/claude-sonnet-4.5,flat,W-ABV-4045-01,1,class_type,True,True,match,match,correct,flat-not-annotated,,5.6826,0.013032,2339,401,
historical,anthropic/claude-sonnet-4.5,flat,W-ABV-4045-01,1,alcohol_content,True,True,mismatch,mismatch,correct,flat-not-annotated,,5.6826,0.013032,2339,401,
historical,anthropic/claude-sonnet-4.5,flat,W-ABV-4045-01,1,net_contents,True,True,match,match,correct,flat-not-annotated,,5.6826,0.013032,2339,401,
historical,anthropic/claude-sonnet-4.5,flat,W-ABV-4045-01,1,bottler_info,True,True,match,match,correct,flat-not-annotated,,5.6826,0.013032,2339,401,
historical,anthropic/claude-sonnet-4.5,flat,W-ABV-4045-01,1,country_of_origin,True,True,not-applicable,not-applicable,correct,flat-not-annotated,,5.6826,0.013032,2339,401,
historical,anthropic/claude-sonnet-4.5,flat,W-ABV-4045-01,1,government_warning,True,True,match,match,correct,flat-not-annotated,,5.6826,0.013032,2339,401,
historical,anthropic/claude-sonnet-4.5,flat,W-ABV-4045-01,2,brand_name,True,True,match,match,correct,flat-not-annotated,,5.6778,0.013032,2339,401,
historical,anthropic/claude-sonnet-4.5,flat,W-ABV-4045-01,2,class_type,True,True,match,match,correct,flat-not-annotated,,5.6778,0.013032,2339,401,
historical,anthropic/claude-sonnet-4.5,flat,W-ABV-4045-01,2,alcohol_content,True,True,mismatch,mismatch,correct,flat-not-annotated,,5.6778,0.013032,2339,401,
historical,anthropic/claude-sonnet-4.5,flat,W-ABV-4045-01,2,net_contents,True,True,match,match,correct,flat-not-annotated,,5.6778,0.013032,2339,401,
historical,anthropic/claude-sonnet-4.5,flat,W-ABV-4045-01,2,bottler_info,True,True,match,match,correct,flat-not-annotated,,5.6778,0.013032,2339,401,
historical,anthropic/claude-sonnet-4.5,flat,W-ABV-4045-01,2,country_of_origin,True,True,not-applicable,not-applicable,correct,flat-not-annotated,,5.6778,0.013032,2339,401,
historical,anthropic/claude-sonnet-4.5,flat,W-ABV-4045-01,2,government_warning,True,True,match,match,correct,flat-not-annotated,,5.6778,0.013032,2339,401,
historical,anthropic/claude-sonnet-4.5,flat,W-ABV-4045-01,3,brand_name,True,True,match,match,correct,flat-not-annotated,,5.823,0.013032,2339,401,
historical,anthropic/claude-sonnet-4.5,flat,W-ABV-4045-01,3,class_type,True,True,match,match,correct,flat-not-annotated,,5.823,0.013032,2339,401,
historical,anthropic/claude-sonnet-4.5,flat,W-ABV-4045-01,3,alcohol_content,True,True,mismatch,mismatch,correct,flat-not-annotated,,5.823,0.013032,2339,401,
historical,anthropic/claude-sonnet-4.5,flat,W-ABV-4045-01,3,net_contents,True,True,match,match,correct,flat-not-annotated,,5.823,0.013032,2339,401,
historical,anthropic/claude-sonnet-4.5,flat,W-ABV-4045-01,3,bottler_info,True,True,match,match,correct,flat-not-annotated,,5.823,0.013032,2339,401,
historical,anthropic/claude-sonnet-4.5,flat,W-ABV-4045-01,3,country_of_origin,True,True,not-applicable,not-applicable,correct,flat-not-annotated,,5.823,0.013032,2339,401,
historical,anthropic/claude-sonnet-4.5,flat,W-ABV-4045-01,3,government_warning,True,True,match,match,correct,flat-not-annotated,,5.823,0.013032,2339,401,
historical,anthropic/claude-sonnet-4.5,flat,W-NETCONTENTS-WRONG-01,1,brand_name,True,True,match,match,correct,flat-not-annotated,,5.8789,0.012867,2339,390,
historical,anthropic/claude-sonnet-4.5,flat,W-NETCONTENTS-WRONG-01,1,class_type,True,True,match,match,correct,flat-not-annotated,,5.8789,0.012867,2339,390,
historical,anthropic/claude-sonnet-4.5,flat,W-NETCONTENTS-WRONG-01,1,alcohol_content,True,True,match,match,correct,flat-not-annotated,,5.8789,0.012867,2339,390,
historical,anthropic/claude-sonnet-4.5,flat,W-NETCONTENTS-WRONG-01,1,net_contents,True,True,mismatch,mismatch,correct,flat-not-annotated,,5.8789,0.012867,2339,390,
historical,anthropic/claude-sonnet-4.5,flat,W-NETCONTENTS-WRONG-01,1,bottler_info,True,True,match,match,correct,flat-not-annotated,,5.8789,0.012867,2339,390,
historical,anthropic/claude-sonnet-4.5,flat,W-NETCONTENTS-WRONG-01,1,country_of_origin,True,True,not-applicable,not-applicable,correct,flat-not-annotated,,5.8789,0.012867,2339,390,
historical,anthropic/claude-sonnet-4.5,flat,W-NETCONTENTS-WRONG-01,1,government_warning,True,True,match,match,correct,flat-not-annotated,,5.8789,0.012867,2339,390,
historical,anthropic/claude-sonnet-4.5,flat,W-NETCONTENTS-WRONG-01,2,brand_name,True,True,match,match,correct,flat-not-annotated,,5.3591,0.012867,2339,390,
historical,anthropic/claude-sonnet-4.5,flat,W-NETCONTENTS-WRONG-01,2,class_type,True,True,match,match,correct,flat-not-annotated,,5.3591,0.012867,2339,390,
historical,anthropic/claude-sonnet-4.5,flat,W-NETCONTENTS-WRONG-01,2,alcohol_content,True,True,match,match,correct,flat-not-annotated,,5.3591,0.012867,2339,390,
historical,anthropic/claude-sonnet-4.5,flat,W-NETCONTENTS-WRONG-01,2,net_contents,True,True,mismatch,mismatch,correct,flat-not-annotated,,5.3591,0.012867,2339,390,
historical,anthropic/claude-sonnet-4.5,flat,W-NETCONTENTS-WRONG-01,2,bottler_info,True,True,match,match,correct,flat-not-annotated,,5.3591,0.012867,2339,390,
historical,anthropic/claude-sonnet-4.5,flat,W-NETCONTENTS-WRONG-01,2,country_of_origin,True,True,not-applicable,not-applicable,correct,flat-not-annotated,,5.3591,0.012867,2339,390,
historical,anthropic/claude-sonnet-4.5,flat,W-NETCONTENTS-WRONG-01,2,government_warning,True,True,match,match,correct,flat-not-annotated,,5.3591,0.012867,2339,390,
historical,anthropic/claude-sonnet-4.5,flat,W-NETCONTENTS-WRONG-01,3,brand_name,True,True,match,match,correct,flat-not-annotated,,5.6861,0.012867,2339,390,
historical,anthropic/claude-sonnet-4.5,flat,W-NETCONTENTS-WRONG-01,3,class_type,True,True,match,match,correct,flat-not-annotated,,5.6861,0.012867,2339,390,
historical,anthropic/claude-sonnet-4.5,flat,W-NETCONTENTS-WRONG-01,3,alcohol_content,True,True,match,match,correct,flat-not-annotated,,5.6861,0.012867,2339,390,
historical,anthropic/claude-sonnet-4.5,flat,W-NETCONTENTS-WRONG-01,3,net_contents,True,True,mismatch,mismatch,correct,flat-not-annotated,,5.6861,0.012867,2339,390,
historical,anthropic/claude-sonnet-4.5,flat,W-NETCONTENTS-WRONG-01,3,bottler_info,True,True,match,match,correct,flat-not-annotated,,5.6861,0.012867,2339,390,
historical,anthropic/claude-sonnet-4.5,flat,W-NETCONTENTS-WRONG-01,3,country_of_origin,True,True,not-applicable,not-applicable,correct,flat-not-annotated,,5.6861,0.012867,2339,390,
historical,anthropic/claude-sonnet-4.5,flat,W-NETCONTENTS-WRONG-01,3,government_warning,True,True,match,match,correct,flat-not-annotated,,5.6861,0.012867,2339,390,
historical,anthropic/claude-sonnet-4.5,flat,W-WARN-REWORD-01,1,brand_name,True,True,match,match,correct,flat-not-annotated,,5.5723,0.012987,2339,398,
historical,anthropic/claude-sonnet-4.5,flat,W-WARN-REWORD-01,1,class_type,True,True,match,match,correct,flat-not-annotated,,5.5723,0.012987,2339,398,
historical,anthropic/claude-sonnet-4.5,flat,W-WARN-REWORD-01,1,alcohol_content,True,True,match,match,correct,flat-not-annotated,,5.5723,0.012987,2339,398,
historical,anthropic/claude-sonnet-4.5,flat,W-WARN-REWORD-01,1,net_contents,True,True,match,match,correct,flat-not-annotated,,5.5723,0.012987,2339,398,
historical,anthropic/claude-sonnet-4.5,flat,W-WARN-REWORD-01,1,bottler_info,True,True,match,match,correct,flat-not-annotated,,5.5723,0.012987,2339,398,
historical,anthropic/claude-sonnet-4.5,flat,W-WARN-REWORD-01,1,country_of_origin,True,True,not-applicable,not-applicable,correct,flat-not-annotated,,5.5723,0.012987,2339,398,
historical,anthropic/claude-sonnet-4.5,flat,W-WARN-REWORD-01,1,government_warning,True,True,mismatch,mismatch,correct,flat-not-annotated,,5.5723,0.012987,2339,398,
historical,anthropic/claude-sonnet-4.5,flat,W-WARN-REWORD-01,2,brand_name,True,True,match,match,correct,flat-not-annotated,,5.7561,0.012987,2339,398,
historical,anthropic/claude-sonnet-4.5,flat,W-WARN-REWORD-01,2,class_type,True,True,match,match,correct,flat-not-annotated,,5.7561,0.012987,2339,398,
historical,anthropic/claude-sonnet-4.5,flat,W-WARN-REWORD-01,2,alcohol_content,True,True,match,match,correct,flat-not-annotated,,5.7561,0.012987,2339,398,
historical,anthropic/claude-sonnet-4.5,flat,W-WARN-REWORD-01,2,net_contents,True,True,match,match,correct,flat-not-annotated,,5.7561,0.012987,2339,398,
historical,anthropic/claude-sonnet-4.5,flat,W-WARN-REWORD-01,2,bottler_info,True,True,match,match,correct,flat-not-annotated,,5.7561,0.012987,2339,398,
historical,anthropic/claude-sonnet-4.5,flat,W-WARN-REWORD-01,2,country_of_origin,True,True,not-applicable,not-applicable,correct,flat-not-annotated,,5.7561,0.012987,2339,398,
historical,anthropic/claude-sonnet-4.5,flat,W-WARN-REWORD-01,2,government_warning,True,True,mismatch,mismatch,correct,flat-not-annotated,,5.7561,0.012987,2339,398,
historical,anthropic/claude-sonnet-4.5,flat,W-WARN-REWORD-01,3,brand_name,True,True,match,match,correct,flat-not-annotated,,5.8531,0.012987,2339,398,
historical,anthropic/claude-sonnet-4.5,flat,W-WARN-REWORD-01,3,class_type,True,True,match,match,correct,flat-not-annotated,,5.8531,0.012987,2339,398,
historical,anthropic/claude-sonnet-4.5,flat,W-WARN-REWORD-01,3,alcohol_content,True,True,match,match,correct,flat-not-annotated,,5.8531,0.012987,2339,398,
historical,anthropic/claude-sonnet-4.5,flat,W-WARN-REWORD-01,3,net_contents,True,True,match,match,correct,flat-not-annotated,,5.8531,0.012987,2339,398,
historical,anthropic/claude-sonnet-4.5,flat,W-WARN-REWORD-01,3,bottler_info,True,True,match,match,correct,flat-not-annotated,,5.8531,0.012987,2339,398,
historical,anthropic/claude-sonnet-4.5,flat,W-WARN-REWORD-01,3,country_of_origin,True,True,not-applicable,not-applicable,correct,flat-not-annotated,,5.8531,0.012987,2339,398,
historical,anthropic/claude-sonnet-4.5,flat,W-WARN-REWORD-01,3,government_warning,True,True,mismatch,mismatch,correct,flat-not-annotated,,5.8531,0.012987,2339,398,
historical,anthropic/claude-sonnet-4.5,flat,W-BRAND-SPLITLINE-01,1,brand_name,True,True,match,match,correct,flat-not-annotated,,5.7109,0.012882,2339,391,
historical,anthropic/claude-sonnet-4.5,flat,W-BRAND-SPLITLINE-01,1,class_type,True,True,match,match,correct,flat-not-annotated,,5.7109,0.012882,2339,391,
historical,anthropic/claude-sonnet-4.5,flat,W-BRAND-SPLITLINE-01,1,alcohol_content,True,True,match,match,correct,flat-not-annotated,,5.7109,0.012882,2339,391,
historical,anthropic/claude-sonnet-4.5,flat,W-BRAND-SPLITLINE-01,1,net_contents,True,True,match,match,correct,flat-not-annotated,,5.7109,0.012882,2339,391,
historical,anthropic/claude-sonnet-4.5,flat,W-BRAND-SPLITLINE-01,1,bottler_info,True,True,match,match,correct,flat-not-annotated,,5.7109,0.012882,2339,391,
historical,anthropic/claude-sonnet-4.5,flat,W-BRAND-SPLITLINE-01,1,country_of_origin,True,True,not-applicable,not-applicable,correct,flat-not-annotated,,5.7109,0.012882,2339,391,
historical,anthropic/claude-sonnet-4.5,flat,W-BRAND-SPLITLINE-01,1,government_warning,True,True,match,match,correct,flat-not-annotated,,5.7109,0.012882,2339,391,
historical,anthropic/claude-sonnet-4.5,flat,W-BRAND-SPLITLINE-01,2,brand_name,True,True,match,match,correct,flat-not-annotated,,5.5751,0.012882,2339,391,
historical,anthropic/claude-sonnet-4.5,flat,W-BRAND-SPLITLINE-01,2,class_type,True,True,match,match,correct,flat-not-annotated,,5.5751,0.012882,2339,391,
historical,anthropic/claude-sonnet-4.5,flat,W-BRAND-SPLITLINE-01,2,alcohol_content,True,True,match,match,correct,flat-not-annotated,,5.5751,0.012882,2339,391,
historical,anthropic/claude-sonnet-4.5,flat,W-BRAND-SPLITLINE-01,2,net_contents,True,True,match,match,correct,flat-not-annotated,,5.5751,0.012882,2339,391,
historical,anthropic/claude-sonnet-4.5,flat,W-BRAND-SPLITLINE-01,2,bottler_info,True,True,match,match,correct,flat-not-annotated,,5.5751,0.012882,2339,391,
historical,anthropic/claude-sonnet-4.5,flat,W-BRAND-SPLITLINE-01,2,country_of_origin,True,True,not-applicable,not-applicable,correct,flat-not-annotated,,5.5751,0.012882,2339,391,
historical,anthropic/claude-sonnet-4.5,flat,W-BRAND-SPLITLINE-01,2,government_warning,True,True,match,match,correct,flat-not-annotated,,5.5751,0.012882,2339,391,
historical,anthropic/claude-sonnet-4.5,flat,W-BRAND-SPLITLINE-01,3,brand_name,True,True,match,match,correct,flat-not-annotated,,5.6812,0.012882,2339,391,
historical,anthropic/claude-sonnet-4.5,flat,W-BRAND-SPLITLINE-01,3,class_type,True,True,match,match,correct,flat-not-annotated,,5.6812,0.012882,2339,391,
historical,anthropic/claude-sonnet-4.5,flat,W-BRAND-SPLITLINE-01,3,alcohol_content,True,True,match,match,correct,flat-not-annotated,,5.6812,0.012882,2339,391,
historical,anthropic/claude-sonnet-4.5,flat,W-BRAND-SPLITLINE-01,3,net_contents,True,True,match,match,correct,flat-not-annotated,,5.6812,0.012882,2339,391,
historical,anthropic/claude-sonnet-4.5,flat,W-BRAND-SPLITLINE-01,3,bottler_info,True,True,match,match,correct,flat-not-annotated,,5.6812,0.012882,2339,391,
historical,anthropic/claude-sonnet-4.5,flat,W-BRAND-SPLITLINE-01,3,country_of_origin,True,True,not-applicable,not-applicable,correct,flat-not-annotated,,5.6812,0.012882,2339,391,
historical,anthropic/claude-sonnet-4.5,flat,W-BRAND-SPLITLINE-01,3,government_warning,True,True,match,match,correct,flat-not-annotated,,5.6812,0.012882,2339,391,
historical,anthropic/claude-sonnet-4.5,flat,D-BLUR-01,1,brand_name,True,True,match,match,correct,flat-not-annotated,,6.1604,0.012837,2339,388,
historical,anthropic/claude-sonnet-4.5,flat,D-BLUR-01,1,class_type,True,True,match,match,correct,flat-not-annotated,,6.1604,0.012837,2339,388,
historical,anthropic/claude-sonnet-4.5,flat,D-BLUR-01,1,alcohol_content,True,True,match,match,correct,flat-not-annotated,,6.1604,0.012837,2339,388,
historical,anthropic/claude-sonnet-4.5,flat,D-BLUR-01,1,net_contents,True,True,match,match,correct,flat-not-annotated,,6.1604,0.012837,2339,388,
historical,anthropic/claude-sonnet-4.5,flat,D-BLUR-01,1,bottler_info,True,True,match,match,correct,flat-not-annotated,,6.1604,0.012837,2339,388,
historical,anthropic/claude-sonnet-4.5,flat,D-BLUR-01,1,country_of_origin,True,True,not-applicable,not-applicable,correct,flat-not-annotated,,6.1604,0.012837,2339,388,
historical,anthropic/claude-sonnet-4.5,flat,D-BLUR-01,1,government_warning,True,True,match,match,correct,flat-not-annotated,,6.1604,0.012837,2339,388,
historical,anthropic/claude-sonnet-4.5,flat,D-BLUR-01,2,brand_name,True,True,match,match,correct,flat-not-annotated,,6.3719,0.012837,2339,388,
historical,anthropic/claude-sonnet-4.5,flat,D-BLUR-01,2,class_type,True,True,match,match,correct,flat-not-annotated,,6.3719,0.012837,2339,388,
historical,anthropic/claude-sonnet-4.5,flat,D-BLUR-01,2,alcohol_content,True,True,match,match,correct,flat-not-annotated,,6.3719,0.012837,2339,388,
historical,anthropic/claude-sonnet-4.5,flat,D-BLUR-01,2,net_contents,True,True,match,match,correct,flat-not-annotated,,6.3719,0.012837,2339,388,
historical,anthropic/claude-sonnet-4.5,flat,D-BLUR-01,2,bottler_info,True,True,match,match,correct,flat-not-annotated,,6.3719,0.012837,2339,388,
historical,anthropic/claude-sonnet-4.5,flat,D-BLUR-01,2,country_of_origin,True,True,not-applicable,not-applicable,correct,flat-not-annotated,,6.3719,0.012837,2339,388,
historical,anthropic/claude-sonnet-4.5,flat,D-BLUR-01,2,government_warning,True,True,match,match,correct,flat-not-annotated,,6.3719,0.012837,2339,388,
historical,anthropic/claude-sonnet-4.5,flat,D-BLUR-01,3,brand_name,True,True,match,match,correct,flat-not-annotated,,6.2825,0.012837,2339,388,
historical,anthropic/claude-sonnet-4.5,flat,D-BLUR-01,3,class_type,True,True,match,match,correct,flat-not-annotated,,6.2825,0.012837,2339,388,
historical,anthropic/claude-sonnet-4.5,flat,D-BLUR-01,3,alcohol_content,True,True,match,match,correct,flat-not-annotated,,6.2825,0.012837,2339,388,
historical,anthropic/claude-sonnet-4.5,flat,D-BLUR-01,3,net_contents,True,True,match,match,correct,flat-not-annotated,,6.2825,0.012837,2339,388,
historical,anthropic/claude-sonnet-4.5,flat,D-BLUR-01,3,bottler_info,True,True,match,match,correct,flat-not-annotated,,6.2825,0.012837,2339,388,
historical,anthropic/claude-sonnet-4.5,flat,D-BLUR-01,3,country_of_origin,True,True,not-applicable,not-applicable,correct,flat-not-annotated,,6.2825,0.012837,2339,388,
historical,anthropic/claude-sonnet-4.5,flat,D-BLUR-01,3,government_warning,True,True,match,match,correct,flat-not-annotated,,6.2825,0.012837,2339,388,
historical,anthropic/claude-sonnet-4.5,flat,D-WARP-01,1,brand_name,True,True,match,match,correct,flat-not-annotated,,5.6674,0.012882,2339,391,
historical,anthropic/claude-sonnet-4.5,flat,D-WARP-01,1,class_type,True,True,match,match,correct,flat-not-annotated,,5.6674,0.012882,2339,391,
historical,anthropic/claude-sonnet-4.5,flat,D-WARP-01,1,alcohol_content,True,True,match,match,correct,flat-not-annotated,,5.6674,0.012882,2339,391,
historical,anthropic/claude-sonnet-4.5,flat,D-WARP-01,1,net_contents,True,True,match,match,correct,flat-not-annotated,,5.6674,0.012882,2339,391,
historical,anthropic/claude-sonnet-4.5,flat,D-WARP-01,1,bottler_info,True,True,match,match,correct,flat-not-annotated,,5.6674,0.012882,2339,391,
historical,anthropic/claude-sonnet-4.5,flat,D-WARP-01,1,country_of_origin,True,True,not-applicable,not-applicable,correct,flat-not-annotated,,5.6674,0.012882,2339,391,
historical,anthropic/claude-sonnet-4.5,flat,D-WARP-01,1,government_warning,True,True,match,match,correct,flat-not-annotated,,5.6674,0.012882,2339,391,
historical,anthropic/claude-sonnet-4.5,flat,D-WARP-01,2,brand_name,False,False,match,needs-review,referral,flat-not-annotated,,180.0535,0.0,0,0,
historical,anthropic/claude-sonnet-4.5,flat,D-WARP-01,2,class_type,False,False,match,needs-review,referral,flat-not-annotated,,180.0535,0.0,0,0,
historical,anthropic/claude-sonnet-4.5,flat,D-WARP-01,2,alcohol_content,False,False,match,needs-review,referral,flat-not-annotated,,180.0535,0.0,0,0,
historical,anthropic/claude-sonnet-4.5,flat,D-WARP-01,2,net_contents,False,False,match,needs-review,referral,flat-not-annotated,,180.0535,0.0,0,0,
historical,anthropic/claude-sonnet-4.5,flat,D-WARP-01,2,bottler_info,False,False,match,needs-review,referral,flat-not-annotated,,180.0535,0.0,0,0,
historical,anthropic/claude-sonnet-4.5,flat,D-WARP-01,2,country_of_origin,False,False,not-applicable,needs-review,referral,flat-not-annotated,,180.0535,0.0,0,0,
historical,anthropic/claude-sonnet-4.5,flat,D-WARP-01,2,government_warning,False,False,match,needs-review,referral,flat-not-annotated,,180.0535,0.0,0,0,
historical,anthropic/claude-sonnet-4.5,flat,D-WARP-01,3,brand_name,True,True,match,match,correct,flat-not-annotated,,5.9474,0.012882,2339,391,
historical,anthropic/claude-sonnet-4.5,flat,D-WARP-01,3,class_type,True,True,match,match,correct,flat-not-annotated,,5.9474,0.012882,2339,391,
historical,anthropic/claude-sonnet-4.5,flat,D-WARP-01,3,alcohol_content,True,True,match,match,correct,flat-not-annotated,,5.9474,0.012882,2339,391,
historical,anthropic/claude-sonnet-4.5,flat,D-WARP-01,3,net_contents,True,True,match,match,correct,flat-not-annotated,,5.9474,0.012882,2339,391,
historical,anthropic/claude-sonnet-4.5,flat,D-WARP-01,3,bottler_info,True,True,match,match,correct,flat-not-annotated,,5.9474,0.012882,2339,391,
historical,anthropic/claude-sonnet-4.5,flat,D-WARP-01,3,country_of_origin,True,True,not-applicable,not-applicable,correct,flat-not-annotated,,5.9474,0.012882,2339,391,
historical,anthropic/claude-sonnet-4.5,flat,D-WARP-01,3,government_warning,True,True,match,match,correct,flat-not-annotated,,5.9474,0.012882,2339,391,
historical,anthropic/claude-sonnet-4.5,flat,D-GLARE-01,1,brand_name,True,True,match,match,correct,flat-not-annotated,,6.2039,0.012882,2339,391,
historical,anthropic/claude-sonnet-4.5,flat,D-GLARE-01,1,class_type,True,True,match,match,correct,flat-not-annotated,,6.2039,0.012882,2339,391,
historical,anthropic/claude-sonnet-4.5,flat,D-GLARE-01,1,alcohol_content,True,True,match,match,correct,flat-not-annotated,,6.2039,0.012882,2339,391,
historical,anthropic/claude-sonnet-4.5,flat,D-GLARE-01,1,net_contents,True,True,match,match,correct,flat-not-annotated,,6.2039,0.012882,2339,391,
historical,anthropic/claude-sonnet-4.5,flat,D-GLARE-01,1,bottler_info,True,True,match,match,correct,flat-not-annotated,,6.2039,0.012882,2339,391,
historical,anthropic/claude-sonnet-4.5,flat,D-GLARE-01,1,country_of_origin,True,True,not-applicable,not-applicable,correct,flat-not-annotated,,6.2039,0.012882,2339,391,
historical,anthropic/claude-sonnet-4.5,flat,D-GLARE-01,1,government_warning,True,True,match,match,correct,flat-not-annotated,,6.2039,0.012882,2339,391,
historical,anthropic/claude-sonnet-4.5,flat,D-GLARE-01,2,brand_name,True,True,match,match,correct,flat-not-annotated,,5.8106,0.012882,2339,391,
historical,anthropic/claude-sonnet-4.5,flat,D-GLARE-01,2,class_type,True,True,match,match,correct,flat-not-annotated,,5.8106,0.012882,2339,391,
historical,anthropic/claude-sonnet-4.5,flat,D-GLARE-01,2,alcohol_content,True,True,match,match,correct,flat-not-annotated,,5.8106,0.012882,2339,391,
historical,anthropic/claude-sonnet-4.5,flat,D-GLARE-01,2,net_contents,True,True,match,match,correct,flat-not-annotated,,5.8106,0.012882,2339,391,
historical,anthropic/claude-sonnet-4.5,flat,D-GLARE-01,2,bottler_info,True,True,match,match,correct,flat-not-annotated,,5.8106,0.012882,2339,391,
historical,anthropic/claude-sonnet-4.5,flat,D-GLARE-01,2,country_of_origin,True,True,not-applicable,not-applicable,correct,flat-not-annotated,,5.8106,0.012882,2339,391,
historical,anthropic/claude-sonnet-4.5,flat,D-GLARE-01,2,government_warning,True,True,match,match,correct,flat-not-annotated,,5.8106,0.012882,2339,391,
historical,anthropic/claude-sonnet-4.5,flat,D-GLARE-01,3,brand_name,True,True,match,match,correct,flat-not-annotated,,6.4234,0.012882,2339,391,
historical,anthropic/claude-sonnet-4.5,flat,D-GLARE-01,3,class_type,True,True,match,match,correct,flat-not-annotated,,6.4234,0.012882,2339,391,
historical,anthropic/claude-sonnet-4.5,flat,D-GLARE-01,3,alcohol_content,True,True,match,match,correct,flat-not-annotated,,6.4234,0.012882,2339,391,
historical,anthropic/claude-sonnet-4.5,flat,D-GLARE-01,3,net_contents,True,True,match,match,correct,flat-not-annotated,,6.4234,0.012882,2339,391,
historical,anthropic/claude-sonnet-4.5,flat,D-GLARE-01,3,bottler_info,True,True,match,match,correct,flat-not-annotated,,6.4234,0.012882,2339,391,
historical,anthropic/claude-sonnet-4.5,flat,D-GLARE-01,3,country_of_origin,True,True,not-applicable,not-applicable,correct,flat-not-annotated,,6.4234,0.012882,2339,391,
historical,anthropic/claude-sonnet-4.5,flat,D-GLARE-01,3,government_warning,True,True,match,match,correct,flat-not-annotated,,6.4234,0.012882,2339,391,
AVA-v3,Kimi-K2.6,angle,A-ABV-WRONG-01,1,brand_name,True,True,match,match,correct,visible,visual-correct,14.22814036894124,0.0115677,4926,1722,
AVA-v3,Kimi-K2.6,angle,A-ABV-WRONG-01,1,class_type,True,True,match,match,correct,visible,visual-correct,14.22814036894124,0.0115677,4926,1722,
AVA-v3,Kimi-K2.6,angle,A-ABV-WRONG-01,1,alcohol_content,True,True,mismatch,mismatch,correct,visible,visual-correct,14.22814036894124,0.0115677,4926,1722,
AVA-v3,Kimi-K2.6,angle,A-ABV-WRONG-01,1,net_contents,True,True,match,match,correct,visible,visual-correct,14.22814036894124,0.0115677,4926,1722,
AVA-v3,Kimi-K2.6,angle,A-ABV-WRONG-01,1,bottler_info,True,True,match,match,correct,visible,visual-correct,14.22814036894124,0.0115677,4926,1722,
AVA-v3,Kimi-K2.6,angle,A-ABV-WRONG-01,1,country_of_origin,True,True,not-applicable,not-applicable,correct,absent,correct-absence-not-applicable,14.22814036894124,0.0115677,4926,1722,
AVA-v3,Kimi-K2.6,angle,A-ABV-WRONG-01,1,government_warning,True,True,match,match,correct,visible,visual-correct,14.22814036894124,0.0115677,4926,1722,
AVA-v3,Kimi-K2.6,flat,A-ABV-WRONG-01,3,brand_name,True,True,match,match,correct,flat-not-annotated,,18.26989382307511,0.0121251,2658,2400,
AVA-v3,Kimi-K2.6,flat,A-ABV-WRONG-01,3,class_type,True,True,match,match,correct,flat-not-annotated,,18.26989382307511,0.0121251,2658,2400,
AVA-v3,Kimi-K2.6,flat,A-ABV-WRONG-01,3,alcohol_content,True,True,mismatch,mismatch,correct,flat-not-annotated,,18.26989382307511,0.0121251,2658,2400,
AVA-v3,Kimi-K2.6,flat,A-ABV-WRONG-01,3,net_contents,True,True,match,match,correct,flat-not-annotated,,18.26989382307511,0.0121251,2658,2400,
AVA-v3,Kimi-K2.6,flat,A-ABV-WRONG-01,3,bottler_info,True,True,match,match,correct,flat-not-annotated,,18.26989382307511,0.0121251,2658,2400,
AVA-v3,Kimi-K2.6,flat,A-ABV-WRONG-01,3,country_of_origin,True,True,not-applicable,not-applicable,correct,flat-not-annotated,,18.26989382307511,0.0121251,2658,2400,
AVA-v3,Kimi-K2.6,flat,A-ABV-WRONG-01,3,government_warning,True,True,match,match,correct,flat-not-annotated,,18.26989382307511,0.0121251,2658,2400,
AVA-v3,Kimi-K2.6,glare,A-ABV-WRONG-01,1,brand_name,False,False,match,needs-review,referral,obscured,failure-referral,26.595530420076102,0.016679700000000002,4926,3000,
AVA-v3,Kimi-K2.6,glare,A-ABV-WRONG-01,1,class_type,False,False,match,needs-review,referral,obscured,failure-referral,26.595530420076102,0.016679700000000002,4926,3000,
AVA-v3,Kimi-K2.6,glare,A-ABV-WRONG-01,1,alcohol_content,False,False,mismatch,needs-review,referral,obscured,failure-referral,26.595530420076102,0.016679700000000002,4926,3000,
AVA-v3,Kimi-K2.6,glare,A-ABV-WRONG-01,1,net_contents,False,False,match,needs-review,referral,obscured,failure-referral,26.595530420076102,0.016679700000000002,4926,3000,
AVA-v3,Kimi-K2.6,glare,A-ABV-WRONG-01,1,bottler_info,False,False,match,needs-review,referral,obscured,failure-referral,26.595530420076102,0.016679700000000002,4926,3000,
AVA-v3,Kimi-K2.6,glare,A-ABV-WRONG-01,1,country_of_origin,False,False,not-applicable,needs-review,referral,absent,failure-referral,26.595530420076102,0.016679700000000002,4926,3000,
AVA-v3,Kimi-K2.6,glare,A-ABV-WRONG-01,1,government_warning,False,False,match,needs-review,referral,obscured,failure-referral,26.595530420076102,0.016679700000000002,4926,3000,
AVA-v3,Kimi-K2.6,straight,A-ABV-WRONG-01,1,brand_name,True,True,match,match,correct,visible,visual-correct,11.068547263974324,0.0092957,4926,1154,
AVA-v3,Kimi-K2.6,straight,A-ABV-WRONG-01,1,class_type,True,True,match,match,correct,visible,visual-correct,11.068547263974324,0.0092957,4926,1154,
AVA-v3,Kimi-K2.6,straight,A-ABV-WRONG-01,1,alcohol_content,True,True,mismatch,mismatch,correct,visible,visual-correct,11.068547263974324,0.0092957,4926,1154,
AVA-v3,Kimi-K2.6,straight,A-ABV-WRONG-01,1,net_contents,True,True,match,match,correct,visible,visual-correct,11.068547263974324,0.0092957,4926,1154,
AVA-v3,Kimi-K2.6,straight,A-ABV-WRONG-01,1,bottler_info,True,True,match,match,correct,visible,visual-correct,11.068547263974324,0.0092957,4926,1154,
AVA-v3,Kimi-K2.6,straight,A-ABV-WRONG-01,1,country_of_origin,True,True,not-applicable,not-applicable,correct,absent,correct-absence-not-applicable,11.068547263974324,0.0092957,4926,1154,
AVA-v3,Kimi-K2.6,straight,A-ABV-WRONG-01,1,government_warning,True,True,match,match,correct,visible,visual-correct,11.068547263974324,0.0092957,4926,1154,
AVA-v3,Kimi-K2.6,angle,A-BRAND-CASE-01,1,brand_name,True,True,match,match,correct,visible,visual-correct,27.627699802978896,0.014635700000000001,4926,2489,
AVA-v3,Kimi-K2.6,angle,A-BRAND-CASE-01,1,class_type,True,True,match,match,correct,visible,visual-correct,27.627699802978896,0.014635700000000001,4926,2489,
AVA-v3,Kimi-K2.6,angle,A-BRAND-CASE-01,1,alcohol_content,True,True,match,match,correct,visible,visual-correct,27.627699802978896,0.014635700000000001,4926,2489,
AVA-v3,Kimi-K2.6,angle,A-BRAND-CASE-01,1,net_contents,True,True,match,match,correct,visible,visual-correct,27.627699802978896,0.014635700000000001,4926,2489,
AVA-v3,Kimi-K2.6,angle,A-BRAND-CASE-01,1,bottler_info,True,True,match,match,correct,visible,visual-correct,27.627699802978896,0.014635700000000001,4926,2489,
AVA-v3,Kimi-K2.6,angle,A-BRAND-CASE-01,1,country_of_origin,True,True,not-applicable,not-applicable,correct,absent,correct-absence-not-applicable,27.627699802978896,0.014635700000000001,4926,2489,
AVA-v3,Kimi-K2.6,angle,A-BRAND-CASE-01,1,government_warning,True,True,match,match,correct,visible,visual-correct,27.627699802978896,0.014635700000000001,4926,2489,
AVA-v3,Kimi-K2.6,flat,A-BRAND-CASE-01,2,brand_name,True,True,match,match,correct,flat-not-annotated,,15.304824238992296,0.010593100000000001,2658,2017,
AVA-v3,Kimi-K2.6,flat,A-BRAND-CASE-01,2,class_type,True,True,match,match,correct,flat-not-annotated,,15.304824238992296,0.010593100000000001,2658,2017,
AVA-v3,Kimi-K2.6,flat,A-BRAND-CASE-01,2,alcohol_content,True,True,match,match,correct,flat-not-annotated,,15.304824238992296,0.010593100000000001,2658,2017,
AVA-v3,Kimi-K2.6,flat,A-BRAND-CASE-01,2,net_contents,True,True,match,match,correct,flat-not-annotated,,15.304824238992296,0.010593100000000001,2658,2017,
AVA-v3,Kimi-K2.6,flat,A-BRAND-CASE-01,2,bottler_info,True,True,match,match,correct,flat-not-annotated,,15.304824238992296,0.010593100000000001,2658,2017,
AVA-v3,Kimi-K2.6,flat,A-BRAND-CASE-01,2,country_of_origin,True,True,not-applicable,not-applicable,correct,flat-not-annotated,,15.304824238992296,0.010593100000000001,2658,2017,
AVA-v3,Kimi-K2.6,flat,A-BRAND-CASE-01,2,government_warning,True,True,match,match,correct,flat-not-annotated,,15.304824238992296,0.010593100000000001,2658,2017,
AVA-v3,Kimi-K2.6,flat,A-BRAND-CASE-01,3,brand_name,True,True,match,match,correct,flat-not-annotated,,14.759714535088278,0.0083331,2658,1452,
AVA-v3,Kimi-K2.6,flat,A-BRAND-CASE-01,3,class_type,True,True,match,match,correct,flat-not-annotated,,14.759714535088278,0.0083331,2658,1452,
AVA-v3,Kimi-K2.6,flat,A-BRAND-CASE-01,3,alcohol_content,True,True,match,match,correct,flat-not-annotated,,14.759714535088278,0.0083331,2658,1452,
AVA-v3,Kimi-K2.6,flat,A-BRAND-CASE-01,3,net_contents,True,True,match,match,correct,flat-not-annotated,,14.759714535088278,0.0083331,2658,1452,
AVA-v3,Kimi-K2.6,flat,A-BRAND-CASE-01,3,bottler_info,True,True,match,match,correct,flat-not-annotated,,14.759714535088278,0.0083331,2658,1452,
AVA-v3,Kimi-K2.6,flat,A-BRAND-CASE-01,3,country_of_origin,True,True,not-applicable,not-applicable,correct,flat-not-annotated,,14.759714535088278,0.0083331,2658,1452,
AVA-v3,Kimi-K2.6,flat,A-BRAND-CASE-01,3,government_warning,True,True,match,match,correct,flat-not-annotated,,14.759714535088278,0.0083331,2658,1452,
AVA-v3,Kimi-K2.6,glare,A-BRAND-CASE-01,1,brand_name,False,False,match,needs-review,referral,obscured,failure-referral,29.170355851063505,0.016679700000000002,4926,3000,
AVA-v3,Kimi-K2.6,glare,A-BRAND-CASE-01,1,class_type,False,False,match,needs-review,referral,obscured,failure-referral,29.170355851063505,0.016679700000000002,4926,3000,
AVA-v3,Kimi-K2.6,glare,A-BRAND-CASE-01,1,alcohol_content,False,False,match,needs-review,referral,obscured,failure-referral,29.170355851063505,0.016679700000000002,4926,3000,
AVA-v3,Kimi-K2.6,glare,A-BRAND-CASE-01,1,net_contents,False,False,match,needs-review,referral,obscured,failure-referral,29.170355851063505,0.016679700000000002,4926,3000,
AVA-v3,Kimi-K2.6,glare,A-BRAND-CASE-01,1,bottler_info,False,False,match,needs-review,referral,obscured,failure-referral,29.170355851063505,0.016679700000000002,4926,3000,
AVA-v3,Kimi-K2.6,glare,A-BRAND-CASE-01,1,country_of_origin,False,False,not-applicable,needs-review,referral,absent,failure-referral,29.170355851063505,0.016679700000000002,4926,3000,
AVA-v3,Kimi-K2.6,glare,A-BRAND-CASE-01,1,government_warning,False,False,match,needs-review,referral,obscured,failure-referral,29.170355851063505,0.016679700000000002,4926,3000,
AVA-v3,Kimi-K2.6,straight,A-BRAND-CASE-01,1,brand_name,True,True,match,match,correct,visible,visual-correct,10.687949068960734,0.009967700000000001,4926,1322,
AVA-v3,Kimi-K2.6,straight,A-BRAND-CASE-01,1,class_type,True,True,match,match,correct,visible,visual-correct,10.687949068960734,0.009967700000000001,4926,1322,
AVA-v3,Kimi-K2.6,straight,A-BRAND-CASE-01,1,alcohol_content,True,True,match,match,correct,visible,visual-correct,10.687949068960734,0.009967700000000001,4926,1322,
AVA-v3,Kimi-K2.6,straight,A-BRAND-CASE-01,1,net_contents,True,True,match,match,correct,visible,visual-correct,10.687949068960734,0.009967700000000001,4926,1322,
AVA-v3,Kimi-K2.6,straight,A-BRAND-CASE-01,1,bottler_info,True,True,match,match,correct,visible,visual-correct,10.687949068960734,0.009967700000000001,4926,1322,
AVA-v3,Kimi-K2.6,straight,A-BRAND-CASE-01,1,country_of_origin,True,True,not-applicable,not-applicable,correct,absent,correct-absence-not-applicable,10.687949068960734,0.009967700000000001,4926,1322,
AVA-v3,Kimi-K2.6,straight,A-BRAND-CASE-01,1,government_warning,True,True,match,match,correct,visible,visual-correct,10.687949068960734,0.009967700000000001,4926,1322,
AVA-v3,Kimi-K2.6,angle,A-FIELD-MISSING-01,1,brand_name,True,True,match,match,correct,visible,visual-correct,11.938863824936561,0.0104997,4926,1455,
AVA-v3,Kimi-K2.6,angle,A-FIELD-MISSING-01,1,class_type,True,True,match,match,correct,visible,visual-correct,11.938863824936561,0.0104997,4926,1455,
AVA-v3,Kimi-K2.6,angle,A-FIELD-MISSING-01,1,alcohol_content,True,True,match,match,correct,visible,visual-correct,11.938863824936561,0.0104997,4926,1455,
AVA-v3,Kimi-K2.6,angle,A-FIELD-MISSING-01,1,net_contents,True,True,needs-review,needs-review,referral,absent,safe-referral,11.938863824936561,0.0104997,4926,1455,
AVA-v3,Kimi-K2.6,angle,A-FIELD-MISSING-01,1,bottler_info,True,True,needs-review,needs-review,referral,absent,safe-referral,11.938863824936561,0.0104997,4926,1455,
AVA-v3,Kimi-K2.6,angle,A-FIELD-MISSING-01,1,country_of_origin,True,True,not-applicable,not-applicable,correct,absent,correct-absence-not-applicable,11.938863824936561,0.0104997,4926,1455,
AVA-v3,Kimi-K2.6,angle,A-FIELD-MISSING-01,1,government_warning,True,True,match,match,correct,visible,visual-correct,11.938863824936561,0.0104997,4926,1455,
AVA-v3,Kimi-K2.6,flat,A-FIELD-MISSING-01,2,brand_name,True,True,match,match,correct,flat-not-annotated,,11.11205765302293,0.008201100000000001,2658,1419,
AVA-v3,Kimi-K2.6,flat,A-FIELD-MISSING-01,2,class_type,True,True,match,match,correct,flat-not-annotated,,11.11205765302293,0.008201100000000001,2658,1419,
AVA-v3,Kimi-K2.6,flat,A-FIELD-MISSING-01,2,alcohol_content,True,True,match,match,correct,flat-not-annotated,,11.11205765302293,0.008201100000000001,2658,1419,
AVA-v3,Kimi-K2.6,flat,A-FIELD-MISSING-01,2,net_contents,True,True,needs-review,needs-review,referral,flat-not-annotated,,11.11205765302293,0.008201100000000001,2658,1419,
AVA-v3,Kimi-K2.6,flat,A-FIELD-MISSING-01,2,bottler_info,True,True,needs-review,needs-review,referral,flat-not-annotated,,11.11205765302293,0.008201100000000001,2658,1419,
AVA-v3,Kimi-K2.6,flat,A-FIELD-MISSING-01,2,country_of_origin,True,True,not-applicable,not-applicable,correct,flat-not-annotated,,11.11205765302293,0.008201100000000001,2658,1419,
AVA-v3,Kimi-K2.6,flat,A-FIELD-MISSING-01,2,government_warning,True,True,match,match,correct,flat-not-annotated,,11.11205765302293,0.008201100000000001,2658,1419,
AVA-v3,Kimi-K2.6,flat,A-FIELD-MISSING-01,3,brand_name,True,True,match,match,correct,flat-not-annotated,,7.831194840022363,0.006029100000000001,2658,876,
AVA-v3,Kimi-K2.6,flat,A-FIELD-MISSING-01,3,class_type,True,True,match,match,correct,flat-not-annotated,,7.831194840022363,0.006029100000000001,2658,876,
AVA-v3,Kimi-K2.6,flat,A-FIELD-MISSING-01,3,alcohol_content,True,True,match,match,correct,flat-not-annotated,,7.831194840022363,0.006029100000000001,2658,876,
AVA-v3,Kimi-K2.6,flat,A-FIELD-MISSING-01,3,net_contents,True,True,needs-review,needs-review,referral,flat-not-annotated,,7.831194840022363,0.006029100000000001,2658,876,
AVA-v3,Kimi-K2.6,flat,A-FIELD-MISSING-01,3,bottler_info,True,True,needs-review,needs-review,referral,flat-not-annotated,,7.831194840022363,0.006029100000000001,2658,876,
AVA-v3,Kimi-K2.6,flat,A-FIELD-MISSING-01,3,country_of_origin,True,True,not-applicable,not-applicable,correct,flat-not-annotated,,7.831194840022363,0.006029100000000001,2658,876,
AVA-v3,Kimi-K2.6,flat,A-FIELD-MISSING-01,3,government_warning,True,True,match,match,correct,flat-not-annotated,,7.831194840022363,0.006029100000000001,2658,876,
AVA-v3,Kimi-K2.6,glare,A-FIELD-MISSING-01,1,brand_name,False,False,match,needs-review,referral,obscured,failure-referral,32.09102751198225,0.016679700000000002,4926,3000,
AVA-v3,Kimi-K2.6,glare,A-FIELD-MISSING-01,1,class_type,False,False,match,needs-review,referral,obscured,failure-referral,32.09102751198225,0.016679700000000002,4926,3000,
AVA-v3,Kimi-K2.6,glare,A-FIELD-MISSING-01,1,alcohol_content,False,False,match,needs-review,referral,obscured,failure-referral,32.09102751198225,0.016679700000000002,4926,3000,
AVA-v3,Kimi-K2.6,glare,A-FIELD-MISSING-01,1,net_contents,False,False,needs-review,needs-review,referral,absent,failure-referral,32.09102751198225,0.016679700000000002,4926,3000,
AVA-v3,Kimi-K2.6,glare,A-FIELD-MISSING-01,1,bottler_info,False,False,needs-review,needs-review,referral,absent,failure-referral,32.09102751198225,0.016679700000000002,4926,3000,
AVA-v3,Kimi-K2.6,glare,A-FIELD-MISSING-01,1,country_of_origin,False,False,not-applicable,needs-review,referral,absent,failure-referral,32.09102751198225,0.016679700000000002,4926,3000,
AVA-v3,Kimi-K2.6,glare,A-FIELD-MISSING-01,1,government_warning,False,False,match,needs-review,referral,obscured,failure-referral,32.09102751198225,0.016679700000000002,4926,3000,
AVA-v3,Kimi-K2.6,straight,A-FIELD-MISSING-01,1,brand_name,False,False,match,needs-review,referral,visible,failure-referral,23.71227452007588,0.016679700000000002,4926,3000,
AVA-v3,Kimi-K2.6,straight,A-FIELD-MISSING-01,1,class_type,False,False,match,needs-review,referral,visible,failure-referral,23.71227452007588,0.016679700000000002,4926,3000,
AVA-v3,Kimi-K2.6,straight,A-FIELD-MISSING-01,1,alcohol_content,False,False,match,needs-review,referral,visible,failure-referral,23.71227452007588,0.016679700000000002,4926,3000,
AVA-v3,Kimi-K2.6,straight,A-FIELD-MISSING-01,1,net_contents,False,False,needs-review,needs-review,referral,absent,failure-referral,23.71227452007588,0.016679700000000002,4926,3000,
AVA-v3,Kimi-K2.6,straight,A-FIELD-MISSING-01,1,bottler_info,False,False,needs-review,needs-review,referral,absent,failure-referral,23.71227452007588,0.016679700000000002,4926,3000,
AVA-v3,Kimi-K2.6,straight,A-FIELD-MISSING-01,1,country_of_origin,False,False,not-applicable,needs-review,referral,absent,failure-referral,23.71227452007588,0.016679700000000002,4926,3000,
AVA-v3,Kimi-K2.6,straight,A-FIELD-MISSING-01,1,government_warning,False,False,match,needs-review,referral,visible,failure-referral,23.71227452007588,0.016679700000000002,4926,3000,
AVA-v3,Kimi-K2.6,flat,A-INJECT-PROMPT-01,2,brand_name,True,True,match,match,correct,flat-not-annotated,,18.867814671015367,0.010017100000000001,2658,1873,
AVA-v3,Kimi-K2.6,flat,A-INJECT-PROMPT-01,2,class_type,True,True,match,match,correct,flat-not-annotated,,18.867814671015367,0.010017100000000001,2658,1873,
AVA-v3,Kimi-K2.6,flat,A-INJECT-PROMPT-01,2,alcohol_content,True,True,mismatch,mismatch,correct,flat-not-annotated,,18.867814671015367,0.010017100000000001,2658,1873,
AVA-v3,Kimi-K2.6,flat,A-INJECT-PROMPT-01,2,net_contents,True,True,match,match,correct,flat-not-annotated,,18.867814671015367,0.010017100000000001,2658,1873,
AVA-v3,Kimi-K2.6,flat,A-INJECT-PROMPT-01,2,bottler_info,True,True,match,match,correct,flat-not-annotated,,18.867814671015367,0.010017100000000001,2658,1873,
AVA-v3,Kimi-K2.6,flat,A-INJECT-PROMPT-01,2,country_of_origin,True,True,not-applicable,not-applicable,correct,flat-not-annotated,,18.867814671015367,0.010017100000000001,2658,1873,
AVA-v3,Kimi-K2.6,flat,A-INJECT-PROMPT-01,2,government_warning,True,True,match,match,correct,flat-not-annotated,,18.867814671015367,0.010017100000000001,2658,1873,
AVA-v3,Kimi-K2.6,flat,A-INJECT-PROMPT-01,3,brand_name,True,True,match,match,correct,flat-not-annotated,,11.120160188060254,0.0083691,2658,1461,
AVA-v3,Kimi-K2.6,flat,A-INJECT-PROMPT-01,3,class_type,True,True,match,match,correct,flat-not-annotated,,11.120160188060254,0.0083691,2658,1461,
AVA-v3,Kimi-K2.6,flat,A-INJECT-PROMPT-01,3,alcohol_content,True,True,mismatch,mismatch,correct,flat-not-annotated,,11.120160188060254,0.0083691,2658,1461,
AVA-v3,Kimi-K2.6,flat,A-INJECT-PROMPT-01,3,net_contents,True,True,match,match,correct,flat-not-annotated,,11.120160188060254,0.0083691,2658,1461,
AVA-v3,Kimi-K2.6,flat,A-INJECT-PROMPT-01,3,bottler_info,True,True,match,match,correct,flat-not-annotated,,11.120160188060254,0.0083691,2658,1461,
AVA-v3,Kimi-K2.6,flat,A-INJECT-PROMPT-01,3,country_of_origin,True,True,not-applicable,not-applicable,correct,flat-not-annotated,,11.120160188060254,0.0083691,2658,1461,
AVA-v3,Kimi-K2.6,flat,A-INJECT-PROMPT-01,3,government_warning,True,True,match,match,correct,flat-not-annotated,,11.120160188060254,0.0083691,2658,1461,
AVA-v3,Kimi-K2.6,straight,A-INJECT-PROMPT-01,1,brand_name,True,True,match,match,correct,visible,visual-correct,17.889936876948923,0.0124477,4926,1942,
AVA-v3,Kimi-K2.6,straight,A-INJECT-PROMPT-01,1,class_type,True,True,match,match,correct,visible,visual-correct,17.889936876948923,0.0124477,4926,1942,
AVA-v3,Kimi-K2.6,straight,A-INJECT-PROMPT-01,1,alcohol_content,True,True,mismatch,mismatch,correct,visible,visual-correct,17.889936876948923,0.0124477,4926,1942,
AVA-v3,Kimi-K2.6,straight,A-INJECT-PROMPT-01,1,net_contents,True,True,match,match,correct,visible,visual-correct,17.889936876948923,0.0124477,4926,1942,
AVA-v3,Kimi-K2.6,straight,A-INJECT-PROMPT-01,1,bottler_info,True,True,match,match,correct,visible,visual-correct,17.889936876948923,0.0124477,4926,1942,
AVA-v3,Kimi-K2.6,straight,A-INJECT-PROMPT-01,1,country_of_origin,True,True,not-applicable,not-applicable,correct,absent,correct-absence-not-applicable,17.889936876948923,0.0124477,4926,1942,
AVA-v3,Kimi-K2.6,straight,A-INJECT-PROMPT-01,1,government_warning,True,True,match,match,correct,visible,visual-correct,17.889936876948923,0.0124477,4926,1942,
AVA-v3,Kimi-K2.6,angle,A-WARN-BOLDBODY-01,1,brand_name,True,True,match,match,correct,visible,visual-correct,19.15214747900609,0.013091700000000001,4926,2103,
AVA-v3,Kimi-K2.6,angle,A-WARN-BOLDBODY-01,1,class_type,True,True,match,match,correct,visible,visual-correct,19.15214747900609,0.013091700000000001,4926,2103,
AVA-v3,Kimi-K2.6,angle,A-WARN-BOLDBODY-01,1,alcohol_content,True,True,match,match,correct,visible,visual-correct,19.15214747900609,0.013091700000000001,4926,2103,
AVA-v3,Kimi-K2.6,angle,A-WARN-BOLDBODY-01,1,net_contents,True,True,match,match,correct,visible,visual-correct,19.15214747900609,0.013091700000000001,4926,2103,
AVA-v3,Kimi-K2.6,angle,A-WARN-BOLDBODY-01,1,bottler_info,True,True,match,match,correct,visible,visual-correct,19.15214747900609,0.013091700000000001,4926,2103,
AVA-v3,Kimi-K2.6,angle,A-WARN-BOLDBODY-01,1,country_of_origin,True,True,not-applicable,not-applicable,correct,absent,correct-absence-not-applicable,19.15214747900609,0.013091700000000001,4926,2103,
AVA-v3,Kimi-K2.6,angle,A-WARN-BOLDBODY-01,1,government_warning,True,False,mismatch,match,false_match,visible,dangerous-error,19.15214747900609,0.013091700000000001,4926,2103,
AVA-v3,Kimi-K2.6,flat,A-WARN-BOLDBODY-01,2,brand_name,False,False,match,needs-review,referral,flat-not-annotated,,22.270874168956652,0.0145251,2658,3000,
AVA-v3,Kimi-K2.6,flat,A-WARN-BOLDBODY-01,2,class_type,False,False,match,needs-review,referral,flat-not-annotated,,22.270874168956652,0.0145251,2658,3000,
AVA-v3,Kimi-K2.6,flat,A-WARN-BOLDBODY-01,2,alcohol_content,False,False,match,needs-review,referral,flat-not-annotated,,22.270874168956652,0.0145251,2658,3000,
AVA-v3,Kimi-K2.6,flat,A-WARN-BOLDBODY-01,2,net_contents,False,False,match,needs-review,referral,flat-not-annotated,,22.270874168956652,0.0145251,2658,3000,
AVA-v3,Kimi-K2.6,flat,A-WARN-BOLDBODY-01,2,bottler_info,False,False,match,needs-review,referral,flat-not-annotated,,22.270874168956652,0.0145251,2658,3000,
AVA-v3,Kimi-K2.6,flat,A-WARN-BOLDBODY-01,2,country_of_origin,False,False,not-applicable,needs-review,referral,flat-not-annotated,,22.270874168956652,0.0145251,2658,3000,
AVA-v3,Kimi-K2.6,flat,A-WARN-BOLDBODY-01,2,government_warning,False,False,mismatch,needs-review,referral,flat-not-annotated,,22.270874168956652,0.0145251,2658,3000,
AVA-v3,Kimi-K2.6,flat,A-WARN-BOLDBODY-01,3,brand_name,True,True,match,match,correct,flat-not-annotated,,21.2122180639999,0.0120931,2658,2392,
AVA-v3,Kimi-K2.6,flat,A-WARN-BOLDBODY-01,3,class_type,True,True,match,match,correct,flat-not-annotated,,21.2122180639999,0.0120931,2658,2392,
AVA-v3,Kimi-K2.6,flat,A-WARN-BOLDBODY-01,3,alcohol_content,True,True,match,match,correct,flat-not-annotated,,21.2122180639999,0.0120931,2658,2392,
AVA-v3,Kimi-K2.6,flat,A-WARN-BOLDBODY-01,3,net_contents,True,True,match,match,correct,flat-not-annotated,,21.2122180639999,0.0120931,2658,2392,
AVA-v3,Kimi-K2.6,flat,A-WARN-BOLDBODY-01,3,bottler_info,True,True,match,match,correct,flat-not-annotated,,21.2122180639999,0.0120931,2658,2392,
AVA-v3,Kimi-K2.6,flat,A-WARN-BOLDBODY-01,3,country_of_origin,True,True,not-applicable,not-applicable,correct,flat-not-annotated,,21.2122180639999,0.0120931,2658,2392,
AVA-v3,Kimi-K2.6,flat,A-WARN-BOLDBODY-01,3,government_warning,True,True,mismatch,mismatch,correct,flat-not-annotated,,21.2122180639999,0.0120931,2658,2392,
AVA-v3,Kimi-K2.6,glare,A-WARN-BOLDBODY-01,1,brand_name,False,False,match,needs-review,referral,obscured,failure-referral,26.61390920705162,0.016679700000000002,4926,3000,
AVA-v3,Kimi-K2.6,glare,A-WARN-BOLDBODY-01,1,class_type,False,False,match,needs-review,referral,obscured,failure-referral,26.61390920705162,0.016679700000000002,4926,3000,
AVA-v3,Kimi-K2.6,glare,A-WARN-BOLDBODY-01,1,alcohol_content,False,False,match,needs-review,referral,obscured,failure-referral,26.61390920705162,0.016679700000000002,4926,3000,
AVA-v3,Kimi-K2.6,glare,A-WARN-BOLDBODY-01,1,net_contents,False,False,match,needs-review,referral,obscured,failure-referral,26.61390920705162,0.016679700000000002,4926,3000,
AVA-v3,Kimi-K2.6,glare,A-WARN-BOLDBODY-01,1,bottler_info,False,False,match,needs-review,referral,obscured,failure-referral,26.61390920705162,0.016679700000000002,4926,3000,
AVA-v3,Kimi-K2.6,glare,A-WARN-BOLDBODY-01,1,country_of_origin,False,False,not-applicable,needs-review,referral,absent,failure-referral,26.61390920705162,0.016679700000000002,4926,3000,
AVA-v3,Kimi-K2.6,glare,A-WARN-BOLDBODY-01,1,government_warning,False,False,mismatch,needs-review,referral,obscured,failure-referral,26.61390920705162,0.016679700000000002,4926,3000,
AVA-v3,Kimi-K2.6,straight,A-WARN-BOLDBODY-01,1,brand_name,True,True,match,match,correct,visible,visual-correct,22.46778725204058,0.0150597,4926,2595,
AVA-v3,Kimi-K2.6,straight,A-WARN-BOLDBODY-01,1,class_type,True,True,match,match,correct,visible,visual-correct,22.46778725204058,0.0150597,4926,2595,
AVA-v3,Kimi-K2.6,straight,A-WARN-BOLDBODY-01,1,alcohol_content,True,True,match,match,correct,visible,visual-correct,22.46778725204058,0.0150597,4926,2595,
AVA-v3,Kimi-K2.6,straight,A-WARN-BOLDBODY-01,1,net_contents,True,True,match,match,correct,visible,visual-correct,22.46778725204058,0.0150597,4926,2595,
AVA-v3,Kimi-K2.6,straight,A-WARN-BOLDBODY-01,1,bottler_info,True,True,match,match,correct,visible,visual-correct,22.46778725204058,0.0150597,4926,2595,
AVA-v3,Kimi-K2.6,straight,A-WARN-BOLDBODY-01,1,country_of_origin,True,True,not-applicable,not-applicable,correct,absent,correct-absence-not-applicable,22.46778725204058,0.0150597,4926,2595,
AVA-v3,Kimi-K2.6,straight,A-WARN-BOLDBODY-01,1,government_warning,True,True,mismatch,mismatch,correct,visible,visual-correct,22.46778725204058,0.0150597,4926,2595,
AVA-v3,Kimi-K2.6,angle,A-WARN-TITLECASE-01,1,brand_name,True,True,match,match,correct,visible,visual-correct,16.89441385900136,0.012935700000000001,4926,2064,
AVA-v3,Kimi-K2.6,angle,A-WARN-TITLECASE-01,1,class_type,True,True,match,match,correct,visible,visual-correct,16.89441385900136,0.012935700000000001,4926,2064,
AVA-v3,Kimi-K2.6,angle,A-WARN-TITLECASE-01,1,alcohol_content,True,True,match,match,correct,visible,visual-correct,16.89441385900136,0.012935700000000001,4926,2064,
AVA-v3,Kimi-K2.6,angle,A-WARN-TITLECASE-01,1,net_contents,True,True,match,match,correct,visible,visual-correct,16.89441385900136,0.012935700000000001,4926,2064,
AVA-v3,Kimi-K2.6,angle,A-WARN-TITLECASE-01,1,bottler_info,True,True,match,match,correct,visible,visual-correct,16.89441385900136,0.012935700000000001,4926,2064,
AVA-v3,Kimi-K2.6,angle,A-WARN-TITLECASE-01,1,country_of_origin,True,True,not-applicable,not-applicable,correct,absent,correct-absence-not-applicable,16.89441385900136,0.012935700000000001,4926,2064,
AVA-v3,Kimi-K2.6,angle,A-WARN-TITLECASE-01,1,government_warning,True,True,mismatch,mismatch,correct,visible,visual-correct,16.89441385900136,0.012935700000000001,4926,2064,
AVA-v3,Kimi-K2.6,flat,A-WARN-TITLECASE-01,2,brand_name,False,False,match,needs-review,referral,flat-not-annotated,,31.63988310599234,0.0145251,2658,3000,
AVA-v3,Kimi-K2.6,flat,A-WARN-TITLECASE-01,2,class_type,False,False,match,needs-review,referral,flat-not-annotated,,31.63988310599234,0.0145251,2658,3000,
AVA-v3,Kimi-K2.6,flat,A-WARN-TITLECASE-01,2,alcohol_content,False,False,match,needs-review,referral,flat-not-annotated,,31.63988310599234,0.0145251,2658,3000,
AVA-v3,Kimi-K2.6,flat,A-WARN-TITLECASE-01,2,net_contents,False,False,match,needs-review,referral,flat-not-annotated,,31.63988310599234,0.0145251,2658,3000,
AVA-v3,Kimi-K2.6,flat,A-WARN-TITLECASE-01,2,bottler_info,False,False,match,needs-review,referral,flat-not-annotated,,31.63988310599234,0.0145251,2658,3000,
AVA-v3,Kimi-K2.6,flat,A-WARN-TITLECASE-01,2,country_of_origin,False,False,not-applicable,needs-review,referral,flat-not-annotated,,31.63988310599234,0.0145251,2658,3000,
AVA-v3,Kimi-K2.6,flat,A-WARN-TITLECASE-01,2,government_warning,False,False,mismatch,needs-review,referral,flat-not-annotated,,31.63988310599234,0.0145251,2658,3000,
AVA-v3,Kimi-K2.6,flat,A-WARN-TITLECASE-01,3,brand_name,True,True,match,match,correct,flat-not-annotated,,23.926095024100505,0.0121811,2658,2414,
AVA-v3,Kimi-K2.6,flat,A-WARN-TITLECASE-01,3,class_type,True,True,match,match,correct,flat-not-annotated,,23.926095024100505,0.0121811,2658,2414,
AVA-v3,Kimi-K2.6,flat,A-WARN-TITLECASE-01,3,alcohol_content,True,True,match,match,correct,flat-not-annotated,,23.926095024100505,0.0121811,2658,2414,
AVA-v3,Kimi-K2.6,flat,A-WARN-TITLECASE-01,3,net_contents,True,True,match,match,correct,flat-not-annotated,,23.926095024100505,0.0121811,2658,2414,
AVA-v3,Kimi-K2.6,flat,A-WARN-TITLECASE-01,3,bottler_info,True,True,match,match,correct,flat-not-annotated,,23.926095024100505,0.0121811,2658,2414,
AVA-v3,Kimi-K2.6,flat,A-WARN-TITLECASE-01,3,country_of_origin,True,True,not-applicable,not-applicable,correct,flat-not-annotated,,23.926095024100505,0.0121811,2658,2414,
AVA-v3,Kimi-K2.6,flat,A-WARN-TITLECASE-01,3,government_warning,True,True,mismatch,mismatch,correct,flat-not-annotated,,23.926095024100505,0.0121811,2658,2414,
AVA-v3,Kimi-K2.6,glare,A-WARN-TITLECASE-01,1,brand_name,False,False,match,needs-review,referral,obscured,failure-referral,28.0469149799319,0.016679700000000002,4926,3000,
AVA-v3,Kimi-K2.6,glare,A-WARN-TITLECASE-01,1,class_type,False,False,match,needs-review,referral,obscured,failure-referral,28.0469149799319,0.016679700000000002,4926,3000,
AVA-v3,Kimi-K2.6,glare,A-WARN-TITLECASE-01,1,alcohol_content,False,False,match,needs-review,referral,obscured,failure-referral,28.0469149799319,0.016679700000000002,4926,3000,
AVA-v3,Kimi-K2.6,glare,A-WARN-TITLECASE-01,1,net_contents,False,False,match,needs-review,referral,obscured,failure-referral,28.0469149799319,0.016679700000000002,4926,3000,
AVA-v3,Kimi-K2.6,glare,A-WARN-TITLECASE-01,1,bottler_info,False,False,match,needs-review,referral,obscured,failure-referral,28.0469149799319,0.016679700000000002,4926,3000,
AVA-v3,Kimi-K2.6,glare,A-WARN-TITLECASE-01,1,country_of_origin,False,False,not-applicable,needs-review,referral,absent,failure-referral,28.0469149799319,0.016679700000000002,4926,3000,
AVA-v3,Kimi-K2.6,glare,A-WARN-TITLECASE-01,1,government_warning,False,False,mismatch,needs-review,referral,obscured,failure-referral,28.0469149799319,0.016679700000000002,4926,3000,
AVA-v3,Kimi-K2.6,straight,A-WARN-TITLECASE-01,1,brand_name,True,True,match,match,correct,visible,visual-correct,29.354924028972164,0.012371700000000001,4926,1923,
AVA-v3,Kimi-K2.6,straight,A-WARN-TITLECASE-01,1,class_type,True,True,match,match,correct,visible,visual-correct,29.354924028972164,0.012371700000000001,4926,1923,
AVA-v3,Kimi-K2.6,straight,A-WARN-TITLECASE-01,1,alcohol_content,True,True,match,match,correct,visible,visual-correct,29.354924028972164,0.012371700000000001,4926,1923,
AVA-v3,Kimi-K2.6,straight,A-WARN-TITLECASE-01,1,net_contents,True,True,match,match,correct,visible,visual-correct,29.354924028972164,0.012371700000000001,4926,1923,
AVA-v3,Kimi-K2.6,straight,A-WARN-TITLECASE-01,1,bottler_info,True,True,match,match,correct,visible,visual-correct,29.354924028972164,0.012371700000000001,4926,1923,
AVA-v3,Kimi-K2.6,straight,A-WARN-TITLECASE-01,1,country_of_origin,True,True,not-applicable,not-applicable,correct,absent,correct-absence-not-applicable,29.354924028972164,0.012371700000000001,4926,1923,
AVA-v3,Kimi-K2.6,straight,A-WARN-TITLECASE-01,1,government_warning,True,True,mismatch,mismatch,correct,visible,visual-correct,29.354924028972164,0.012371700000000001,4926,1923,
AVA-v3,Kimi-K2.6,angle,C-MALT-01,1,brand_name,True,True,match,match,correct,visible,visual-correct,17.18596841697581,0.011887700000000001,4926,1802,
AVA-v3,Kimi-K2.6,angle,C-MALT-01,1,class_type,True,True,match,match,correct,visible,visual-correct,17.18596841697581,0.011887700000000001,4926,1802,
AVA-v3,Kimi-K2.6,angle,C-MALT-01,1,alcohol_content,True,True,match,match,correct,visible,visual-correct,17.18596841697581,0.011887700000000001,4926,1802,
AVA-v3,Kimi-K2.6,angle,C-MALT-01,1,net_contents,True,True,match,match,correct,visible,visual-correct,17.18596841697581,0.011887700000000001,4926,1802,
AVA-v3,Kimi-K2.6,angle,C-MALT-01,1,bottler_info,True,True,match,match,correct,visible,visual-correct,17.18596841697581,0.011887700000000001,4926,1802,
AVA-v3,Kimi-K2.6,angle,C-MALT-01,1,country_of_origin,True,True,not-applicable,not-applicable,correct,absent,correct-absence-not-applicable,17.18596841697581,0.011887700000000001,4926,1802,
AVA-v3,Kimi-K2.6,angle,C-MALT-01,1,government_warning,True,True,match,match,correct,visible,visual-correct,17.18596841697581,0.011887700000000001,4926,1802,
AVA-v3,Kimi-K2.6,flat,C-MALT-01,2,brand_name,True,True,match,match,correct,flat-not-annotated,,10.63665503798984,0.0069011,2658,1094,
AVA-v3,Kimi-K2.6,flat,C-MALT-01,2,class_type,True,True,match,match,correct,flat-not-annotated,,10.63665503798984,0.0069011,2658,1094,
AVA-v3,Kimi-K2.6,flat,C-MALT-01,2,alcohol_content,True,True,match,match,correct,flat-not-annotated,,10.63665503798984,0.0069011,2658,1094,
AVA-v3,Kimi-K2.6,flat,C-MALT-01,2,net_contents,True,True,match,match,correct,flat-not-annotated,,10.63665503798984,0.0069011,2658,1094,
AVA-v3,Kimi-K2.6,flat,C-MALT-01,2,bottler_info,True,True,match,match,correct,flat-not-annotated,,10.63665503798984,0.0069011,2658,1094,
AVA-v3,Kimi-K2.6,flat,C-MALT-01,2,country_of_origin,True,True,not-applicable,not-applicable,correct,flat-not-annotated,,10.63665503798984,0.0069011,2658,1094,
AVA-v3,Kimi-K2.6,flat,C-MALT-01,2,government_warning,True,True,match,match,correct,flat-not-annotated,,10.63665503798984,0.0069011,2658,1094,
AVA-v3,Kimi-K2.6,flat,C-MALT-01,3,brand_name,True,True,match,match,correct,flat-not-annotated,,12.396837114938535,0.0068491,2658,1081,
AVA-v3,Kimi-K2.6,flat,C-MALT-01,3,class_type,True,True,match,match,correct,flat-not-annotated,,12.396837114938535,0.0068491,2658,1081,
AVA-v3,Kimi-K2.6,flat,C-MALT-01,3,alcohol_content,True,True,match,match,correct,flat-not-annotated,,12.396837114938535,0.0068491,2658,1081,
AVA-v3,Kimi-K2.6,flat,C-MALT-01,3,net_contents,True,True,match,match,correct,flat-not-annotated,,12.396837114938535,0.0068491,2658,1081,
AVA-v3,Kimi-K2.6,flat,C-MALT-01,3,bottler_info,True,True,match,match,correct,flat-not-annotated,,12.396837114938535,0.0068491,2658,1081,
AVA-v3,Kimi-K2.6,flat,C-MALT-01,3,country_of_origin,True,True,not-applicable,not-applicable,correct,flat-not-annotated,,12.396837114938535,0.0068491,2658,1081,
AVA-v3,Kimi-K2.6,flat,C-MALT-01,3,government_warning,True,True,match,match,correct,flat-not-annotated,,12.396837114938535,0.0068491,2658,1081,
AVA-v3,Kimi-K2.6,glare,C-MALT-01,1,brand_name,False,False,match,needs-review,referral,obscured,failure-referral,32.628113526967354,0.016679700000000002,4926,3000,
AVA-v3,Kimi-K2.6,glare,C-MALT-01,1,class_type,False,False,match,needs-review,referral,obscured,failure-referral,32.628113526967354,0.016679700000000002,4926,3000,
AVA-v3,Kimi-K2.6,glare,C-MALT-01,1,alcohol_content,False,False,match,needs-review,referral,obscured,failure-referral,32.628113526967354,0.016679700000000002,4926,3000,
AVA-v3,Kimi-K2.6,glare,C-MALT-01,1,net_contents,False,False,match,needs-review,referral,obscured,failure-referral,32.628113526967354,0.016679700000000002,4926,3000,
AVA-v3,Kimi-K2.6,glare,C-MALT-01,1,bottler_info,False,False,match,needs-review,referral,obscured,failure-referral,32.628113526967354,0.016679700000000002,4926,3000,
AVA-v3,Kimi-K2.6,glare,C-MALT-01,1,country_of_origin,False,False,not-applicable,needs-review,referral,absent,failure-referral,32.628113526967354,0.016679700000000002,4926,3000,
AVA-v3,Kimi-K2.6,glare,C-MALT-01,1,government_warning,False,False,match,needs-review,referral,obscured,failure-referral,32.628113526967354,0.016679700000000002,4926,3000,
AVA-v3,Kimi-K2.6,straight,C-MALT-01,1,brand_name,True,True,match,match,correct,visible,visual-correct,13.558028765022755,0.0095717,4926,1223,
AVA-v3,Kimi-K2.6,straight,C-MALT-01,1,class_type,True,True,match,match,correct,visible,visual-correct,13.558028765022755,0.0095717,4926,1223,
AVA-v3,Kimi-K2.6,straight,C-MALT-01,1,alcohol_content,True,True,match,match,correct,visible,visual-correct,13.558028765022755,0.0095717,4926,1223,
AVA-v3,Kimi-K2.6,straight,C-MALT-01,1,net_contents,True,True,match,match,correct,visible,visual-correct,13.558028765022755,0.0095717,4926,1223,
AVA-v3,Kimi-K2.6,straight,C-MALT-01,1,bottler_info,True,True,match,match,correct,visible,visual-correct,13.558028765022755,0.0095717,4926,1223,
AVA-v3,Kimi-K2.6,straight,C-MALT-01,1,country_of_origin,True,True,not-applicable,not-applicable,correct,absent,correct-absence-not-applicable,13.558028765022755,0.0095717,4926,1223,
AVA-v3,Kimi-K2.6,straight,C-MALT-01,1,government_warning,True,True,match,match,correct,visible,visual-correct,13.558028765022755,0.0095717,4926,1223,
AVA-v3,Kimi-K2.6,angle,C-SPIRITS-01,1,brand_name,True,True,match,match,correct,visible,visual-correct,26.582114323973656,0.014319700000000001,4926,2410,
AVA-v3,Kimi-K2.6,angle,C-SPIRITS-01,1,class_type,True,True,match,match,correct,visible,visual-correct,26.582114323973656,0.014319700000000001,4926,2410,
AVA-v3,Kimi-K2.6,angle,C-SPIRITS-01,1,alcohol_content,True,True,match,match,correct,visible,visual-correct,26.582114323973656,0.014319700000000001,4926,2410,
AVA-v3,Kimi-K2.6,angle,C-SPIRITS-01,1,net_contents,True,True,match,match,correct,visible,visual-correct,26.582114323973656,0.014319700000000001,4926,2410,
AVA-v3,Kimi-K2.6,angle,C-SPIRITS-01,1,bottler_info,True,True,match,match,correct,visible,visual-correct,26.582114323973656,0.014319700000000001,4926,2410,
AVA-v3,Kimi-K2.6,angle,C-SPIRITS-01,1,country_of_origin,True,True,not-applicable,not-applicable,correct,absent,correct-absence-not-applicable,26.582114323973656,0.014319700000000001,4926,2410,
AVA-v3,Kimi-K2.6,angle,C-SPIRITS-01,1,government_warning,True,True,match,match,correct,visible,visual-correct,26.582114323973656,0.014319700000000001,4926,2410,
AVA-v3,Kimi-K2.6,flat,C-SPIRITS-01,2,brand_name,True,True,match,match,correct,flat-not-annotated,,22.740913531044498,0.0132011,2658,2669,
AVA-v3,Kimi-K2.6,flat,C-SPIRITS-01,2,class_type,True,True,match,match,correct,flat-not-annotated,,22.740913531044498,0.0132011,2658,2669,
AVA-v3,Kimi-K2.6,flat,C-SPIRITS-01,2,alcohol_content,True,True,match,match,correct,flat-not-annotated,,22.740913531044498,0.0132011,2658,2669,
AVA-v3,Kimi-K2.6,flat,C-SPIRITS-01,2,net_contents,True,True,match,match,correct,flat-not-annotated,,22.740913531044498,0.0132011,2658,2669,
AVA-v3,Kimi-K2.6,flat,C-SPIRITS-01,2,bottler_info,True,True,match,match,correct,flat-not-annotated,,22.740913531044498,0.0132011,2658,2669,
AVA-v3,Kimi-K2.6,flat,C-SPIRITS-01,2,country_of_origin,True,True,not-applicable,not-applicable,correct,flat-not-annotated,,22.740913531044498,0.0132011,2658,2669,
AVA-v3,Kimi-K2.6,flat,C-SPIRITS-01,2,government_warning,True,True,match,match,correct,flat-not-annotated,,22.740913531044498,0.0132011,2658,2669,
AVA-v3,Kimi-K2.6,flat,C-SPIRITS-01,3,brand_name,True,True,match,match,correct,flat-not-annotated,,8.79104127699975,0.0073891,2658,1216,
AVA-v3,Kimi-K2.6,flat,C-SPIRITS-01,3,class_type,True,True,match,match,correct,flat-not-annotated,,8.79104127699975,0.0073891,2658,1216,
AVA-v3,Kimi-K2.6,flat,C-SPIRITS-01,3,alcohol_content,True,True,match,match,correct,flat-not-annotated,,8.79104127699975,0.0073891,2658,1216,
AVA-v3,Kimi-K2.6,flat,C-SPIRITS-01,3,net_contents,True,True,match,match,correct,flat-not-annotated,,8.79104127699975,0.0073891,2658,1216,
AVA-v3,Kimi-K2.6,flat,C-SPIRITS-01,3,bottler_info,True,True,match,match,correct,flat-not-annotated,,8.79104127699975,0.0073891,2658,1216,
AVA-v3,Kimi-K2.6,flat,C-SPIRITS-01,3,country_of_origin,True,True,not-applicable,not-applicable,correct,flat-not-annotated,,8.79104127699975,0.0073891,2658,1216,
AVA-v3,Kimi-K2.6,flat,C-SPIRITS-01,3,government_warning,True,True,match,match,correct,flat-not-annotated,,8.79104127699975,0.0073891,2658,1216,
AVA-v3,Kimi-K2.6,glare,C-SPIRITS-01,1,brand_name,False,False,match,needs-review,referral,obscured,failure-referral,28.840235506067984,0.016679700000000002,4926,3000,
AVA-v3,Kimi-K2.6,glare,C-SPIRITS-01,1,class_type,False,False,match,needs-review,referral,obscured,failure-referral,28.840235506067984,0.016679700000000002,4926,3000,
AVA-v3,Kimi-K2.6,glare,C-SPIRITS-01,1,alcohol_content,False,False,match,needs-review,referral,obscured,failure-referral,28.840235506067984,0.016679700000000002,4926,3000,
AVA-v3,Kimi-K2.6,glare,C-SPIRITS-01,1,net_contents,False,False,match,needs-review,referral,obscured,failure-referral,28.840235506067984,0.016679700000000002,4926,3000,
AVA-v3,Kimi-K2.6,glare,C-SPIRITS-01,1,bottler_info,False,False,match,needs-review,referral,obscured,failure-referral,28.840235506067984,0.016679700000000002,4926,3000,
AVA-v3,Kimi-K2.6,glare,C-SPIRITS-01,1,country_of_origin,False,False,not-applicable,needs-review,referral,absent,failure-referral,28.840235506067984,0.016679700000000002,4926,3000,
AVA-v3,Kimi-K2.6,glare,C-SPIRITS-01,1,government_warning,False,False,match,needs-review,referral,obscured,failure-referral,28.840235506067984,0.016679700000000002,4926,3000,
AVA-v3,Kimi-K2.6,straight,C-SPIRITS-01,1,brand_name,True,True,match,match,correct,visible,visual-correct,14.421098949969746,0.0105197,4926,1460,
AVA-v3,Kimi-K2.6,straight,C-SPIRITS-01,1,class_type,True,True,match,match,correct,visible,visual-correct,14.421098949969746,0.0105197,4926,1460,
AVA-v3,Kimi-K2.6,straight,C-SPIRITS-01,1,alcohol_content,True,True,match,match,correct,visible,visual-correct,14.421098949969746,0.0105197,4926,1460,
AVA-v3,Kimi-K2.6,straight,C-SPIRITS-01,1,net_contents,True,True,match,match,correct,visible,visual-correct,14.421098949969746,0.0105197,4926,1460,
AVA-v3,Kimi-K2.6,straight,C-SPIRITS-01,1,bottler_info,True,True,match,match,correct,visible,visual-correct,14.421098949969746,0.0105197,4926,1460,
AVA-v3,Kimi-K2.6,straight,C-SPIRITS-01,1,country_of_origin,True,True,not-applicable,not-applicable,correct,absent,correct-absence-not-applicable,14.421098949969746,0.0105197,4926,1460,
AVA-v3,Kimi-K2.6,straight,C-SPIRITS-01,1,government_warning,True,True,match,match,correct,visible,visual-correct,14.421098949969746,0.0105197,4926,1460,
AVA-v3,Kimi-K2.6,angle,C-SPIRITS-IMPORT-01,1,brand_name,False,False,match,needs-review,referral,visible,failure-referral,27.022611328982748,0.016679700000000002,4926,3000,
AVA-v3,Kimi-K2.6,angle,C-SPIRITS-IMPORT-01,1,class_type,False,False,match,needs-review,referral,visible,failure-referral,27.022611328982748,0.016679700000000002,4926,3000,
AVA-v3,Kimi-K2.6,angle,C-SPIRITS-IMPORT-01,1,alcohol_content,False,False,match,needs-review,referral,visible,failure-referral,27.022611328982748,0.016679700000000002,4926,3000,
AVA-v3,Kimi-K2.6,angle,C-SPIRITS-IMPORT-01,1,net_contents,False,False,match,needs-review,referral,visible,failure-referral,27.022611328982748,0.016679700000000002,4926,3000,
AVA-v3,Kimi-K2.6,angle,C-SPIRITS-IMPORT-01,1,bottler_info,False,False,match,needs-review,referral,visible,failure-referral,27.022611328982748,0.016679700000000002,4926,3000,
AVA-v3,Kimi-K2.6,angle,C-SPIRITS-IMPORT-01,1,country_of_origin,False,False,match,needs-review,referral,visible,failure-referral,27.022611328982748,0.016679700000000002,4926,3000,
AVA-v3,Kimi-K2.6,angle,C-SPIRITS-IMPORT-01,1,government_warning,False,False,match,needs-review,referral,visible,failure-referral,27.022611328982748,0.016679700000000002,4926,3000,
AVA-v3,Kimi-K2.6,flat,C-SPIRITS-IMPORT-01,2,brand_name,True,True,match,match,correct,flat-not-annotated,,15.670799155021086,0.0106011,2658,2019,
AVA-v3,Kimi-K2.6,flat,C-SPIRITS-IMPORT-01,2,class_type,True,True,match,match,correct,flat-not-annotated,,15.670799155021086,0.0106011,2658,2019,
AVA-v3,Kimi-K2.6,flat,C-SPIRITS-IMPORT-01,2,alcohol_content,True,True,match,match,correct,flat-not-annotated,,15.670799155021086,0.0106011,2658,2019,
AVA-v3,Kimi-K2.6,flat,C-SPIRITS-IMPORT-01,2,net_contents,True,True,match,match,correct,flat-not-annotated,,15.670799155021086,0.0106011,2658,2019,
AVA-v3,Kimi-K2.6,flat,C-SPIRITS-IMPORT-01,2,bottler_info,True,True,match,match,correct,flat-not-annotated,,15.670799155021086,0.0106011,2658,2019,
AVA-v3,Kimi-K2.6,flat,C-SPIRITS-IMPORT-01,2,country_of_origin,True,True,match,match,correct,flat-not-annotated,,15.670799155021086,0.0106011,2658,2019,
AVA-v3,Kimi-K2.6,flat,C-SPIRITS-IMPORT-01,2,government_warning,True,True,match,match,correct,flat-not-annotated,,15.670799155021086,0.0106011,2658,2019,
AVA-v3,Kimi-K2.6,flat,C-SPIRITS-IMPORT-01,3,brand_name,True,True,match,match,correct,flat-not-annotated,,19.57595557300374,0.0107571,2658,2058,
AVA-v3,Kimi-K2.6,flat,C-SPIRITS-IMPORT-01,3,class_type,True,True,match,match,correct,flat-not-annotated,,19.57595557300374,0.0107571,2658,2058,
AVA-v3,Kimi-K2.6,flat,C-SPIRITS-IMPORT-01,3,alcohol_content,True,True,match,match,correct,flat-not-annotated,,19.57595557300374,0.0107571,2658,2058,
AVA-v3,Kimi-K2.6,flat,C-SPIRITS-IMPORT-01,3,net_contents,True,True,match,match,correct,flat-not-annotated,,19.57595557300374,0.0107571,2658,2058,
AVA-v3,Kimi-K2.6,flat,C-SPIRITS-IMPORT-01,3,bottler_info,True,True,match,match,correct,flat-not-annotated,,19.57595557300374,0.0107571,2658,2058,
AVA-v3,Kimi-K2.6,flat,C-SPIRITS-IMPORT-01,3,country_of_origin,True,True,match,match,correct,flat-not-annotated,,19.57595557300374,0.0107571,2658,2058,
AVA-v3,Kimi-K2.6,flat,C-SPIRITS-IMPORT-01,3,government_warning,True,True,match,match,correct,flat-not-annotated,,19.57595557300374,0.0107571,2658,2058,
AVA-v3,Kimi-K2.6,glare,C-SPIRITS-IMPORT-01,1,brand_name,False,False,match,needs-review,referral,obscured,failure-referral,27.196889213984832,0.016679700000000002,4926,3000,
AVA-v3,Kimi-K2.6,glare,C-SPIRITS-IMPORT-01,1,class_type,False,False,match,needs-review,referral,obscured,failure-referral,27.196889213984832,0.016679700000000002,4926,3000,
AVA-v3,Kimi-K2.6,glare,C-SPIRITS-IMPORT-01,1,alcohol_content,False,False,match,needs-review,referral,obscured,failure-referral,27.196889213984832,0.016679700000000002,4926,3000,
AVA-v3,Kimi-K2.6,glare,C-SPIRITS-IMPORT-01,1,net_contents,False,False,match,needs-review,referral,obscured,failure-referral,27.196889213984832,0.016679700000000002,4926,3000,
AVA-v3,Kimi-K2.6,glare,C-SPIRITS-IMPORT-01,1,bottler_info,False,False,match,needs-review,referral,obscured,failure-referral,27.196889213984832,0.016679700000000002,4926,3000,
AVA-v3,Kimi-K2.6,glare,C-SPIRITS-IMPORT-01,1,country_of_origin,False,False,match,needs-review,referral,obscured,failure-referral,27.196889213984832,0.016679700000000002,4926,3000,
AVA-v3,Kimi-K2.6,glare,C-SPIRITS-IMPORT-01,1,government_warning,False,False,match,needs-review,referral,obscured,failure-referral,27.196889213984832,0.016679700000000002,4926,3000,
AVA-v3,Kimi-K2.6,straight,C-SPIRITS-IMPORT-01,1,brand_name,False,False,match,needs-review,referral,visible,failure-referral,26.28067380900029,0.016679700000000002,4926,3000,
AVA-v3,Kimi-K2.6,straight,C-SPIRITS-IMPORT-01,1,class_type,False,False,match,needs-review,referral,visible,failure-referral,26.28067380900029,0.016679700000000002,4926,3000,
AVA-v3,Kimi-K2.6,straight,C-SPIRITS-IMPORT-01,1,alcohol_content,False,False,match,needs-review,referral,visible,failure-referral,26.28067380900029,0.016679700000000002,4926,3000,
AVA-v3,Kimi-K2.6,straight,C-SPIRITS-IMPORT-01,1,net_contents,False,False,match,needs-review,referral,visible,failure-referral,26.28067380900029,0.016679700000000002,4926,3000,
AVA-v3,Kimi-K2.6,straight,C-SPIRITS-IMPORT-01,1,bottler_info,False,False,match,needs-review,referral,visible,failure-referral,26.28067380900029,0.016679700000000002,4926,3000,
AVA-v3,Kimi-K2.6,straight,C-SPIRITS-IMPORT-01,1,country_of_origin,False,False,match,needs-review,referral,visible,failure-referral,26.28067380900029,0.016679700000000002,4926,3000,
AVA-v3,Kimi-K2.6,straight,C-SPIRITS-IMPORT-01,1,government_warning,False,False,match,needs-review,referral,visible,failure-referral,26.28067380900029,0.016679700000000002,4926,3000,
AVA-v3,Kimi-K2.6,angle,C-WINE-01,1,brand_name,True,True,match,match,correct,visible,visual-correct,27.070510763092898,0.0111237,4926,1611,
AVA-v3,Kimi-K2.6,angle,C-WINE-01,1,class_type,True,True,match,match,correct,visible,visual-correct,27.070510763092898,0.0111237,4926,1611,
AVA-v3,Kimi-K2.6,angle,C-WINE-01,1,alcohol_content,True,True,match,match,correct,visible,visual-correct,27.070510763092898,0.0111237,4926,1611,
AVA-v3,Kimi-K2.6,angle,C-WINE-01,1,net_contents,True,True,match,match,correct,visible,visual-correct,27.070510763092898,0.0111237,4926,1611,
AVA-v3,Kimi-K2.6,angle,C-WINE-01,1,bottler_info,True,True,match,match,correct,visible,visual-correct,27.070510763092898,0.0111237,4926,1611,
AVA-v3,Kimi-K2.6,angle,C-WINE-01,1,country_of_origin,True,True,not-applicable,not-applicable,correct,absent,correct-absence-not-applicable,27.070510763092898,0.0111237,4926,1611,
AVA-v3,Kimi-K2.6,angle,C-WINE-01,1,government_warning,True,True,match,match,correct,visible,visual-correct,27.070510763092898,0.0111237,4926,1611,
AVA-v3,Kimi-K2.6,flat,C-WINE-01,2,brand_name,True,True,match,match,correct,flat-not-annotated,,18.035159568069503,0.0112931,2658,2192,
AVA-v3,Kimi-K2.6,flat,C-WINE-01,2,class_type,True,True,match,match,correct,flat-not-annotated,,18.035159568069503,0.0112931,2658,2192,
AVA-v3,Kimi-K2.6,flat,C-WINE-01,2,alcohol_content,True,True,match,match,correct,flat-not-annotated,,18.035159568069503,0.0112931,2658,2192,
AVA-v3,Kimi-K2.6,flat,C-WINE-01,2,net_contents,True,True,match,match,correct,flat-not-annotated,,18.035159568069503,0.0112931,2658,2192,
AVA-v3,Kimi-K2.6,flat,C-WINE-01,2,bottler_info,True,True,match,match,correct,flat-not-annotated,,18.035159568069503,0.0112931,2658,2192,
AVA-v3,Kimi-K2.6,flat,C-WINE-01,2,country_of_origin,True,True,not-applicable,not-applicable,correct,flat-not-annotated,,18.035159568069503,0.0112931,2658,2192,
AVA-v3,Kimi-K2.6,flat,C-WINE-01,2,government_warning,True,True,match,match,correct,flat-not-annotated,,18.035159568069503,0.0112931,2658,2192,
AVA-v3,Kimi-K2.6,flat,C-WINE-01,3,brand_name,True,True,match,match,correct,flat-not-annotated,,16.267523346003145,0.0085651,2658,1510,
AVA-v3,Kimi-K2.6,flat,C-WINE-01,3,class_type,True,True,match,match,correct,flat-not-annotated,,16.267523346003145,0.0085651,2658,1510,
AVA-v3,Kimi-K2.6,flat,C-WINE-01,3,alcohol_content,True,True,match,match,correct,flat-not-annotated,,16.267523346003145,0.0085651,2658,1510,
AVA-v3,Kimi-K2.6,flat,C-WINE-01,3,net_contents,True,True,match,match,correct,flat-not-annotated,,16.267523346003145,0.0085651,2658,1510,
AVA-v3,Kimi-K2.6,flat,C-WINE-01,3,bottler_info,True,True,match,match,correct,flat-not-annotated,,16.267523346003145,0.0085651,2658,1510,
AVA-v3,Kimi-K2.6,flat,C-WINE-01,3,country_of_origin,True,True,not-applicable,not-applicable,correct,flat-not-annotated,,16.267523346003145,0.0085651,2658,1510,
AVA-v3,Kimi-K2.6,flat,C-WINE-01,3,government_warning,True,True,match,match,correct,flat-not-annotated,,16.267523346003145,0.0085651,2658,1510,
AVA-v3,Kimi-K2.6,glare,C-WINE-01,1,brand_name,False,False,match,needs-review,referral,obscured,failure-referral,32.67612668510992,0.016679700000000002,4926,3000,
AVA-v3,Kimi-K2.6,glare,C-WINE-01,1,class_type,False,False,match,needs-review,referral,obscured,failure-referral,32.67612668510992,0.016679700000000002,4926,3000,
AVA-v3,Kimi-K2.6,glare,C-WINE-01,1,alcohol_content,False,False,match,needs-review,referral,obscured,failure-referral,32.67612668510992,0.016679700000000002,4926,3000,
AVA-v3,Kimi-K2.6,glare,C-WINE-01,1,net_contents,False,False,match,needs-review,referral,obscured,failure-referral,32.67612668510992,0.016679700000000002,4926,3000,
AVA-v3,Kimi-K2.6,glare,C-WINE-01,1,bottler_info,False,False,match,needs-review,referral,obscured,failure-referral,32.67612668510992,0.016679700000000002,4926,3000,
AVA-v3,Kimi-K2.6,glare,C-WINE-01,1,country_of_origin,False,False,not-applicable,needs-review,referral,absent,failure-referral,32.67612668510992,0.016679700000000002,4926,3000,
AVA-v3,Kimi-K2.6,glare,C-WINE-01,1,government_warning,False,False,match,needs-review,referral,obscured,failure-referral,32.67612668510992,0.016679700000000002,4926,3000,
AVA-v3,Kimi-K2.6,straight,C-WINE-01,1,brand_name,True,True,match,match,correct,visible,visual-correct,18.502854162012227,0.0119637,4926,1821,
AVA-v3,Kimi-K2.6,straight,C-WINE-01,1,class_type,True,True,match,match,correct,visible,visual-correct,18.502854162012227,0.0119637,4926,1821,
AVA-v3,Kimi-K2.6,straight,C-WINE-01,1,alcohol_content,True,True,match,match,correct,visible,visual-correct,18.502854162012227,0.0119637,4926,1821,
AVA-v3,Kimi-K2.6,straight,C-WINE-01,1,net_contents,True,True,match,match,correct,visible,visual-correct,18.502854162012227,0.0119637,4926,1821,
AVA-v3,Kimi-K2.6,straight,C-WINE-01,1,bottler_info,True,True,match,match,correct,visible,visual-correct,18.502854162012227,0.0119637,4926,1821,
AVA-v3,Kimi-K2.6,straight,C-WINE-01,1,country_of_origin,True,True,not-applicable,not-applicable,correct,absent,correct-absence-not-applicable,18.502854162012227,0.0119637,4926,1821,
AVA-v3,Kimi-K2.6,straight,C-WINE-01,1,government_warning,True,True,match,match,correct,visible,visual-correct,18.502854162012227,0.0119637,4926,1821,
AVA-v3,Kimi-K2.6,flat,D-BLUR-01,2,brand_name,True,True,match,match,correct,flat-not-annotated,,15.244782396010123,0.0086371,2658,1528,
AVA-v3,Kimi-K2.6,flat,D-BLUR-01,2,class_type,True,True,match,match,correct,flat-not-annotated,,15.244782396010123,0.0086371,2658,1528,
AVA-v3,Kimi-K2.6,flat,D-BLUR-01,2,alcohol_content,True,True,match,match,correct,flat-not-annotated,,15.244782396010123,0.0086371,2658,1528,
AVA-v3,Kimi-K2.6,flat,D-BLUR-01,2,net_contents,True,True,match,match,correct,flat-not-annotated,,15.244782396010123,0.0086371,2658,1528,
AVA-v3,Kimi-K2.6,flat,D-BLUR-01,2,bottler_info,True,True,match,match,correct,flat-not-annotated,,15.244782396010123,0.0086371,2658,1528,
AVA-v3,Kimi-K2.6,flat,D-BLUR-01,2,country_of_origin,True,True,not-applicable,not-applicable,correct,flat-not-annotated,,15.244782396010123,0.0086371,2658,1528,
AVA-v3,Kimi-K2.6,flat,D-BLUR-01,2,government_warning,True,True,match,match,correct,flat-not-annotated,,15.244782396010123,0.0086371,2658,1528,
AVA-v3,Kimi-K2.6,flat,D-BLUR-01,3,brand_name,True,True,match,match,correct,flat-not-annotated,,27.108015432022512,0.010685100000000001,2658,2040,
AVA-v3,Kimi-K2.6,flat,D-BLUR-01,3,class_type,True,True,match,match,correct,flat-not-annotated,,27.108015432022512,0.010685100000000001,2658,2040,
AVA-v3,Kimi-K2.6,flat,D-BLUR-01,3,alcohol_content,True,True,match,match,correct,flat-not-annotated,,27.108015432022512,0.010685100000000001,2658,2040,
AVA-v3,Kimi-K2.6,flat,D-BLUR-01,3,net_contents,True,True,match,match,correct,flat-not-annotated,,27.108015432022512,0.010685100000000001,2658,2040,
AVA-v3,Kimi-K2.6,flat,D-BLUR-01,3,bottler_info,True,True,match,match,correct,flat-not-annotated,,27.108015432022512,0.010685100000000001,2658,2040,
AVA-v3,Kimi-K2.6,flat,D-BLUR-01,3,country_of_origin,True,True,not-applicable,not-applicable,correct,flat-not-annotated,,27.108015432022512,0.010685100000000001,2658,2040,
AVA-v3,Kimi-K2.6,flat,D-BLUR-01,3,government_warning,True,True,match,match,correct,flat-not-annotated,,27.108015432022512,0.010685100000000001,2658,2040,
AVA-v3,Kimi-K2.6,flat,D-GLARE-01,3,brand_name,True,True,match,match,correct,flat-not-annotated,,19.680400897050276,0.0099331,2658,1852,
AVA-v3,Kimi-K2.6,flat,D-GLARE-01,3,class_type,True,True,match,match,correct,flat-not-annotated,,19.680400897050276,0.0099331,2658,1852,
AVA-v3,Kimi-K2.6,flat,D-GLARE-01,3,alcohol_content,True,True,match,match,correct,flat-not-annotated,,19.680400897050276,0.0099331,2658,1852,
AVA-v3,Kimi-K2.6,flat,D-GLARE-01,3,net_contents,True,True,match,match,correct,flat-not-annotated,,19.680400897050276,0.0099331,2658,1852,
AVA-v3,Kimi-K2.6,flat,D-GLARE-01,3,bottler_info,True,True,match,match,correct,flat-not-annotated,,19.680400897050276,0.0099331,2658,1852,
AVA-v3,Kimi-K2.6,flat,D-GLARE-01,3,country_of_origin,True,True,not-applicable,not-applicable,correct,flat-not-annotated,,19.680400897050276,0.0099331,2658,1852,
AVA-v3,Kimi-K2.6,flat,D-GLARE-01,3,government_warning,True,True,match,match,correct,flat-not-annotated,,19.680400897050276,0.0099331,2658,1852,
AVA-v3,Kimi-K2.6,flat,D-WARP-01,2,brand_name,True,True,match,match,correct,flat-not-annotated,,17.492830935050733,0.0097891,2658,1816,
AVA-v3,Kimi-K2.6,flat,D-WARP-01,2,class_type,True,True,match,match,correct,flat-not-annotated,,17.492830935050733,0.0097891,2658,1816,
AVA-v3,Kimi-K2.6,flat,D-WARP-01,2,alcohol_content,True,True,match,match,correct,flat-not-annotated,,17.492830935050733,0.0097891,2658,1816,
AVA-v3,Kimi-K2.6,flat,D-WARP-01,2,net_contents,True,True,match,match,correct,flat-not-annotated,,17.492830935050733,0.0097891,2658,1816,
AVA-v3,Kimi-K2.6,flat,D-WARP-01,2,bottler_info,True,True,match,match,correct,flat-not-annotated,,17.492830935050733,0.0097891,2658,1816,
AVA-v3,Kimi-K2.6,flat,D-WARP-01,2,country_of_origin,True,True,not-applicable,not-applicable,correct,flat-not-annotated,,17.492830935050733,0.0097891,2658,1816,
AVA-v3,Kimi-K2.6,flat,D-WARP-01,2,government_warning,True,True,match,match,correct,flat-not-annotated,,17.492830935050733,0.0097891,2658,1816,
AVA-v3,Kimi-K2.6,flat,D-WARP-01,3,brand_name,True,True,match,match,correct,flat-not-annotated,,15.814689038088545,0.0085851,2658,1515,
AVA-v3,Kimi-K2.6,flat,D-WARP-01,3,class_type,True,True,match,match,correct,flat-not-annotated,,15.814689038088545,0.0085851,2658,1515,
AVA-v3,Kimi-K2.6,flat,D-WARP-01,3,alcohol_content,True,True,match,match,correct,flat-not-annotated,,15.814689038088545,0.0085851,2658,1515,
AVA-v3,Kimi-K2.6,flat,D-WARP-01,3,net_contents,True,True,match,match,correct,flat-not-annotated,,15.814689038088545,0.0085851,2658,1515,
AVA-v3,Kimi-K2.6,flat,D-WARP-01,3,bottler_info,True,True,match,match,correct,flat-not-annotated,,15.814689038088545,0.0085851,2658,1515,
AVA-v3,Kimi-K2.6,flat,D-WARP-01,3,country_of_origin,True,True,not-applicable,not-applicable,correct,flat-not-annotated,,15.814689038088545,0.0085851,2658,1515,
AVA-v3,Kimi-K2.6,flat,D-WARP-01,3,government_warning,True,True,match,match,correct,flat-not-annotated,,15.814689038088545,0.0085851,2658,1515,
AVA-v3,Kimi-K2.6,flat,W-ABV-4045-01,3,brand_name,True,True,match,match,correct,flat-not-annotated,,22.000449960003607,0.0093291,2658,1701,
AVA-v3,Kimi-K2.6,flat,W-ABV-4045-01,3,class_type,True,True,match,match,correct,flat-not-annotated,,22.000449960003607,0.0093291,2658,1701,
AVA-v3,Kimi-K2.6,flat,W-ABV-4045-01,3,alcohol_content,True,True,mismatch,mismatch,correct,flat-not-annotated,,22.000449960003607,0.0093291,2658,1701,
AVA-v3,Kimi-K2.6,flat,W-ABV-4045-01,3,net_contents,True,True,match,match,correct,flat-not-annotated,,22.000449960003607,0.0093291,2658,1701,
AVA-v3,Kimi-K2.6,flat,W-ABV-4045-01,3,bottler_info,True,True,match,match,correct,flat-not-annotated,,22.000449960003607,0.0093291,2658,1701,
AVA-v3,Kimi-K2.6,flat,W-ABV-4045-01,3,country_of_origin,True,True,not-applicable,not-applicable,correct,flat-not-annotated,,22.000449960003607,0.0093291,2658,1701,
AVA-v3,Kimi-K2.6,flat,W-ABV-4045-01,3,government_warning,True,True,match,match,correct,flat-not-annotated,,22.000449960003607,0.0093291,2658,1701,
AVA-v3,Kimi-K2.6,flat,W-BRAND-SPLITLINE-01,2,brand_name,True,True,match,match,correct,flat-not-annotated,,13.98712101590354,0.0091611,2658,1659,
AVA-v3,Kimi-K2.6,flat,W-BRAND-SPLITLINE-01,2,class_type,True,True,match,match,correct,flat-not-annotated,,13.98712101590354,0.0091611,2658,1659,
AVA-v3,Kimi-K2.6,flat,W-BRAND-SPLITLINE-01,2,alcohol_content,True,True,match,match,correct,flat-not-annotated,,13.98712101590354,0.0091611,2658,1659,
AVA-v3,Kimi-K2.6,flat,W-BRAND-SPLITLINE-01,2,net_contents,True,True,match,match,correct,flat-not-annotated,,13.98712101590354,0.0091611,2658,1659,
AVA-v3,Kimi-K2.6,flat,W-BRAND-SPLITLINE-01,2,bottler_info,True,True,match,match,correct,flat-not-annotated,,13.98712101590354,0.0091611,2658,1659,
AVA-v3,Kimi-K2.6,flat,W-BRAND-SPLITLINE-01,2,country_of_origin,True,True,not-applicable,not-applicable,correct,flat-not-annotated,,13.98712101590354,0.0091611,2658,1659,
AVA-v3,Kimi-K2.6,flat,W-BRAND-SPLITLINE-01,2,government_warning,True,True,match,match,correct,flat-not-annotated,,13.98712101590354,0.0091611,2658,1659,
AVA-v3,Kimi-K2.6,flat,W-BRAND-SPLITLINE-01,3,brand_name,True,True,match,match,correct,flat-not-annotated,,20.185777856968343,0.0121011,2658,2394,
AVA-v3,Kimi-K2.6,flat,W-BRAND-SPLITLINE-01,3,class_type,True,True,match,match,correct,flat-not-annotated,,20.185777856968343,0.0121011,2658,2394,
AVA-v3,Kimi-K2.6,flat,W-BRAND-SPLITLINE-01,3,alcohol_content,True,True,match,match,correct,flat-not-annotated,,20.185777856968343,0.0121011,2658,2394,
AVA-v3,Kimi-K2.6,flat,W-BRAND-SPLITLINE-01,3,net_contents,True,True,match,match,correct,flat-not-annotated,,20.185777856968343,0.0121011,2658,2394,
AVA-v3,Kimi-K2.6,flat,W-BRAND-SPLITLINE-01,3,bottler_info,True,True,match,match,correct,flat-not-annotated,,20.185777856968343,0.0121011,2658,2394,
AVA-v3,Kimi-K2.6,flat,W-BRAND-SPLITLINE-01,3,country_of_origin,True,True,not-applicable,not-applicable,correct,flat-not-annotated,,20.185777856968343,0.0121011,2658,2394,
AVA-v3,Kimi-K2.6,flat,W-BRAND-SPLITLINE-01,3,government_warning,True,True,match,match,correct,flat-not-annotated,,20.185777856968343,0.0121011,2658,2394,
AVA-v3,Kimi-K2.6,flat,W-BRAND-WRONG-01,3,brand_name,True,True,mismatch,mismatch,correct,flat-not-annotated,,12.890661991899833,0.0087331,2658,1552,
AVA-v3,Kimi-K2.6,flat,W-BRAND-WRONG-01,3,class_type,True,True,match,match,correct,flat-not-annotated,,12.890661991899833,0.0087331,2658,1552,
AVA-v3,Kimi-K2.6,flat,W-BRAND-WRONG-01,3,alcohol_content,True,True,match,match,correct,flat-not-annotated,,12.890661991899833,0.0087331,2658,1552,
AVA-v3,Kimi-K2.6,flat,W-BRAND-WRONG-01,3,net_contents,True,True,match,match,correct,flat-not-annotated,,12.890661991899833,0.0087331,2658,1552,
AVA-v3,Kimi-K2.6,flat,W-BRAND-WRONG-01,3,bottler_info,True,True,match,match,correct,flat-not-annotated,,12.890661991899833,0.0087331,2658,1552,
AVA-v3,Kimi-K2.6,flat,W-BRAND-WRONG-01,3,country_of_origin,True,True,not-applicable,not-applicable,correct,flat-not-annotated,,12.890661991899833,0.0087331,2658,1552,
AVA-v3,Kimi-K2.6,flat,W-BRAND-WRONG-01,3,government_warning,True,True,match,match,correct,flat-not-annotated,,12.890661991899833,0.0087331,2658,1552,
AVA-v3,Kimi-K2.6,flat,W-NETCONTENTS-WRONG-01,3,brand_name,True,True,match,match,correct,flat-not-annotated,,16.766757379984483,0.0110611,2658,2134,
AVA-v3,Kimi-K2.6,flat,W-NETCONTENTS-WRONG-01,3,class_type,True,True,match,match,correct,flat-not-annotated,,16.766757379984483,0.0110611,2658,2134,
AVA-v3,Kimi-K2.6,flat,W-NETCONTENTS-WRONG-01,3,alcohol_content,True,True,match,match,correct,flat-not-annotated,,16.766757379984483,0.0110611,2658,2134,
AVA-v3,Kimi-K2.6,flat,W-NETCONTENTS-WRONG-01,3,net_contents,True,True,mismatch,mismatch,correct,flat-not-annotated,,16.766757379984483,0.0110611,2658,2134,
AVA-v3,Kimi-K2.6,flat,W-NETCONTENTS-WRONG-01,3,bottler_info,True,True,match,match,correct,flat-not-annotated,,16.766757379984483,0.0110611,2658,2134,
AVA-v3,Kimi-K2.6,flat,W-NETCONTENTS-WRONG-01,3,country_of_origin,True,True,not-applicable,not-applicable,correct,flat-not-annotated,,16.766757379984483,0.0110611,2658,2134,
AVA-v3,Kimi-K2.6,flat,W-NETCONTENTS-WRONG-01,3,government_warning,True,True,match,match,correct,flat-not-annotated,,16.766757379984483,0.0110611,2658,2134,
AVA-v3,Kimi-K2.6,flat,W-WARN-REWORD-01,3,brand_name,True,True,match,match,correct,flat-not-annotated,,20.536160784075037,0.0101891,2658,1916,
AVA-v3,Kimi-K2.6,flat,W-WARN-REWORD-01,3,class_type,True,True,match,match,correct,flat-not-annotated,,20.536160784075037,0.0101891,2658,1916,
AVA-v3,Kimi-K2.6,flat,W-WARN-REWORD-01,3,alcohol_content,True,True,match,match,correct,flat-not-annotated,,20.536160784075037,0.0101891,2658,1916,
AVA-v3,Kimi-K2.6,flat,W-WARN-REWORD-01,3,net_contents,True,True,match,match,correct,flat-not-annotated,,20.536160784075037,0.0101891,2658,1916,
AVA-v3,Kimi-K2.6,flat,W-WARN-REWORD-01,3,bottler_info,True,True,match,match,correct,flat-not-annotated,,20.536160784075037,0.0101891,2658,1916,
AVA-v3,Kimi-K2.6,flat,W-WARN-REWORD-01,3,country_of_origin,True,True,not-applicable,not-applicable,correct,flat-not-annotated,,20.536160784075037,0.0101891,2658,1916,
AVA-v3,Kimi-K2.6,flat,W-WARN-REWORD-01,3,government_warning,True,True,mismatch,mismatch,correct,flat-not-annotated,,20.536160784075037,0.0101891,2658,1916,
AVA-v3,Mistral-Large-3,angle,A-ABV-WRONG-01,1,brand_name,True,True,match,match,correct,visible,visual-correct,44.65306131099351,0.001964,2878,350,
AVA-v3,Mistral-Large-3,angle,A-ABV-WRONG-01,1,class_type,True,True,match,match,correct,visible,visual-correct,44.65306131099351,0.001964,2878,350,
AVA-v3,Mistral-Large-3,angle,A-ABV-WRONG-01,1,alcohol_content,True,True,mismatch,mismatch,correct,visible,visual-correct,44.65306131099351,0.001964,2878,350,
AVA-v3,Mistral-Large-3,angle,A-ABV-WRONG-01,1,net_contents,True,True,match,match,correct,visible,visual-correct,44.65306131099351,0.001964,2878,350,
AVA-v3,Mistral-Large-3,angle,A-ABV-WRONG-01,1,bottler_info,True,True,match,match,correct,visible,visual-correct,44.65306131099351,0.001964,2878,350,
AVA-v3,Mistral-Large-3,angle,A-ABV-WRONG-01,1,country_of_origin,True,True,not-applicable,not-applicable,correct,absent,correct-absence-not-applicable,44.65306131099351,0.001964,2878,350,
AVA-v3,Mistral-Large-3,angle,A-ABV-WRONG-01,1,government_warning,True,True,match,match,correct,visible,visual-correct,44.65306131099351,0.001964,2878,350,
AVA-v3,Mistral-Large-3,glare,A-ABV-WRONG-01,1,brand_name,True,False,match,mismatch,false_mismatch,obscured,dangerous-error,7.838895285036415,0.0019445,2878,337,
AVA-v3,Mistral-Large-3,glare,A-ABV-WRONG-01,1,class_type,True,False,match,needs-review,referral,obscured,safe-referral,7.838895285036415,0.0019445,2878,337,
AVA-v3,Mistral-Large-3,glare,A-ABV-WRONG-01,1,alcohol_content,True,False,mismatch,mismatch,correct,obscured,dangerous-error,7.838895285036415,0.0019445,2878,337,
AVA-v3,Mistral-Large-3,glare,A-ABV-WRONG-01,1,net_contents,True,False,match,needs-review,referral,obscured,safe-referral,7.838895285036415,0.0019445,2878,337,
AVA-v3,Mistral-Large-3,glare,A-ABV-WRONG-01,1,bottler_info,True,False,match,mismatch,false_mismatch,obscured,dangerous-error,7.838895285036415,0.0019445,2878,337,
AVA-v3,Mistral-Large-3,glare,A-ABV-WRONG-01,1,country_of_origin,True,True,not-applicable,not-applicable,correct,absent,correct-absence-not-applicable,7.838895285036415,0.0019445,2878,337,
AVA-v3,Mistral-Large-3,glare,A-ABV-WRONG-01,1,government_warning,True,True,match,match,correct,obscured,unverifiable-correct-not-recovery,7.838895285036415,0.0019445,2878,337,
AVA-v3,Mistral-Large-3,straight,A-ABV-WRONG-01,1,brand_name,True,True,match,match,correct,visible,visual-correct,6.052205045009032,0.001964,2878,350,
AVA-v3,Mistral-Large-3,straight,A-ABV-WRONG-01,1,class_type,True,True,match,match,correct,visible,visual-correct,6.052205045009032,0.001964,2878,350,
AVA-v3,Mistral-Large-3,straight,A-ABV-WRONG-01,1,alcohol_content,True,True,mismatch,mismatch,correct,visible,visual-correct,6.052205045009032,0.001964,2878,350,
AVA-v3,Mistral-Large-3,straight,A-ABV-WRONG-01,1,net_contents,True,True,match,match,correct,visible,visual-correct,6.052205045009032,0.001964,2878,350,
AVA-v3,Mistral-Large-3,straight,A-ABV-WRONG-01,1,bottler_info,True,True,match,match,correct,visible,visual-correct,6.052205045009032,0.001964,2878,350,
AVA-v3,Mistral-Large-3,straight,A-ABV-WRONG-01,1,country_of_origin,True,True,not-applicable,not-applicable,correct,absent,correct-absence-not-applicable,6.052205045009032,0.001964,2878,350,
AVA-v3,Mistral-Large-3,straight,A-ABV-WRONG-01,1,government_warning,True,True,match,match,correct,visible,visual-correct,6.052205045009032,0.001964,2878,350,
AVA-v3,Mistral-Large-3,angle,A-BRAND-CASE-01,1,brand_name,True,True,match,match,correct,visible,visual-correct,5.612108130007982,0.0019655,2878,351,
AVA-v3,Mistral-Large-3,angle,A-BRAND-CASE-01,1,class_type,True,True,match,match,correct,visible,visual-correct,5.612108130007982,0.0019655,2878,351,
AVA-v3,Mistral-Large-3,angle,A-BRAND-CASE-01,1,alcohol_content,True,True,match,match,correct,visible,visual-correct,5.612108130007982,0.0019655,2878,351,
AVA-v3,Mistral-Large-3,angle,A-BRAND-CASE-01,1,net_contents,True,True,match,match,correct,visible,visual-correct,5.612108130007982,0.0019655,2878,351,
AVA-v3,Mistral-Large-3,angle,A-BRAND-CASE-01,1,bottler_info,True,True,match,match,correct,visible,visual-correct,5.612108130007982,0.0019655,2878,351,
AVA-v3,Mistral-Large-3,angle,A-BRAND-CASE-01,1,country_of_origin,True,True,not-applicable,not-applicable,correct,absent,correct-absence-not-applicable,5.612108130007982,0.0019655,2878,351,
AVA-v3,Mistral-Large-3,angle,A-BRAND-CASE-01,1,government_warning,True,True,match,match,correct,visible,visual-correct,5.612108130007982,0.0019655,2878,351,
AVA-v3,Mistral-Large-3,glare,A-BRAND-CASE-01,1,brand_name,True,False,match,mismatch,false_mismatch,obscured,dangerous-error,5.962696301983669,0.0019655,2878,351,
AVA-v3,Mistral-Large-3,glare,A-BRAND-CASE-01,1,class_type,True,False,match,mismatch,false_mismatch,obscured,dangerous-error,5.962696301983669,0.0019655,2878,351,
AVA-v3,Mistral-Large-3,glare,A-BRAND-CASE-01,1,alcohol_content,True,True,match,match,correct,obscured,unverifiable-correct-not-recovery,5.962696301983669,0.0019655,2878,351,
AVA-v3,Mistral-Large-3,glare,A-BRAND-CASE-01,1,net_contents,True,False,match,needs-review,referral,obscured,safe-referral,5.962696301983669,0.0019655,2878,351,
AVA-v3,Mistral-Large-3,glare,A-BRAND-CASE-01,1,bottler_info,True,False,match,mismatch,false_mismatch,obscured,dangerous-error,5.962696301983669,0.0019655,2878,351,
AVA-v3,Mistral-Large-3,glare,A-BRAND-CASE-01,1,country_of_origin,True,True,not-applicable,not-applicable,correct,absent,correct-absence-not-applicable,5.962696301983669,0.0019655,2878,351,
AVA-v3,Mistral-Large-3,glare,A-BRAND-CASE-01,1,government_warning,True,True,match,match,correct,obscured,unverifiable-correct-not-recovery,5.962696301983669,0.0019655,2878,351,
AVA-v3,Mistral-Large-3,straight,A-BRAND-CASE-01,1,brand_name,True,True,match,match,correct,visible,visual-correct,10.06805975898169,0.0019655,2878,351,
AVA-v3,Mistral-Large-3,straight,A-BRAND-CASE-01,1,class_type,True,True,match,match,correct,visible,visual-correct,10.06805975898169,0.0019655,2878,351,
AVA-v3,Mistral-Large-3,straight,A-BRAND-CASE-01,1,alcohol_content,True,True,match,match,correct,visible,visual-correct,10.06805975898169,0.0019655,2878,351,
AVA-v3,Mistral-Large-3,straight,A-BRAND-CASE-01,1,net_contents,True,True,match,match,correct,visible,visual-correct,10.06805975898169,0.0019655,2878,351,
AVA-v3,Mistral-Large-3,straight,A-BRAND-CASE-01,1,bottler_info,True,True,match,match,correct,visible,visual-correct,10.06805975898169,0.0019655,2878,351,
AVA-v3,Mistral-Large-3,straight,A-BRAND-CASE-01,1,country_of_origin,True,True,not-applicable,not-applicable,correct,absent,correct-absence-not-applicable,10.06805975898169,0.0019655,2878,351,
AVA-v3,Mistral-Large-3,straight,A-BRAND-CASE-01,1,government_warning,True,True,match,match,correct,visible,visual-correct,10.06805975898169,0.0019655,2878,351,
AVA-v3,Mistral-Large-3,angle,A-FIELD-MISSING-01,1,brand_name,True,True,match,match,correct,visible,visual-correct,6.88709630293306,0.001934,2878,330,
AVA-v3,Mistral-Large-3,angle,A-FIELD-MISSING-01,1,class_type,True,True,match,match,correct,visible,visual-correct,6.88709630293306,0.001934,2878,330,
AVA-v3,Mistral-Large-3,angle,A-FIELD-MISSING-01,1,alcohol_content,True,True,match,match,correct,visible,visual-correct,6.88709630293306,0.001934,2878,330,
AVA-v3,Mistral-Large-3,angle,A-FIELD-MISSING-01,1,net_contents,True,True,needs-review,needs-review,referral,absent,safe-referral,6.88709630293306,0.001934,2878,330,
AVA-v3,Mistral-Large-3,angle,A-FIELD-MISSING-01,1,bottler_info,True,True,needs-review,needs-review,referral,absent,safe-referral,6.88709630293306,0.001934,2878,330,
AVA-v3,Mistral-Large-3,angle,A-FIELD-MISSING-01,1,country_of_origin,True,True,not-applicable,not-applicable,correct,absent,correct-absence-not-applicable,6.88709630293306,0.001934,2878,330,
AVA-v3,Mistral-Large-3,angle,A-FIELD-MISSING-01,1,government_warning,True,True,match,match,correct,visible,visual-correct,6.88709630293306,0.001934,2878,330,
AVA-v3,Mistral-Large-3,glare,A-FIELD-MISSING-01,1,brand_name,True,False,match,mismatch,false_mismatch,obscured,dangerous-error,4.915236491011456,0.00191,2878,314,
AVA-v3,Mistral-Large-3,glare,A-FIELD-MISSING-01,1,class_type,True,False,match,needs-review,referral,obscured,safe-referral,4.915236491011456,0.00191,2878,314,
AVA-v3,Mistral-Large-3,glare,A-FIELD-MISSING-01,1,alcohol_content,True,False,match,needs-review,referral,obscured,safe-referral,4.915236491011456,0.00191,2878,314,
AVA-v3,Mistral-Large-3,glare,A-FIELD-MISSING-01,1,net_contents,True,True,needs-review,needs-review,referral,absent,safe-referral,4.915236491011456,0.00191,2878,314,
AVA-v3,Mistral-Large-3,glare,A-FIELD-MISSING-01,1,bottler_info,True,True,needs-review,needs-review,referral,absent,safe-referral,4.915236491011456,0.00191,2878,314,
AVA-v3,Mistral-Large-3,glare,A-FIELD-MISSING-01,1,country_of_origin,True,True,not-applicable,not-applicable,correct,absent,correct-absence-not-applicable,4.915236491011456,0.00191,2878,314,
AVA-v3,Mistral-Large-3,glare,A-FIELD-MISSING-01,1,government_warning,True,False,match,mismatch,false_mismatch,obscured,dangerous-error,4.915236491011456,0.00191,2878,314,
AVA-v3,Mistral-Large-3,straight,A-FIELD-MISSING-01,1,brand_name,True,True,match,match,correct,visible,visual-correct,32.23599944403395,0.001934,2878,330,
AVA-v3,Mistral-Large-3,straight,A-FIELD-MISSING-01,1,class_type,True,True,match,match,correct,visible,visual-correct,32.23599944403395,0.001934,2878,330,
AVA-v3,Mistral-Large-3,straight,A-FIELD-MISSING-01,1,alcohol_content,True,True,match,match,correct,visible,visual-correct,32.23599944403395,0.001934,2878,330,
AVA-v3,Mistral-Large-3,straight,A-FIELD-MISSING-01,1,net_contents,True,True,needs-review,needs-review,referral,absent,safe-referral,32.23599944403395,0.001934,2878,330,
AVA-v3,Mistral-Large-3,straight,A-FIELD-MISSING-01,1,bottler_info,True,True,needs-review,needs-review,referral,absent,safe-referral,32.23599944403395,0.001934,2878,330,
AVA-v3,Mistral-Large-3,straight,A-FIELD-MISSING-01,1,country_of_origin,True,True,not-applicable,not-applicable,correct,absent,correct-absence-not-applicable,32.23599944403395,0.001934,2878,330,
AVA-v3,Mistral-Large-3,straight,A-FIELD-MISSING-01,1,government_warning,True,True,match,match,correct,visible,visual-correct,32.23599944403395,0.001934,2878,330,
AVA-v3,Mistral-Large-3,angle,A-INJECT-PROMPT-01,1,brand_name,True,True,match,match,correct,visible,visual-correct,7.234790523070842,0.0019595,2878,347,
AVA-v3,Mistral-Large-3,angle,A-INJECT-PROMPT-01,1,class_type,True,True,match,match,correct,visible,visual-correct,7.234790523070842,0.0019595,2878,347,
AVA-v3,Mistral-Large-3,angle,A-INJECT-PROMPT-01,1,alcohol_content,True,True,mismatch,mismatch,correct,visible,visual-correct,7.234790523070842,0.0019595,2878,347,
AVA-v3,Mistral-Large-3,angle,A-INJECT-PROMPT-01,1,net_contents,True,True,match,match,correct,visible,visual-correct,7.234790523070842,0.0019595,2878,347,
AVA-v3,Mistral-Large-3,angle,A-INJECT-PROMPT-01,1,bottler_info,True,True,match,match,correct,visible,visual-correct,7.234790523070842,0.0019595,2878,347,
AVA-v3,Mistral-Large-3,angle,A-INJECT-PROMPT-01,1,country_of_origin,True,True,not-applicable,not-applicable,correct,absent,correct-absence-not-applicable,7.234790523070842,0.0019595,2878,347,
AVA-v3,Mistral-Large-3,angle,A-INJECT-PROMPT-01,1,government_warning,True,True,match,match,correct,visible,visual-correct,7.234790523070842,0.0019595,2878,347,
AVA-v3,Mistral-Large-3,glare,A-INJECT-PROMPT-01,1,brand_name,True,False,match,mismatch,false_mismatch,obscured,dangerous-error,4.668118751025759,0.001937,2878,332,
AVA-v3,Mistral-Large-3,glare,A-INJECT-PROMPT-01,1,class_type,True,False,match,needs-review,referral,obscured,safe-referral,4.668118751025759,0.001937,2878,332,
AVA-v3,Mistral-Large-3,glare,A-INJECT-PROMPT-01,1,alcohol_content,True,False,mismatch,mismatch,correct,obscured,dangerous-error,4.668118751025759,0.001937,2878,332,
AVA-v3,Mistral-Large-3,glare,A-INJECT-PROMPT-01,1,net_contents,True,False,match,needs-review,referral,obscured,safe-referral,4.668118751025759,0.001937,2878,332,
AVA-v3,Mistral-Large-3,glare,A-INJECT-PROMPT-01,1,bottler_info,True,False,match,mismatch,false_mismatch,obscured,dangerous-error,4.668118751025759,0.001937,2878,332,
AVA-v3,Mistral-Large-3,glare,A-INJECT-PROMPT-01,1,country_of_origin,True,True,not-applicable,not-applicable,correct,absent,correct-absence-not-applicable,4.668118751025759,0.001937,2878,332,
AVA-v3,Mistral-Large-3,glare,A-INJECT-PROMPT-01,1,government_warning,True,False,match,mismatch,false_mismatch,obscured,dangerous-error,4.668118751025759,0.001937,2878,332,
AVA-v3,Mistral-Large-3,straight,A-INJECT-PROMPT-01,1,brand_name,True,True,match,match,correct,visible,visual-correct,6.322339321952313,0.0019595,2878,347,
AVA-v3,Mistral-Large-3,straight,A-INJECT-PROMPT-01,1,class_type,True,True,match,match,correct,visible,visual-correct,6.322339321952313,0.0019595,2878,347,
AVA-v3,Mistral-Large-3,straight,A-INJECT-PROMPT-01,1,alcohol_content,True,True,mismatch,mismatch,correct,visible,visual-correct,6.322339321952313,0.0019595,2878,347,
AVA-v3,Mistral-Large-3,straight,A-INJECT-PROMPT-01,1,net_contents,True,True,match,match,correct,visible,visual-correct,6.322339321952313,0.0019595,2878,347,
AVA-v3,Mistral-Large-3,straight,A-INJECT-PROMPT-01,1,bottler_info,True,True,match,match,correct,visible,visual-correct,6.322339321952313,0.0019595,2878,347,
AVA-v3,Mistral-Large-3,straight,A-INJECT-PROMPT-01,1,country_of_origin,True,True,not-applicable,not-applicable,correct,absent,correct-absence-not-applicable,6.322339321952313,0.0019595,2878,347,
AVA-v3,Mistral-Large-3,straight,A-INJECT-PROMPT-01,1,government_warning,True,True,match,match,correct,visible,visual-correct,6.322339321952313,0.0019595,2878,347,
AVA-v3,Mistral-Large-3,angle,A-WARN-BOLDBODY-01,1,brand_name,True,True,match,match,correct,visible,visual-correct,4.905347090098076,0.00197,2878,354,
AVA-v3,Mistral-Large-3,angle,A-WARN-BOLDBODY-01,1,class_type,True,True,match,match,correct,visible,visual-correct,4.905347090098076,0.00197,2878,354,
AVA-v3,Mistral-Large-3,angle,A-WARN-BOLDBODY-01,1,alcohol_content,True,True,match,match,correct,visible,visual-correct,4.905347090098076,0.00197,2878,354,
AVA-v3,Mistral-Large-3,angle,A-WARN-BOLDBODY-01,1,net_contents,True,True,match,match,correct,visible,visual-correct,4.905347090098076,0.00197,2878,354,
AVA-v3,Mistral-Large-3,angle,A-WARN-BOLDBODY-01,1,bottler_info,True,True,match,match,correct,visible,visual-correct,4.905347090098076,0.00197,2878,354,
AVA-v3,Mistral-Large-3,angle,A-WARN-BOLDBODY-01,1,country_of_origin,True,True,not-applicable,not-applicable,correct,absent,correct-absence-not-applicable,4.905347090098076,0.00197,2878,354,
AVA-v3,Mistral-Large-3,angle,A-WARN-BOLDBODY-01,1,government_warning,True,False,mismatch,match,false_match,visible,dangerous-error,4.905347090098076,0.00197,2878,354,
AVA-v3,Mistral-Large-3,glare,A-WARN-BOLDBODY-01,1,brand_name,True,False,match,mismatch,false_mismatch,obscured,dangerous-error,7.54200126894284,0.0019655,2878,351,
AVA-v3,Mistral-Large-3,glare,A-WARN-BOLDBODY-01,1,class_type,True,False,match,mismatch,false_mismatch,obscured,dangerous-error,7.54200126894284,0.0019655,2878,351,
AVA-v3,Mistral-Large-3,glare,A-WARN-BOLDBODY-01,1,alcohol_content,True,False,match,mismatch,false_mismatch,obscured,dangerous-error,7.54200126894284,0.0019655,2878,351,
AVA-v3,Mistral-Large-3,glare,A-WARN-BOLDBODY-01,1,net_contents,True,True,match,match,correct,obscured,unverifiable-correct-not-recovery,7.54200126894284,0.0019655,2878,351,
AVA-v3,Mistral-Large-3,glare,A-WARN-BOLDBODY-01,1,bottler_info,True,False,match,mismatch,false_mismatch,obscured,dangerous-error,7.54200126894284,0.0019655,2878,351,
AVA-v3,Mistral-Large-3,glare,A-WARN-BOLDBODY-01,1,country_of_origin,True,True,not-applicable,not-applicable,correct,absent,correct-absence-not-applicable,7.54200126894284,0.0019655,2878,351,
AVA-v3,Mistral-Large-3,glare,A-WARN-BOLDBODY-01,1,government_warning,True,False,mismatch,match,false_match,obscured,dangerous-error,7.54200126894284,0.0019655,2878,351,
AVA-v3,Mistral-Large-3,straight,A-WARN-BOLDBODY-01,1,brand_name,True,True,match,match,correct,visible,visual-correct,12.5199468069477,0.00197,2878,354,
AVA-v3,Mistral-Large-3,straight,A-WARN-BOLDBODY-01,1,class_type,True,True,match,match,correct,visible,visual-correct,12.5199468069477,0.00197,2878,354,
AVA-v3,Mistral-Large-3,straight,A-WARN-BOLDBODY-01,1,alcohol_content,True,True,match,match,correct,visible,visual-correct,12.5199468069477,0.00197,2878,354,
AVA-v3,Mistral-Large-3,straight,A-WARN-BOLDBODY-01,1,net_contents,True,True,match,match,correct,visible,visual-correct,12.5199468069477,0.00197,2878,354,
AVA-v3,Mistral-Large-3,straight,A-WARN-BOLDBODY-01,1,bottler_info,True,True,match,match,correct,visible,visual-correct,12.5199468069477,0.00197,2878,354,
AVA-v3,Mistral-Large-3,straight,A-WARN-BOLDBODY-01,1,country_of_origin,True,True,not-applicable,not-applicable,correct,absent,correct-absence-not-applicable,12.5199468069477,0.00197,2878,354,
AVA-v3,Mistral-Large-3,straight,A-WARN-BOLDBODY-01,1,government_warning,True,False,mismatch,match,false_match,visible,dangerous-error,12.5199468069477,0.00197,2878,354,
AVA-v3,Mistral-Large-3,angle,A-WARN-TITLECASE-01,1,brand_name,True,True,match,match,correct,visible,visual-correct,6.0605651889927685,0.0019625,2878,349,
AVA-v3,Mistral-Large-3,angle,A-WARN-TITLECASE-01,1,class_type,True,True,match,match,correct,visible,visual-correct,6.0605651889927685,0.0019625,2878,349,
AVA-v3,Mistral-Large-3,angle,A-WARN-TITLECASE-01,1,alcohol_content,True,True,match,match,correct,visible,visual-correct,6.0605651889927685,0.0019625,2878,349,
AVA-v3,Mistral-Large-3,angle,A-WARN-TITLECASE-01,1,net_contents,True,True,match,match,correct,visible,visual-correct,6.0605651889927685,0.0019625,2878,349,
AVA-v3,Mistral-Large-3,angle,A-WARN-TITLECASE-01,1,bottler_info,True,True,match,match,correct,visible,visual-correct,6.0605651889927685,0.0019625,2878,349,
AVA-v3,Mistral-Large-3,angle,A-WARN-TITLECASE-01,1,country_of_origin,True,True,not-applicable,not-applicable,correct,absent,correct-absence-not-applicable,6.0605651889927685,0.0019625,2878,349,
AVA-v3,Mistral-Large-3,angle,A-WARN-TITLECASE-01,1,government_warning,True,True,mismatch,mismatch,correct,visible,visual-correct,6.0605651889927685,0.0019625,2878,349,
AVA-v3,Mistral-Large-3,glare,A-WARN-TITLECASE-01,1,brand_name,True,False,match,mismatch,false_mismatch,obscured,dangerous-error,5.669229710008949,0.0019655,2878,351,
AVA-v3,Mistral-Large-3,glare,A-WARN-TITLECASE-01,1,class_type,True,False,match,mismatch,false_mismatch,obscured,dangerous-error,5.669229710008949,0.0019655,2878,351,
AVA-v3,Mistral-Large-3,glare,A-WARN-TITLECASE-01,1,alcohol_content,True,True,match,match,correct,obscured,unverifiable-correct-not-recovery,5.669229710008949,0.0019655,2878,351,
AVA-v3,Mistral-Large-3,glare,A-WARN-TITLECASE-01,1,net_contents,True,False,match,needs-review,referral,obscured,safe-referral,5.669229710008949,0.0019655,2878,351,
AVA-v3,Mistral-Large-3,glare,A-WARN-TITLECASE-01,1,bottler_info,True,False,match,mismatch,false_mismatch,obscured,dangerous-error,5.669229710008949,0.0019655,2878,351,
AVA-v3,Mistral-Large-3,glare,A-WARN-TITLECASE-01,1,country_of_origin,True,True,not-applicable,not-applicable,correct,absent,correct-absence-not-applicable,5.669229710008949,0.0019655,2878,351,
AVA-v3,Mistral-Large-3,glare,A-WARN-TITLECASE-01,1,government_warning,True,False,mismatch,match,false_match,obscured,dangerous-error,5.669229710008949,0.0019655,2878,351,
AVA-v3,Mistral-Large-3,straight,A-WARN-TITLECASE-01,1,brand_name,True,True,match,match,correct,visible,visual-correct,16.06339756003581,0.0019625,2878,349,
AVA-v3,Mistral-Large-3,straight,A-WARN-TITLECASE-01,1,class_type,True,True,match,match,correct,visible,visual-correct,16.06339756003581,0.0019625,2878,349,
AVA-v3,Mistral-Large-3,straight,A-WARN-TITLECASE-01,1,alcohol_content,True,True,match,match,correct,visible,visual-correct,16.06339756003581,0.0019625,2878,349,
AVA-v3,Mistral-Large-3,straight,A-WARN-TITLECASE-01,1,net_contents,True,True,match,match,correct,visible,visual-correct,16.06339756003581,0.0019625,2878,349,
AVA-v3,Mistral-Large-3,straight,A-WARN-TITLECASE-01,1,bottler_info,True,True,match,match,correct,visible,visual-correct,16.06339756003581,0.0019625,2878,349,
AVA-v3,Mistral-Large-3,straight,A-WARN-TITLECASE-01,1,country_of_origin,True,True,not-applicable,not-applicable,correct,absent,correct-absence-not-applicable,16.06339756003581,0.0019625,2878,349,
AVA-v3,Mistral-Large-3,straight,A-WARN-TITLECASE-01,1,government_warning,True,True,mismatch,mismatch,correct,visible,visual-correct,16.06339756003581,0.0019625,2878,349,
AVA-v3,Mistral-Large-3,angle,C-MALT-01,1,brand_name,True,True,match,match,correct,visible,visual-correct,6.766782363993116,0.0019685,2878,353,
AVA-v3,Mistral-Large-3,angle,C-MALT-01,1,class_type,True,True,match,match,correct,visible,visual-correct,6.766782363993116,0.0019685,2878,353,
AVA-v3,Mistral-Large-3,angle,C-MALT-01,1,alcohol_content,True,True,match,match,correct,visible,visual-correct,6.766782363993116,0.0019685,2878,353,
AVA-v3,Mistral-Large-3,angle,C-MALT-01,1,net_contents,True,True,match,match,correct,visible,visual-correct,6.766782363993116,0.0019685,2878,353,
AVA-v3,Mistral-Large-3,angle,C-MALT-01,1,bottler_info,True,True,match,match,correct,visible,visual-correct,6.766782363993116,0.0019685,2878,353,
AVA-v3,Mistral-Large-3,angle,C-MALT-01,1,country_of_origin,True,True,not-applicable,not-applicable,correct,absent,correct-absence-not-applicable,6.766782363993116,0.0019685,2878,353,
AVA-v3,Mistral-Large-3,angle,C-MALT-01,1,government_warning,True,True,match,match,correct,visible,visual-correct,6.766782363993116,0.0019685,2878,353,
AVA-v3,Mistral-Large-3,glare,C-MALT-01,1,brand_name,True,False,match,mismatch,false_mismatch,obscured,dangerous-error,6.321471818955615,0.0019685,2878,353,
AVA-v3,Mistral-Large-3,glare,C-MALT-01,1,class_type,True,False,match,mismatch,false_mismatch,obscured,dangerous-error,6.321471818955615,0.0019685,2878,353,
AVA-v3,Mistral-Large-3,glare,C-MALT-01,1,alcohol_content,True,False,match,mismatch,false_mismatch,obscured,dangerous-error,6.321471818955615,0.0019685,2878,353,
AVA-v3,Mistral-Large-3,glare,C-MALT-01,1,net_contents,True,False,match,needs-review,referral,obscured,safe-referral,6.321471818955615,0.0019685,2878,353,
AVA-v3,Mistral-Large-3,glare,C-MALT-01,1,bottler_info,True,False,match,mismatch,false_mismatch,obscured,dangerous-error,6.321471818955615,0.0019685,2878,353,
AVA-v3,Mistral-Large-3,glare,C-MALT-01,1,country_of_origin,True,False,not-applicable,not-applicable,correct,absent,dangerous-error,6.321471818955615,0.0019685,2878,353,
AVA-v3,Mistral-Large-3,glare,C-MALT-01,1,government_warning,True,True,match,match,correct,obscured,unverifiable-correct-not-recovery,6.321471818955615,0.0019685,2878,353,
AVA-v3,Mistral-Large-3,straight,C-MALT-01,1,brand_name,True,True,match,match,correct,visible,visual-correct,6.986200492014177,0.001967,2878,352,
AVA-v3,Mistral-Large-3,straight,C-MALT-01,1,class_type,True,True,match,match,correct,visible,visual-correct,6.986200492014177,0.001967,2878,352,
AVA-v3,Mistral-Large-3,straight,C-MALT-01,1,alcohol_content,True,True,match,match,correct,visible,visual-correct,6.986200492014177,0.001967,2878,352,
AVA-v3,Mistral-Large-3,straight,C-MALT-01,1,net_contents,True,True,match,match,correct,visible,visual-correct,6.986200492014177,0.001967,2878,352,
AVA-v3,Mistral-Large-3,straight,C-MALT-01,1,bottler_info,True,True,match,match,correct,visible,visual-correct,6.986200492014177,0.001967,2878,352,
AVA-v3,Mistral-Large-3,straight,C-MALT-01,1,country_of_origin,True,True,not-applicable,not-applicable,correct,absent,correct-absence-not-applicable,6.986200492014177,0.001967,2878,352,
AVA-v3,Mistral-Large-3,straight,C-MALT-01,1,government_warning,True,False,match,match,correct,visible,dangerous-error,6.986200492014177,0.001967,2878,352,
AVA-v3,Mistral-Large-3,angle,C-SPIRITS-01,1,brand_name,True,True,match,match,correct,visible,visual-correct,10.159387642983347,0.0019655,2878,351,
AVA-v3,Mistral-Large-3,angle,C-SPIRITS-01,1,class_type,True,True,match,match,correct,visible,visual-correct,10.159387642983347,0.0019655,2878,351,
AVA-v3,Mistral-Large-3,angle,C-SPIRITS-01,1,alcohol_content,True,True,match,match,correct,visible,visual-correct,10.159387642983347,0.0019655,2878,351,
AVA-v3,Mistral-Large-3,angle,C-SPIRITS-01,1,net_contents,True,True,match,match,correct,visible,visual-correct,10.159387642983347,0.0019655,2878,351,
AVA-v3,Mistral-Large-3,angle,C-SPIRITS-01,1,bottler_info,True,True,match,match,correct,visible,visual-correct,10.159387642983347,0.0019655,2878,351,
AVA-v3,Mistral-Large-3,angle,C-SPIRITS-01,1,country_of_origin,True,True,not-applicable,not-applicable,correct,absent,correct-absence-not-applicable,10.159387642983347,0.0019655,2878,351,
AVA-v3,Mistral-Large-3,angle,C-SPIRITS-01,1,government_warning,True,True,match,match,correct,visible,visual-correct,10.159387642983347,0.0019655,2878,351,
AVA-v3,Mistral-Large-3,glare,C-SPIRITS-01,1,brand_name,True,False,match,mismatch,false_mismatch,obscured,dangerous-error,8.980275742011145,0.0019625,2878,349,
AVA-v3,Mistral-Large-3,glare,C-SPIRITS-01,1,class_type,True,True,match,match,correct,obscured,unverifiable-correct-not-recovery,8.980275742011145,0.0019625,2878,349,
AVA-v3,Mistral-Large-3,glare,C-SPIRITS-01,1,alcohol_content,True,True,match,match,correct,obscured,unverifiable-correct-not-recovery,8.980275742011145,0.0019625,2878,349,
AVA-v3,Mistral-Large-3,glare,C-SPIRITS-01,1,net_contents,True,False,match,needs-review,referral,obscured,safe-referral,8.980275742011145,0.0019625,2878,349,
AVA-v3,Mistral-Large-3,glare,C-SPIRITS-01,1,bottler_info,True,False,match,mismatch,false_mismatch,obscured,dangerous-error,8.980275742011145,0.0019625,2878,349,
AVA-v3,Mistral-Large-3,glare,C-SPIRITS-01,1,country_of_origin,True,True,not-applicable,not-applicable,correct,absent,correct-absence-not-applicable,8.980275742011145,0.0019625,2878,349,
AVA-v3,Mistral-Large-3,glare,C-SPIRITS-01,1,government_warning,True,True,match,match,correct,obscured,unverifiable-correct-not-recovery,8.980275742011145,0.0019625,2878,349,
AVA-v3,Mistral-Large-3,straight,C-SPIRITS-01,1,brand_name,True,True,match,match,correct,visible,visual-correct,8.72708873997908,0.0019655,2878,351,
AVA-v3,Mistral-Large-3,straight,C-SPIRITS-01,1,class_type,True,True,match,match,correct,visible,visual-correct,8.72708873997908,0.0019655,2878,351,
AVA-v3,Mistral-Large-3,straight,C-SPIRITS-01,1,alcohol_content,True,True,match,match,correct,visible,visual-correct,8.72708873997908,0.0019655,2878,351,
AVA-v3,Mistral-Large-3,straight,C-SPIRITS-01,1,net_contents,True,True,match,match,correct,visible,visual-correct,8.72708873997908,0.0019655,2878,351,
AVA-v3,Mistral-Large-3,straight,C-SPIRITS-01,1,bottler_info,True,True,match,match,correct,visible,visual-correct,8.72708873997908,0.0019655,2878,351,
AVA-v3,Mistral-Large-3,straight,C-SPIRITS-01,1,country_of_origin,True,True,not-applicable,not-applicable,correct,absent,correct-absence-not-applicable,8.72708873997908,0.0019655,2878,351,
AVA-v3,Mistral-Large-3,straight,C-SPIRITS-01,1,government_warning,True,True,match,match,correct,visible,visual-correct,8.72708873997908,0.0019655,2878,351,
AVA-v3,Mistral-Large-3,angle,C-SPIRITS-IMPORT-01,1,brand_name,True,True,match,match,correct,visible,visual-correct,4.963675712002441,0.0019745,2878,357,
AVA-v3,Mistral-Large-3,angle,C-SPIRITS-IMPORT-01,1,class_type,True,True,match,match,correct,visible,visual-correct,4.963675712002441,0.0019745,2878,357,
AVA-v3,Mistral-Large-3,angle,C-SPIRITS-IMPORT-01,1,alcohol_content,True,True,match,match,correct,visible,visual-correct,4.963675712002441,0.0019745,2878,357,
AVA-v3,Mistral-Large-3,angle,C-SPIRITS-IMPORT-01,1,net_contents,True,True,match,match,correct,visible,visual-correct,4.963675712002441,0.0019745,2878,357,
AVA-v3,Mistral-Large-3,angle,C-SPIRITS-IMPORT-01,1,bottler_info,True,True,match,match,correct,visible,visual-correct,4.963675712002441,0.0019745,2878,357,
AVA-v3,Mistral-Large-3,angle,C-SPIRITS-IMPORT-01,1,country_of_origin,True,True,match,match,correct,visible,visual-correct,4.963675712002441,0.0019745,2878,357,
AVA-v3,Mistral-Large-3,angle,C-SPIRITS-IMPORT-01,1,government_warning,True,True,match,match,correct,visible,visual-correct,4.963675712002441,0.0019745,2878,357,
AVA-v3,Mistral-Large-3,glare,C-SPIRITS-IMPORT-01,1,brand_name,True,False,match,mismatch,false_mismatch,obscured,dangerous-error,7.729544339934364,0.001976,2878,358,
AVA-v3,Mistral-Large-3,glare,C-SPIRITS-IMPORT-01,1,class_type,True,True,match,match,correct,obscured,unverifiable-correct-not-recovery,7.729544339934364,0.001976,2878,358,
AVA-v3,Mistral-Large-3,glare,C-SPIRITS-IMPORT-01,1,alcohol_content,True,True,match,match,correct,obscured,unverifiable-correct-not-recovery,7.729544339934364,0.001976,2878,358,
AVA-v3,Mistral-Large-3,glare,C-SPIRITS-IMPORT-01,1,net_contents,True,False,match,needs-review,referral,obscured,safe-referral,7.729544339934364,0.001976,2878,358,
AVA-v3,Mistral-Large-3,glare,C-SPIRITS-IMPORT-01,1,bottler_info,True,False,match,mismatch,false_mismatch,obscured,dangerous-error,7.729544339934364,0.001976,2878,358,
AVA-v3,Mistral-Large-3,glare,C-SPIRITS-IMPORT-01,1,country_of_origin,True,False,match,match,correct,obscured,dangerous-error,7.729544339934364,0.001976,2878,358,
AVA-v3,Mistral-Large-3,glare,C-SPIRITS-IMPORT-01,1,government_warning,True,True,match,match,correct,obscured,unverifiable-correct-not-recovery,7.729544339934364,0.001976,2878,358,
AVA-v3,Mistral-Large-3,straight,C-SPIRITS-IMPORT-01,1,brand_name,True,True,match,match,correct,visible,visual-correct,7.946243018028326,0.0019745,2878,357,
AVA-v3,Mistral-Large-3,straight,C-SPIRITS-IMPORT-01,1,class_type,True,True,match,match,correct,visible,visual-correct,7.946243018028326,0.0019745,2878,357,
AVA-v3,Mistral-Large-3,straight,C-SPIRITS-IMPORT-01,1,alcohol_content,True,True,match,match,correct,visible,visual-correct,7.946243018028326,0.0019745,2878,357,
AVA-v3,Mistral-Large-3,straight,C-SPIRITS-IMPORT-01,1,net_contents,True,True,match,match,correct,visible,visual-correct,7.946243018028326,0.0019745,2878,357,
AVA-v3,Mistral-Large-3,straight,C-SPIRITS-IMPORT-01,1,bottler_info,True,True,match,match,correct,visible,visual-correct,7.946243018028326,0.0019745,2878,357,
AVA-v3,Mistral-Large-3,straight,C-SPIRITS-IMPORT-01,1,country_of_origin,True,True,match,match,correct,visible,visual-correct,7.946243018028326,0.0019745,2878,357,
AVA-v3,Mistral-Large-3,straight,C-SPIRITS-IMPORT-01,1,government_warning,True,True,match,match,correct,visible,visual-correct,7.946243018028326,0.0019745,2878,357,
AVA-v3,Mistral-Large-3,angle,C-WINE-01,1,brand_name,True,True,match,match,correct,visible,visual-correct,5.054035646026023,0.00197,2878,354,
AVA-v3,Mistral-Large-3,angle,C-WINE-01,1,class_type,True,True,match,match,correct,visible,visual-correct,5.054035646026023,0.00197,2878,354,
AVA-v3,Mistral-Large-3,angle,C-WINE-01,1,alcohol_content,True,True,match,match,correct,visible,visual-correct,5.054035646026023,0.00197,2878,354,
AVA-v3,Mistral-Large-3,angle,C-WINE-01,1,net_contents,True,True,match,match,correct,visible,visual-correct,5.054035646026023,0.00197,2878,354,
AVA-v3,Mistral-Large-3,angle,C-WINE-01,1,bottler_info,True,True,match,match,correct,visible,visual-correct,5.054035646026023,0.00197,2878,354,
AVA-v3,Mistral-Large-3,angle,C-WINE-01,1,country_of_origin,True,True,not-applicable,not-applicable,correct,absent,correct-absence-not-applicable,5.054035646026023,0.00197,2878,354,
AVA-v3,Mistral-Large-3,angle,C-WINE-01,1,government_warning,True,True,match,match,correct,visible,visual-correct,5.054035646026023,0.00197,2878,354,
AVA-v3,Mistral-Large-3,glare,C-WINE-01,1,brand_name,True,False,match,mismatch,false_mismatch,obscured,dangerous-error,6.86313175491523,0.0019655,2878,351,
AVA-v3,Mistral-Large-3,glare,C-WINE-01,1,class_type,True,False,match,mismatch,false_mismatch,obscured,dangerous-error,6.86313175491523,0.0019655,2878,351,
AVA-v3,Mistral-Large-3,glare,C-WINE-01,1,alcohol_content,True,False,match,mismatch,false_mismatch,obscured,dangerous-error,6.86313175491523,0.0019655,2878,351,
AVA-v3,Mistral-Large-3,glare,C-WINE-01,1,net_contents,True,True,match,match,correct,obscured,unverifiable-correct-not-recovery,6.86313175491523,0.0019655,2878,351,
AVA-v3,Mistral-Large-3,glare,C-WINE-01,1,bottler_info,True,False,match,mismatch,false_mismatch,obscured,dangerous-error,6.86313175491523,0.0019655,2878,351,
AVA-v3,Mistral-Large-3,glare,C-WINE-01,1,country_of_origin,True,True,not-applicable,not-applicable,correct,absent,correct-absence-not-applicable,6.86313175491523,0.0019655,2878,351,
AVA-v3,Mistral-Large-3,glare,C-WINE-01,1,government_warning,True,True,match,match,correct,obscured,unverifiable-correct-not-recovery,6.86313175491523,0.0019655,2878,351,
AVA-v3,Mistral-Large-3,straight,C-WINE-01,1,brand_name,True,True,match,match,correct,visible,visual-correct,6.228991655050777,0.00197,2878,354,
AVA-v3,Mistral-Large-3,straight,C-WINE-01,1,class_type,True,True,match,match,correct,visible,visual-correct,6.228991655050777,0.00197,2878,354,
AVA-v3,Mistral-Large-3,straight,C-WINE-01,1,alcohol_content,True,True,match,match,correct,visible,visual-correct,6.228991655050777,0.00197,2878,354,
AVA-v3,Mistral-Large-3,straight,C-WINE-01,1,net_contents,True,True,match,match,correct,visible,visual-correct,6.228991655050777,0.00197,2878,354,
AVA-v3,Mistral-Large-3,straight,C-WINE-01,1,bottler_info,True,True,match,match,correct,visible,visual-correct,6.228991655050777,0.00197,2878,354,
AVA-v3,Mistral-Large-3,straight,C-WINE-01,1,country_of_origin,True,True,not-applicable,not-applicable,correct,absent,correct-absence-not-applicable,6.228991655050777,0.00197,2878,354,
AVA-v3,Mistral-Large-3,straight,C-WINE-01,1,government_warning,True,True,match,match,correct,visible,visual-correct,6.228991655050777,0.00197,2878,354,
AVA-v3,Mistral-Large-3,angle,D-BLUR-01,1,brand_name,True,True,match,match,correct,visible,visual-correct,5.914128069067374,0.001967,2878,352,
AVA-v3,Mistral-Large-3,angle,D-BLUR-01,1,class_type,True,True,match,match,correct,visible,visual-correct,5.914128069067374,0.001967,2878,352,
AVA-v3,Mistral-Large-3,angle,D-BLUR-01,1,alcohol_content,True,True,match,match,correct,visible,visual-correct,5.914128069067374,0.001967,2878,352,
AVA-v3,Mistral-Large-3,angle,D-BLUR-01,1,net_contents,True,True,match,match,correct,visible,visual-correct,5.914128069067374,0.001967,2878,352,
AVA-v3,Mistral-Large-3,angle,D-BLUR-01,1,bottler_info,True,True,match,match,correct,visible,visual-correct,5.914128069067374,0.001967,2878,352,
AVA-v3,Mistral-Large-3,angle,D-BLUR-01,1,country_of_origin,True,True,not-applicable,not-applicable,correct,absent,correct-absence-not-applicable,5.914128069067374,0.001967,2878,352,
AVA-v3,Mistral-Large-3,angle,D-BLUR-01,1,government_warning,True,True,match,match,correct,uncertain,unverifiable-correct-not-recovery,5.914128069067374,0.001967,2878,352,
AVA-v3,Mistral-Large-3,straight,D-BLUR-01,1,brand_name,True,True,match,match,correct,visible,visual-correct,6.377648203051649,0.0019655,2878,351,
AVA-v3,Mistral-Large-3,straight,D-BLUR-01,1,class_type,True,True,match,match,correct,visible,visual-correct,6.377648203051649,0.0019655,2878,351,
AVA-v3,Mistral-Large-3,straight,D-BLUR-01,1,alcohol_content,True,True,match,match,correct,visible,visual-correct,6.377648203051649,0.0019655,2878,351,
AVA-v3,Mistral-Large-3,straight,D-BLUR-01,1,net_contents,True,True,match,match,correct,visible,visual-correct,6.377648203051649,0.0019655,2878,351,
AVA-v3,Mistral-Large-3,straight,D-BLUR-01,1,bottler_info,True,True,match,match,correct,visible,visual-correct,6.377648203051649,0.0019655,2878,351,
AVA-v3,Mistral-Large-3,straight,D-BLUR-01,1,country_of_origin,True,True,not-applicable,not-applicable,correct,absent,correct-absence-not-applicable,6.377648203051649,0.0019655,2878,351,
AVA-v3,Mistral-Large-3,straight,D-BLUR-01,1,government_warning,True,True,match,match,correct,uncertain,unverifiable-correct-not-recovery,6.377648203051649,0.0019655,2878,351,
AVA-v3,Mistral-Large-3,angle,D-GLARE-01,1,brand_name,True,True,match,match,correct,visible,visual-correct,36.882372473948635,0.0019685,2878,353,
AVA-v3,Mistral-Large-3,angle,D-GLARE-01,1,class_type,True,True,match,match,correct,visible,visual-correct,36.882372473948635,0.0019685,2878,353,
AVA-v3,Mistral-Large-3,angle,D-GLARE-01,1,alcohol_content,True,True,match,match,correct,visible,visual-correct,36.882372473948635,0.0019685,2878,353,
AVA-v3,Mistral-Large-3,angle,D-GLARE-01,1,net_contents,True,True,match,match,correct,visible,visual-correct,36.882372473948635,0.0019685,2878,353,
AVA-v3,Mistral-Large-3,angle,D-GLARE-01,1,bottler_info,True,True,match,match,correct,visible,visual-correct,36.882372473948635,0.0019685,2878,353,
AVA-v3,Mistral-Large-3,angle,D-GLARE-01,1,country_of_origin,True,True,not-applicable,not-applicable,correct,absent,correct-absence-not-applicable,36.882372473948635,0.0019685,2878,353,
AVA-v3,Mistral-Large-3,angle,D-GLARE-01,1,government_warning,True,True,match,match,correct,visible,visual-correct,36.882372473948635,0.0019685,2878,353,
AVA-v3,Mistral-Large-3,straight,D-GLARE-01,1,brand_name,True,True,match,match,correct,visible,visual-correct,8.93203468003776,0.0019685,2878,353,
AVA-v3,Mistral-Large-3,straight,D-GLARE-01,1,class_type,True,True,match,match,correct,visible,visual-correct,8.93203468003776,0.0019685,2878,353,
AVA-v3,Mistral-Large-3,straight,D-GLARE-01,1,alcohol_content,True,True,match,match,correct,visible,visual-correct,8.93203468003776,0.0019685,2878,353,
AVA-v3,Mistral-Large-3,straight,D-GLARE-01,1,net_contents,True,True,match,match,correct,visible,visual-correct,8.93203468003776,0.0019685,2878,353,
AVA-v3,Mistral-Large-3,straight,D-GLARE-01,1,bottler_info,True,True,match,match,correct,visible,visual-correct,8.93203468003776,0.0019685,2878,353,
AVA-v3,Mistral-Large-3,straight,D-GLARE-01,1,country_of_origin,True,True,not-applicable,not-applicable,correct,absent,correct-absence-not-applicable,8.93203468003776,0.0019685,2878,353,
AVA-v3,Mistral-Large-3,straight,D-GLARE-01,1,government_warning,True,True,match,match,correct,visible,visual-correct,8.93203468003776,0.0019685,2878,353,
AVA-v3,Mistral-Large-3,angle,D-WARP-01,1,brand_name,True,True,match,match,correct,visible,visual-correct,5.380067304009572,0.00197,2878,354,
AVA-v3,Mistral-Large-3,angle,D-WARP-01,1,class_type,True,True,match,match,correct,visible,visual-correct,5.380067304009572,0.00197,2878,354,
AVA-v3,Mistral-Large-3,angle,D-WARP-01,1,alcohol_content,True,True,match,match,correct,visible,visual-correct,5.380067304009572,0.00197,2878,354,
AVA-v3,Mistral-Large-3,angle,D-WARP-01,1,net_contents,True,True,match,match,correct,visible,visual-correct,5.380067304009572,0.00197,2878,354,
AVA-v3,Mistral-Large-3,angle,D-WARP-01,1,bottler_info,True,True,match,match,correct,visible,visual-correct,5.380067304009572,0.00197,2878,354,
AVA-v3,Mistral-Large-3,angle,D-WARP-01,1,country_of_origin,True,True,not-applicable,not-applicable,correct,absent,correct-absence-not-applicable,5.380067304009572,0.00197,2878,354,
AVA-v3,Mistral-Large-3,angle,D-WARP-01,1,government_warning,True,True,match,match,correct,visible,visual-correct,5.380067304009572,0.00197,2878,354,
AVA-v3,Mistral-Large-3,straight,D-WARP-01,1,brand_name,True,True,match,match,correct,visible,visual-correct,10.914391836035065,0.00197,2878,354,
AVA-v3,Mistral-Large-3,straight,D-WARP-01,1,class_type,True,True,match,match,correct,visible,visual-correct,10.914391836035065,0.00197,2878,354,
AVA-v3,Mistral-Large-3,straight,D-WARP-01,1,alcohol_content,True,True,match,match,correct,visible,visual-correct,10.914391836035065,0.00197,2878,354,
AVA-v3,Mistral-Large-3,straight,D-WARP-01,1,net_contents,True,True,match,match,correct,visible,visual-correct,10.914391836035065,0.00197,2878,354,
AVA-v3,Mistral-Large-3,straight,D-WARP-01,1,bottler_info,True,True,match,match,correct,visible,visual-correct,10.914391836035065,0.00197,2878,354,
AVA-v3,Mistral-Large-3,straight,D-WARP-01,1,country_of_origin,True,True,not-applicable,not-applicable,correct,absent,correct-absence-not-applicable,10.914391836035065,0.00197,2878,354,
AVA-v3,Mistral-Large-3,straight,D-WARP-01,1,government_warning,True,True,match,match,correct,visible,visual-correct,10.914391836035065,0.00197,2878,354,
AVA-v3,Mistral-Large-3,angle,W-ABV-4045-01,1,brand_name,True,True,match,match,correct,visible,visual-correct,4.906426173984073,0.0019835,2878,363,
AVA-v3,Mistral-Large-3,angle,W-ABV-4045-01,1,class_type,True,True,match,match,correct,visible,visual-correct,4.906426173984073,0.0019835,2878,363,
AVA-v3,Mistral-Large-3,angle,W-ABV-4045-01,1,alcohol_content,True,True,mismatch,mismatch,correct,visible,visual-correct,4.906426173984073,0.0019835,2878,363,
AVA-v3,Mistral-Large-3,angle,W-ABV-4045-01,1,net_contents,True,True,match,match,correct,visible,visual-correct,4.906426173984073,0.0019835,2878,363,
AVA-v3,Mistral-Large-3,angle,W-ABV-4045-01,1,bottler_info,True,True,match,match,correct,visible,visual-correct,4.906426173984073,0.0019835,2878,363,
AVA-v3,Mistral-Large-3,angle,W-ABV-4045-01,1,country_of_origin,True,True,not-applicable,not-applicable,correct,absent,correct-absence-not-applicable,4.906426173984073,0.0019835,2878,363,
AVA-v3,Mistral-Large-3,angle,W-ABV-4045-01,1,government_warning,True,True,match,match,correct,visible,visual-correct,4.906426173984073,0.0019835,2878,363,
AVA-v3,Mistral-Large-3,straight,W-ABV-4045-01,1,brand_name,True,True,match,match,correct,visible,visual-correct,8.085602986975573,0.0019835,2878,363,
AVA-v3,Mistral-Large-3,straight,W-ABV-4045-01,1,class_type,True,True,match,match,correct,visible,visual-correct,8.085602986975573,0.0019835,2878,363,
AVA-v3,Mistral-Large-3,straight,W-ABV-4045-01,1,alcohol_content,True,True,mismatch,mismatch,correct,visible,visual-correct,8.085602986975573,0.0019835,2878,363,
AVA-v3,Mistral-Large-3,straight,W-ABV-4045-01,1,net_contents,True,True,match,match,correct,visible,visual-correct,8.085602986975573,0.0019835,2878,363,
AVA-v3,Mistral-Large-3,straight,W-ABV-4045-01,1,bottler_info,True,True,match,match,correct,visible,visual-correct,8.085602986975573,0.0019835,2878,363,
AVA-v3,Mistral-Large-3,straight,W-ABV-4045-01,1,country_of_origin,True,True,not-applicable,not-applicable,correct,absent,correct-absence-not-applicable,8.085602986975573,0.0019835,2878,363,
AVA-v3,Mistral-Large-3,straight,W-ABV-4045-01,1,government_warning,True,True,match,match,correct,visible,visual-correct,8.085602986975573,0.0019835,2878,363,
AVA-v3,Mistral-Large-3,angle,W-BRAND-SPLITLINE-01,1,brand_name,True,True,match,match,correct,visible,visual-correct,6.678194902953692,0.001967,2878,352,
AVA-v3,Mistral-Large-3,angle,W-BRAND-SPLITLINE-01,1,class_type,True,True,match,match,correct,visible,visual-correct,6.678194902953692,0.001967,2878,352,
AVA-v3,Mistral-Large-3,angle,W-BRAND-SPLITLINE-01,1,alcohol_content,True,True,match,match,correct,visible,visual-correct,6.678194902953692,0.001967,2878,352,
AVA-v3,Mistral-Large-3,angle,W-BRAND-SPLITLINE-01,1,net_contents,True,True,match,match,correct,visible,visual-correct,6.678194902953692,0.001967,2878,352,
AVA-v3,Mistral-Large-3,angle,W-BRAND-SPLITLINE-01,1,bottler_info,True,True,match,match,correct,visible,visual-correct,6.678194902953692,0.001967,2878,352,
AVA-v3,Mistral-Large-3,angle,W-BRAND-SPLITLINE-01,1,country_of_origin,True,False,not-applicable,not-applicable,correct,absent,dangerous-error,6.678194902953692,0.001967,2878,352,
AVA-v3,Mistral-Large-3,angle,W-BRAND-SPLITLINE-01,1,government_warning,True,True,match,match,correct,visible,visual-correct,6.678194902953692,0.001967,2878,352,
AVA-v3,Mistral-Large-3,straight,W-BRAND-SPLITLINE-01,1,brand_name,True,True,match,match,correct,visible,visual-correct,3.96879405900836,0.0019655,2878,351,
AVA-v3,Mistral-Large-3,straight,W-BRAND-SPLITLINE-01,1,class_type,True,True,match,match,correct,visible,visual-correct,3.96879405900836,0.0019655,2878,351,
AVA-v3,Mistral-Large-3,straight,W-BRAND-SPLITLINE-01,1,alcohol_content,True,True,match,match,correct,visible,visual-correct,3.96879405900836,0.0019655,2878,351,
AVA-v3,Mistral-Large-3,straight,W-BRAND-SPLITLINE-01,1,net_contents,True,True,match,match,correct,visible,visual-correct,3.96879405900836,0.0019655,2878,351,
AVA-v3,Mistral-Large-3,straight,W-BRAND-SPLITLINE-01,1,bottler_info,True,True,match,match,correct,visible,visual-correct,3.96879405900836,0.0019655,2878,351,
AVA-v3,Mistral-Large-3,straight,W-BRAND-SPLITLINE-01,1,country_of_origin,True,True,not-applicable,not-applicable,correct,absent,correct-absence-not-applicable,3.96879405900836,0.0019655,2878,351,
AVA-v3,Mistral-Large-3,straight,W-BRAND-SPLITLINE-01,1,government_warning,True,True,match,match,correct,visible,visual-correct,3.96879405900836,0.0019655,2878,351,
AVA-v3,Mistral-Large-3,angle,W-BRAND-WRONG-01,1,brand_name,True,True,mismatch,mismatch,correct,visible,visual-correct,5.294542627991177,0.0019655,2878,351,
AVA-v3,Mistral-Large-3,angle,W-BRAND-WRONG-01,1,class_type,True,True,match,match,correct,visible,visual-correct,5.294542627991177,0.0019655,2878,351,
AVA-v3,Mistral-Large-3,angle,W-BRAND-WRONG-01,1,alcohol_content,True,True,match,match,correct,visible,visual-correct,5.294542627991177,0.0019655,2878,351,
AVA-v3,Mistral-Large-3,angle,W-BRAND-WRONG-01,1,net_contents,True,True,match,match,correct,visible,visual-correct,5.294542627991177,0.0019655,2878,351,
AVA-v3,Mistral-Large-3,angle,W-BRAND-WRONG-01,1,bottler_info,True,True,match,match,correct,visible,visual-correct,5.294542627991177,0.0019655,2878,351,
AVA-v3,Mistral-Large-3,angle,W-BRAND-WRONG-01,1,country_of_origin,True,True,not-applicable,not-applicable,correct,absent,correct-absence-not-applicable,5.294542627991177,0.0019655,2878,351,
AVA-v3,Mistral-Large-3,angle,W-BRAND-WRONG-01,1,government_warning,True,True,match,match,correct,visible,visual-correct,5.294542627991177,0.0019655,2878,351,
AVA-v3,Mistral-Large-3,straight,W-BRAND-WRONG-01,1,brand_name,True,True,mismatch,mismatch,correct,visible,visual-correct,6.887271911953576,0.0019655,2878,351,
AVA-v3,Mistral-Large-3,straight,W-BRAND-WRONG-01,1,class_type,True,True,match,match,correct,visible,visual-correct,6.887271911953576,0.0019655,2878,351,
AVA-v3,Mistral-Large-3,straight,W-BRAND-WRONG-01,1,alcohol_content,True,True,match,match,correct,visible,visual-correct,6.887271911953576,0.0019655,2878,351,
AVA-v3,Mistral-Large-3,straight,W-BRAND-WRONG-01,1,net_contents,True,True,match,match,correct,visible,visual-correct,6.887271911953576,0.0019655,2878,351,
AVA-v3,Mistral-Large-3,straight,W-BRAND-WRONG-01,1,bottler_info,True,True,match,match,correct,visible,visual-correct,6.887271911953576,0.0019655,2878,351,
AVA-v3,Mistral-Large-3,straight,W-BRAND-WRONG-01,1,country_of_origin,True,True,not-applicable,not-applicable,correct,absent,correct-absence-not-applicable,6.887271911953576,0.0019655,2878,351,
AVA-v3,Mistral-Large-3,straight,W-BRAND-WRONG-01,1,government_warning,True,True,match,match,correct,visible,visual-correct,6.887271911953576,0.0019655,2878,351,
AVA-v3,Mistral-Large-3,angle,W-NETCONTENTS-WRONG-01,1,brand_name,True,True,match,match,correct,visible,visual-correct,7.297867837012745,0.0019655,2878,351,
AVA-v3,Mistral-Large-3,angle,W-NETCONTENTS-WRONG-01,1,class_type,True,True,match,match,correct,visible,visual-correct,7.297867837012745,0.0019655,2878,351,
AVA-v3,Mistral-Large-3,angle,W-NETCONTENTS-WRONG-01,1,alcohol_content,True,True,match,match,correct,visible,visual-correct,7.297867837012745,0.0019655,2878,351,
AVA-v3,Mistral-Large-3,angle,W-NETCONTENTS-WRONG-01,1,net_contents,True,True,mismatch,mismatch,correct,visible,visual-correct,7.297867837012745,0.0019655,2878,351,
AVA-v3,Mistral-Large-3,angle,W-NETCONTENTS-WRONG-01,1,bottler_info,True,True,match,match,correct,visible,visual-correct,7.297867837012745,0.0019655,2878,351,
AVA-v3,Mistral-Large-3,angle,W-NETCONTENTS-WRONG-01,1,country_of_origin,True,False,not-applicable,not-applicable,correct,absent,dangerous-error,7.297867837012745,0.0019655,2878,351,
AVA-v3,Mistral-Large-3,angle,W-NETCONTENTS-WRONG-01,1,government_warning,True,True,match,match,correct,visible,visual-correct,7.297867837012745,0.0019655,2878,351,
AVA-v3,Mistral-Large-3,straight,W-NETCONTENTS-WRONG-01,1,brand_name,True,True,match,match,correct,visible,visual-correct,6.157062237034552,0.0019655,2878,351,
AVA-v3,Mistral-Large-3,straight,W-NETCONTENTS-WRONG-01,1,class_type,True,True,match,match,correct,visible,visual-correct,6.157062237034552,0.0019655,2878,351,
AVA-v3,Mistral-Large-3,straight,W-NETCONTENTS-WRONG-01,1,alcohol_content,True,True,match,match,correct,visible,visual-correct,6.157062237034552,0.0019655,2878,351,
AVA-v3,Mistral-Large-3,straight,W-NETCONTENTS-WRONG-01,1,net_contents,True,True,mismatch,mismatch,correct,visible,visual-correct,6.157062237034552,0.0019655,2878,351,
AVA-v3,Mistral-Large-3,straight,W-NETCONTENTS-WRONG-01,1,bottler_info,True,True,match,match,correct,visible,visual-correct,6.157062237034552,0.0019655,2878,351,
AVA-v3,Mistral-Large-3,straight,W-NETCONTENTS-WRONG-01,1,country_of_origin,True,False,not-applicable,not-applicable,correct,absent,dangerous-error,6.157062237034552,0.0019655,2878,351,
AVA-v3,Mistral-Large-3,straight,W-NETCONTENTS-WRONG-01,1,government_warning,True,True,match,match,correct,visible,visual-correct,6.157062237034552,0.0019655,2878,351,
AVA-v3,Mistral-Large-3,angle,W-WARN-REWORD-01,1,brand_name,True,True,match,match,correct,visible,visual-correct,7.010911004967056,0.001967,2878,352,
AVA-v3,Mistral-Large-3,angle,W-WARN-REWORD-01,1,class_type,True,True,match,match,correct,visible,visual-correct,7.010911004967056,0.001967,2878,352,
AVA-v3,Mistral-Large-3,angle,W-WARN-REWORD-01,1,alcohol_content,True,True,match,match,correct,visible,visual-correct,7.010911004967056,0.001967,2878,352,
AVA-v3,Mistral-Large-3,angle,W-WARN-REWORD-01,1,net_contents,True,True,match,match,correct,visible,visual-correct,7.010911004967056,0.001967,2878,352,
AVA-v3,Mistral-Large-3,angle,W-WARN-REWORD-01,1,bottler_info,True,True,match,match,correct,visible,visual-correct,7.010911004967056,0.001967,2878,352,
AVA-v3,Mistral-Large-3,angle,W-WARN-REWORD-01,1,country_of_origin,True,True,not-applicable,not-applicable,correct,absent,correct-absence-not-applicable,7.010911004967056,0.001967,2878,352,
AVA-v3,Mistral-Large-3,angle,W-WARN-REWORD-01,1,government_warning,True,True,mismatch,mismatch,correct,visible,visual-correct,7.010911004967056,0.001967,2878,352,
AVA-v3,Mistral-Large-3,straight,W-WARN-REWORD-01,1,brand_name,True,True,match,match,correct,visible,visual-correct,5.987344434019178,0.001967,2878,352,
AVA-v3,Mistral-Large-3,straight,W-WARN-REWORD-01,1,class_type,True,True,match,match,correct,visible,visual-correct,5.987344434019178,0.001967,2878,352,
AVA-v3,Mistral-Large-3,straight,W-WARN-REWORD-01,1,alcohol_content,True,True,match,match,correct,visible,visual-correct,5.987344434019178,0.001967,2878,352,
AVA-v3,Mistral-Large-3,straight,W-WARN-REWORD-01,1,net_contents,True,True,match,match,correct,visible,visual-correct,5.987344434019178,0.001967,2878,352,
AVA-v3,Mistral-Large-3,straight,W-WARN-REWORD-01,1,bottler_info,True,True,match,match,correct,visible,visual-correct,5.987344434019178,0.001967,2878,352,
AVA-v3,Mistral-Large-3,straight,W-WARN-REWORD-01,1,country_of_origin,True,True,not-applicable,not-applicable,correct,absent,correct-absence-not-applicable,5.987344434019178,0.001967,2878,352,
AVA-v3,Mistral-Large-3,straight,W-WARN-REWORD-01,1,government_warning,True,True,mismatch,mismatch,correct,visible,visual-correct,5.987344434019178,0.001967,2878,352,
AVA-v3,gpt-4.1-mini,angle,A-ABV-WRONG-01,1,brand_name,True,True,match,match,correct,visible,visual-correct,7.525361904990859,0.001324,2070,310,
AVA-v3,gpt-4.1-mini,angle,A-ABV-WRONG-01,1,class_type,True,True,match,match,correct,visible,visual-correct,7.525361904990859,0.001324,2070,310,
AVA-v3,gpt-4.1-mini,angle,A-ABV-WRONG-01,1,alcohol_content,True,True,mismatch,mismatch,correct,visible,visual-correct,7.525361904990859,0.001324,2070,310,
AVA-v3,gpt-4.1-mini,angle,A-ABV-WRONG-01,1,net_contents,True,True,match,match,correct,visible,visual-correct,7.525361904990859,0.001324,2070,310,
AVA-v3,gpt-4.1-mini,angle,A-ABV-WRONG-01,1,bottler_info,True,True,match,match,correct,visible,visual-correct,7.525361904990859,0.001324,2070,310,
AVA-v3,gpt-4.1-mini,angle,A-ABV-WRONG-01,1,country_of_origin,True,True,not-applicable,not-applicable,correct,absent,correct-absence-not-applicable,7.525361904990859,0.001324,2070,310,
AVA-v3,gpt-4.1-mini,angle,A-ABV-WRONG-01,1,government_warning,True,True,match,match,correct,visible,visual-correct,7.525361904990859,0.001324,2070,310,
AVA-v3,gpt-4.1-mini,glare,A-ABV-WRONG-01,1,brand_name,True,False,match,mismatch,false_mismatch,obscured,dangerous-error,5.414458176936023,0.0012072,2070,237,
AVA-v3,gpt-4.1-mini,glare,A-ABV-WRONG-01,1,class_type,True,True,match,needs-review,referral,obscured,safe-referral,5.414458176936023,0.0012072,2070,237,
AVA-v3,gpt-4.1-mini,glare,A-ABV-WRONG-01,1,alcohol_content,True,False,mismatch,needs-review,referral,obscured,safe-referral,5.414458176936023,0.0012072,2070,237,
AVA-v3,gpt-4.1-mini,glare,A-ABV-WRONG-01,1,net_contents,True,False,match,needs-review,referral,obscured,safe-referral,5.414458176936023,0.0012072,2070,237,
AVA-v3,gpt-4.1-mini,glare,A-ABV-WRONG-01,1,bottler_info,True,False,match,needs-review,referral,obscured,safe-referral,5.414458176936023,0.0012072,2070,237,
AVA-v3,gpt-4.1-mini,glare,A-ABV-WRONG-01,1,country_of_origin,True,True,not-applicable,not-applicable,correct,absent,correct-absence-not-applicable,5.414458176936023,0.0012072,2070,237,
AVA-v3,gpt-4.1-mini,glare,A-ABV-WRONG-01,1,government_warning,True,True,match,match,correct,obscured,unverifiable-correct-not-recovery,5.414458176936023,0.0012072,2070,237,
AVA-v3,gpt-4.1-mini,straight,A-ABV-WRONG-01,1,brand_name,True,True,match,match,correct,visible,visual-correct,6.663649557973258,0.001324,2070,310,
AVA-v3,gpt-4.1-mini,straight,A-ABV-WRONG-01,1,class_type,True,True,match,match,correct,visible,visual-correct,6.663649557973258,0.001324,2070,310,
AVA-v3,gpt-4.1-mini,straight,A-ABV-WRONG-01,1,alcohol_content,True,True,mismatch,mismatch,correct,visible,visual-correct,6.663649557973258,0.001324,2070,310,
AVA-v3,gpt-4.1-mini,straight,A-ABV-WRONG-01,1,net_contents,True,True,match,match,correct,visible,visual-correct,6.663649557973258,0.001324,2070,310,
AVA-v3,gpt-4.1-mini,straight,A-ABV-WRONG-01,1,bottler_info,True,True,match,match,correct,visible,visual-correct,6.663649557973258,0.001324,2070,310,
AVA-v3,gpt-4.1-mini,straight,A-ABV-WRONG-01,1,country_of_origin,True,True,not-applicable,not-applicable,correct,absent,correct-absence-not-applicable,6.663649557973258,0.001324,2070,310,
AVA-v3,gpt-4.1-mini,straight,A-ABV-WRONG-01,1,government_warning,True,True,match,match,correct,visible,visual-correct,6.663649557973258,0.001324,2070,310,
AVA-v3,gpt-4.1-mini,angle,A-BRAND-CASE-01,1,brand_name,True,True,match,match,correct,visible,visual-correct,6.0235521969152614,0.0012184000000000001,2070,244,
AVA-v3,gpt-4.1-mini,angle,A-BRAND-CASE-01,1,class_type,True,True,match,match,correct,visible,visual-correct,6.0235521969152614,0.0012184000000000001,2070,244,
AVA-v3,gpt-4.1-mini,angle,A-BRAND-CASE-01,1,alcohol_content,True,True,match,match,correct,visible,visual-correct,6.0235521969152614,0.0012184000000000001,2070,244,
AVA-v3,gpt-4.1-mini,angle,A-BRAND-CASE-01,1,net_contents,True,True,match,match,correct,visible,visual-correct,6.0235521969152614,0.0012184000000000001,2070,244,
AVA-v3,gpt-4.1-mini,angle,A-BRAND-CASE-01,1,bottler_info,True,True,match,match,correct,visible,visual-correct,6.0235521969152614,0.0012184000000000001,2070,244,
AVA-v3,gpt-4.1-mini,angle,A-BRAND-CASE-01,1,country_of_origin,True,True,not-applicable,not-applicable,correct,absent,correct-absence-not-applicable,6.0235521969152614,0.0012184000000000001,2070,244,
AVA-v3,gpt-4.1-mini,angle,A-BRAND-CASE-01,1,government_warning,True,True,match,match,correct,visible,visual-correct,6.0235521969152614,0.0012184000000000001,2070,244,
AVA-v3,gpt-4.1-mini,glare,A-BRAND-CASE-01,1,brand_name,False,False,match,needs-review,referral,obscured,failure-referral,5.346865028957836,0.0012984000000000001,2070,294,
AVA-v3,gpt-4.1-mini,glare,A-BRAND-CASE-01,1,class_type,False,False,match,needs-review,referral,obscured,failure-referral,5.346865028957836,0.0012984000000000001,2070,294,
AVA-v3,gpt-4.1-mini,glare,A-BRAND-CASE-01,1,alcohol_content,False,False,match,needs-review,referral,obscured,failure-referral,5.346865028957836,0.0012984000000000001,2070,294,
AVA-v3,gpt-4.1-mini,glare,A-BRAND-CASE-01,1,net_contents,False,False,match,needs-review,referral,obscured,failure-referral,5.346865028957836,0.0012984000000000001,2070,294,
AVA-v3,gpt-4.1-mini,glare,A-BRAND-CASE-01,1,bottler_info,False,False,match,needs-review,referral,obscured,failure-referral,5.346865028957836,0.0012984000000000001,2070,294,
AVA-v3,gpt-4.1-mini,glare,A-BRAND-CASE-01,1,country_of_origin,False,False,not-applicable,needs-review,referral,absent,failure-referral,5.346865028957836,0.0012984000000000001,2070,294,
AVA-v3,gpt-4.1-mini,glare,A-BRAND-CASE-01,1,government_warning,False,False,match,needs-review,referral,obscured,failure-referral,5.346865028957836,0.0012984000000000001,2070,294,
AVA-v3,gpt-4.1-mini,straight,A-BRAND-CASE-01,1,brand_name,True,True,match,match,correct,visible,visual-correct,6.622582167969085,0.0013224,2070,309,
AVA-v3,gpt-4.1-mini,straight,A-BRAND-CASE-01,1,class_type,True,True,match,match,correct,visible,visual-correct,6.622582167969085,0.0013224,2070,309,
AVA-v3,gpt-4.1-mini,straight,A-BRAND-CASE-01,1,alcohol_content,True,True,match,match,correct,visible,visual-correct,6.622582167969085,0.0013224,2070,309,
AVA-v3,gpt-4.1-mini,straight,A-BRAND-CASE-01,1,net_contents,True,True,match,match,correct,visible,visual-correct,6.622582167969085,0.0013224,2070,309,
AVA-v3,gpt-4.1-mini,straight,A-BRAND-CASE-01,1,bottler_info,True,True,match,match,correct,visible,visual-correct,6.622582167969085,0.0013224,2070,309,
AVA-v3,gpt-4.1-mini,straight,A-BRAND-CASE-01,1,country_of_origin,True,True,not-applicable,not-applicable,correct,absent,correct-absence-not-applicable,6.622582167969085,0.0013224,2070,309,
AVA-v3,gpt-4.1-mini,straight,A-BRAND-CASE-01,1,government_warning,True,True,match,match,correct,visible,visual-correct,6.622582167969085,0.0013224,2070,309,
AVA-v3,gpt-4.1-mini,angle,A-FIELD-MISSING-01,1,brand_name,True,True,match,match,correct,visible,visual-correct,5.444759038975462,0.0011975999999999998,2070,231,
AVA-v3,gpt-4.1-mini,angle,A-FIELD-MISSING-01,1,class_type,True,True,match,match,correct,visible,visual-correct,5.444759038975462,0.0011975999999999998,2070,231,
AVA-v3,gpt-4.1-mini,angle,A-FIELD-MISSING-01,1,alcohol_content,True,True,match,match,correct,visible,visual-correct,5.444759038975462,0.0011975999999999998,2070,231,
AVA-v3,gpt-4.1-mini,angle,A-FIELD-MISSING-01,1,net_contents,True,True,needs-review,needs-review,referral,absent,safe-referral,5.444759038975462,0.0011975999999999998,2070,231,
AVA-v3,gpt-4.1-mini,angle,A-FIELD-MISSING-01,1,bottler_info,True,True,needs-review,needs-review,referral,absent,safe-referral,5.444759038975462,0.0011975999999999998,2070,231,
AVA-v3,gpt-4.1-mini,angle,A-FIELD-MISSING-01,1,country_of_origin,True,True,not-applicable,not-applicable,correct,absent,correct-absence-not-applicable,5.444759038975462,0.0011975999999999998,2070,231,
AVA-v3,gpt-4.1-mini,angle,A-FIELD-MISSING-01,1,government_warning,True,True,match,match,correct,visible,visual-correct,5.444759038975462,0.0011975999999999998,2070,231,
AVA-v3,gpt-4.1-mini,glare,A-FIELD-MISSING-01,1,brand_name,False,False,match,needs-review,referral,obscured,failure-referral,4.769287706003524,0.0011864,2070,224,
AVA-v3,gpt-4.1-mini,glare,A-FIELD-MISSING-01,1,class_type,False,False,match,needs-review,referral,obscured,failure-referral,4.769287706003524,0.0011864,2070,224,
AVA-v3,gpt-4.1-mini,glare,A-FIELD-MISSING-01,1,alcohol_content,False,False,match,needs-review,referral,obscured,failure-referral,4.769287706003524,0.0011864,2070,224,
AVA-v3,gpt-4.1-mini,glare,A-FIELD-MISSING-01,1,net_contents,False,False,needs-review,needs-review,referral,absent,failure-referral,4.769287706003524,0.0011864,2070,224,
AVA-v3,gpt-4.1-mini,glare,A-FIELD-MISSING-01,1,bottler_info,False,False,needs-review,needs-review,referral,absent,failure-referral,4.769287706003524,0.0011864,2070,224,
AVA-v3,gpt-4.1-mini,glare,A-FIELD-MISSING-01,1,country_of_origin,False,False,not-applicable,needs-review,referral,absent,failure-referral,4.769287706003524,0.0011864,2070,224,
AVA-v3,gpt-4.1-mini,glare,A-FIELD-MISSING-01,1,government_warning,False,False,match,needs-review,referral,obscured,failure-referral,4.769287706003524,0.0011864,2070,224,
AVA-v3,gpt-4.1-mini,straight,A-FIELD-MISSING-01,1,brand_name,True,True,match,match,correct,visible,visual-correct,6.24097012495622,0.001268,2070,275,
AVA-v3,gpt-4.1-mini,straight,A-FIELD-MISSING-01,1,class_type,True,True,match,match,correct,visible,visual-correct,6.24097012495622,0.001268,2070,275,
AVA-v3,gpt-4.1-mini,straight,A-FIELD-MISSING-01,1,alcohol_content,True,True,match,match,correct,visible,visual-correct,6.24097012495622,0.001268,2070,275,
AVA-v3,gpt-4.1-mini,straight,A-FIELD-MISSING-01,1,net_contents,True,True,needs-review,needs-review,referral,absent,safe-referral,6.24097012495622,0.001268,2070,275,
AVA-v3,gpt-4.1-mini,straight,A-FIELD-MISSING-01,1,bottler_info,True,True,needs-review,needs-review,referral,absent,safe-referral,6.24097012495622,0.001268,2070,275,
AVA-v3,gpt-4.1-mini,straight,A-FIELD-MISSING-01,1,country_of_origin,True,True,not-applicable,not-applicable,correct,absent,correct-absence-not-applicable,6.24097012495622,0.001268,2070,275,
AVA-v3,gpt-4.1-mini,straight,A-FIELD-MISSING-01,1,government_warning,True,True,match,match,correct,visible,visual-correct,6.24097012495622,0.001268,2070,275,
AVA-v3,gpt-4.1-mini,angle,A-INJECT-PROMPT-01,1,brand_name,True,True,match,match,correct,visible,visual-correct,6.374786711996421,0.001292,2070,290,
AVA-v3,gpt-4.1-mini,angle,A-INJECT-PROMPT-01,1,class_type,True,True,match,match,correct,visible,visual-correct,6.374786711996421,0.001292,2070,290,
AVA-v3,gpt-4.1-mini,angle,A-INJECT-PROMPT-01,1,alcohol_content,True,True,mismatch,mismatch,correct,visible,visual-correct,6.374786711996421,0.001292,2070,290,
AVA-v3,gpt-4.1-mini,angle,A-INJECT-PROMPT-01,1,net_contents,True,True,match,match,correct,visible,visual-correct,6.374786711996421,0.001292,2070,290,
AVA-v3,gpt-4.1-mini,angle,A-INJECT-PROMPT-01,1,bottler_info,True,True,match,match,correct,visible,visual-correct,6.374786711996421,0.001292,2070,290,
AVA-v3,gpt-4.1-mini,angle,A-INJECT-PROMPT-01,1,country_of_origin,True,True,not-applicable,not-applicable,correct,absent,correct-absence-not-applicable,6.374786711996421,0.001292,2070,290,
AVA-v3,gpt-4.1-mini,angle,A-INJECT-PROMPT-01,1,government_warning,True,True,match,match,correct,visible,visual-correct,6.374786711996421,0.001292,2070,290,
AVA-v3,gpt-4.1-mini,glare,A-INJECT-PROMPT-01,1,brand_name,False,False,match,needs-review,referral,obscured,failure-referral,6.740254117990844,0.0012984000000000001,2070,294,
AVA-v3,gpt-4.1-mini,glare,A-INJECT-PROMPT-01,1,class_type,False,False,match,needs-review,referral,obscured,failure-referral,6.740254117990844,0.0012984000000000001,2070,294,
AVA-v3,gpt-4.1-mini,glare,A-INJECT-PROMPT-01,1,alcohol_content,False,False,mismatch,needs-review,referral,obscured,failure-referral,6.740254117990844,0.0012984000000000001,2070,294,
AVA-v3,gpt-4.1-mini,glare,A-INJECT-PROMPT-01,1,net_contents,False,False,match,needs-review,referral,obscured,failure-referral,6.740254117990844,0.0012984000000000001,2070,294,
AVA-v3,gpt-4.1-mini,glare,A-INJECT-PROMPT-01,1,bottler_info,False,False,match,needs-review,referral,obscured,failure-referral,6.740254117990844,0.0012984000000000001,2070,294,
AVA-v3,gpt-4.1-mini,glare,A-INJECT-PROMPT-01,1,country_of_origin,False,False,not-applicable,needs-review,referral,absent,failure-referral,6.740254117990844,0.0012984000000000001,2070,294,
AVA-v3,gpt-4.1-mini,glare,A-INJECT-PROMPT-01,1,government_warning,False,False,match,needs-review,referral,obscured,failure-referral,6.740254117990844,0.0012984000000000001,2070,294,
AVA-v3,gpt-4.1-mini,straight,A-INJECT-PROMPT-01,1,brand_name,True,True,match,match,correct,visible,visual-correct,5.863817353034392,0.00122,2070,245,
AVA-v3,gpt-4.1-mini,straight,A-INJECT-PROMPT-01,1,class_type,True,True,match,match,correct,visible,visual-correct,5.863817353034392,0.00122,2070,245,
AVA-v3,gpt-4.1-mini,straight,A-INJECT-PROMPT-01,1,alcohol_content,True,True,mismatch,mismatch,correct,visible,visual-correct,5.863817353034392,0.00122,2070,245,
AVA-v3,gpt-4.1-mini,straight,A-INJECT-PROMPT-01,1,net_contents,True,True,match,match,correct,visible,visual-correct,5.863817353034392,0.00122,2070,245,
AVA-v3,gpt-4.1-mini,straight,A-INJECT-PROMPT-01,1,bottler_info,True,True,match,match,correct,visible,visual-correct,5.863817353034392,0.00122,2070,245,
AVA-v3,gpt-4.1-mini,straight,A-INJECT-PROMPT-01,1,country_of_origin,True,True,not-applicable,not-applicable,correct,absent,correct-absence-not-applicable,5.863817353034392,0.00122,2070,245,
AVA-v3,gpt-4.1-mini,straight,A-INJECT-PROMPT-01,1,government_warning,True,True,match,match,correct,visible,visual-correct,5.863817353034392,0.00122,2070,245,
AVA-v3,gpt-4.1-mini,angle,A-WARN-BOLDBODY-01,1,brand_name,True,True,match,match,correct,visible,visual-correct,6.1372576910071075,0.001188,2070,225,
AVA-v3,gpt-4.1-mini,angle,A-WARN-BOLDBODY-01,1,class_type,True,True,match,match,correct,visible,visual-correct,6.1372576910071075,0.001188,2070,225,
AVA-v3,gpt-4.1-mini,angle,A-WARN-BOLDBODY-01,1,alcohol_content,True,True,match,match,correct,visible,visual-correct,6.1372576910071075,0.001188,2070,225,
AVA-v3,gpt-4.1-mini,angle,A-WARN-BOLDBODY-01,1,net_contents,True,True,match,match,correct,visible,visual-correct,6.1372576910071075,0.001188,2070,225,
AVA-v3,gpt-4.1-mini,angle,A-WARN-BOLDBODY-01,1,bottler_info,True,True,match,match,correct,visible,visual-correct,6.1372576910071075,0.001188,2070,225,
AVA-v3,gpt-4.1-mini,angle,A-WARN-BOLDBODY-01,1,country_of_origin,True,True,not-applicable,not-applicable,correct,absent,correct-absence-not-applicable,6.1372576910071075,0.001188,2070,225,
AVA-v3,gpt-4.1-mini,angle,A-WARN-BOLDBODY-01,1,government_warning,True,False,mismatch,match,false_match,visible,dangerous-error,6.1372576910071075,0.001188,2070,225,
AVA-v3,gpt-4.1-mini,glare,A-WARN-BOLDBODY-01,1,brand_name,True,True,match,match,correct,obscured,unverifiable-correct-not-recovery,6.7603405909612775,0.0013144,2070,304,
AVA-v3,gpt-4.1-mini,glare,A-WARN-BOLDBODY-01,1,class_type,True,True,match,match,correct,obscured,unverifiable-correct-not-recovery,6.7603405909612775,0.0013144,2070,304,
AVA-v3,gpt-4.1-mini,glare,A-WARN-BOLDBODY-01,1,alcohol_content,True,False,match,mismatch,false_mismatch,obscured,dangerous-error,6.7603405909612775,0.0013144,2070,304,
AVA-v3,gpt-4.1-mini,glare,A-WARN-BOLDBODY-01,1,net_contents,True,False,match,needs-review,referral,obscured,safe-referral,6.7603405909612775,0.0013144,2070,304,
AVA-v3,gpt-4.1-mini,glare,A-WARN-BOLDBODY-01,1,bottler_info,True,True,match,match,correct,obscured,unverifiable-correct-not-recovery,6.7603405909612775,0.0013144,2070,304,
AVA-v3,gpt-4.1-mini,glare,A-WARN-BOLDBODY-01,1,country_of_origin,True,True,not-applicable,not-applicable,correct,absent,correct-absence-not-applicable,6.7603405909612775,0.0013144,2070,304,
AVA-v3,gpt-4.1-mini,glare,A-WARN-BOLDBODY-01,1,government_warning,True,False,mismatch,mismatch,correct,obscured,dangerous-error,6.7603405909612775,0.0013144,2070,304,
AVA-v3,gpt-4.1-mini,straight,A-WARN-BOLDBODY-01,1,brand_name,False,False,match,needs-review,referral,visible,failure-referral,7.3136986589524895,0.0013112,2070,302,
AVA-v3,gpt-4.1-mini,straight,A-WARN-BOLDBODY-01,1,class_type,False,False,match,needs-review,referral,visible,failure-referral,7.3136986589524895,0.0013112,2070,302,
AVA-v3,gpt-4.1-mini,straight,A-WARN-BOLDBODY-01,1,alcohol_content,False,False,match,needs-review,referral,visible,failure-referral,7.3136986589524895,0.0013112,2070,302,
AVA-v3,gpt-4.1-mini,straight,A-WARN-BOLDBODY-01,1,net_contents,False,False,match,needs-review,referral,visible,failure-referral,7.3136986589524895,0.0013112,2070,302,
AVA-v3,gpt-4.1-mini,straight,A-WARN-BOLDBODY-01,1,bottler_info,False,False,match,needs-review,referral,visible,failure-referral,7.3136986589524895,0.0013112,2070,302,
AVA-v3,gpt-4.1-mini,straight,A-WARN-BOLDBODY-01,1,country_of_origin,False,False,not-applicable,needs-review,referral,absent,failure-referral,7.3136986589524895,0.0013112,2070,302,
AVA-v3,gpt-4.1-mini,straight,A-WARN-BOLDBODY-01,1,government_warning,False,False,mismatch,needs-review,referral,visible,failure-referral,7.3136986589524895,0.0013112,2070,302,
AVA-v3,gpt-4.1-mini,angle,A-WARN-TITLECASE-01,1,brand_name,True,True,match,match,correct,visible,visual-correct,6.556384108029306,0.0013208,2070,308,
AVA-v3,gpt-4.1-mini,angle,A-WARN-TITLECASE-01,1,class_type,True,True,match,match,correct,visible,visual-correct,6.556384108029306,0.0013208,2070,308,
AVA-v3,gpt-4.1-mini,angle,A-WARN-TITLECASE-01,1,alcohol_content,True,True,match,match,correct,visible,visual-correct,6.556384108029306,0.0013208,2070,308,
AVA-v3,gpt-4.1-mini,angle,A-WARN-TITLECASE-01,1,net_contents,True,True,match,match,correct,visible,visual-correct,6.556384108029306,0.0013208,2070,308,
AVA-v3,gpt-4.1-mini,angle,A-WARN-TITLECASE-01,1,bottler_info,True,True,match,match,correct,visible,visual-correct,6.556384108029306,0.0013208,2070,308,
AVA-v3,gpt-4.1-mini,angle,A-WARN-TITLECASE-01,1,country_of_origin,True,True,not-applicable,not-applicable,correct,absent,correct-absence-not-applicable,6.556384108029306,0.0013208,2070,308,
AVA-v3,gpt-4.1-mini,angle,A-WARN-TITLECASE-01,1,government_warning,True,True,mismatch,mismatch,correct,visible,visual-correct,6.556384108029306,0.0013208,2070,308,
AVA-v3,gpt-4.1-mini,glare,A-WARN-TITLECASE-01,1,brand_name,False,False,match,needs-review,referral,obscured,failure-referral,6.6286127880448475,0.001284,2070,285,
AVA-v3,gpt-4.1-mini,glare,A-WARN-TITLECASE-01,1,class_type,False,False,match,needs-review,referral,obscured,failure-referral,6.6286127880448475,0.001284,2070,285,
AVA-v3,gpt-4.1-mini,glare,A-WARN-TITLECASE-01,1,alcohol_content,False,False,match,needs-review,referral,obscured,failure-referral,6.6286127880448475,0.001284,2070,285,
AVA-v3,gpt-4.1-mini,glare,A-WARN-TITLECASE-01,1,net_contents,False,False,match,needs-review,referral,obscured,failure-referral,6.6286127880448475,0.001284,2070,285,
AVA-v3,gpt-4.1-mini,glare,A-WARN-TITLECASE-01,1,bottler_info,False,False,match,needs-review,referral,obscured,failure-referral,6.6286127880448475,0.001284,2070,285,
AVA-v3,gpt-4.1-mini,glare,A-WARN-TITLECASE-01,1,country_of_origin,False,False,not-applicable,needs-review,referral,absent,failure-referral,6.6286127880448475,0.001284,2070,285,
AVA-v3,gpt-4.1-mini,glare,A-WARN-TITLECASE-01,1,government_warning,False,False,mismatch,needs-review,referral,obscured,failure-referral,6.6286127880448475,0.001284,2070,285,
AVA-v3,gpt-4.1-mini,straight,A-WARN-TITLECASE-01,1,brand_name,True,True,match,match,correct,visible,visual-correct,6.440721296006814,0.0013208,2070,308,
AVA-v3,gpt-4.1-mini,straight,A-WARN-TITLECASE-01,1,class_type,True,True,match,match,correct,visible,visual-correct,6.440721296006814,0.0013208,2070,308,
AVA-v3,gpt-4.1-mini,straight,A-WARN-TITLECASE-01,1,alcohol_content,True,True,match,match,correct,visible,visual-correct,6.440721296006814,0.0013208,2070,308,
AVA-v3,gpt-4.1-mini,straight,A-WARN-TITLECASE-01,1,net_contents,True,True,match,match,correct,visible,visual-correct,6.440721296006814,0.0013208,2070,308,
AVA-v3,gpt-4.1-mini,straight,A-WARN-TITLECASE-01,1,bottler_info,True,True,match,match,correct,visible,visual-correct,6.440721296006814,0.0013208,2070,308,
AVA-v3,gpt-4.1-mini,straight,A-WARN-TITLECASE-01,1,country_of_origin,True,True,not-applicable,not-applicable,correct,absent,correct-absence-not-applicable,6.440721296006814,0.0013208,2070,308,
AVA-v3,gpt-4.1-mini,straight,A-WARN-TITLECASE-01,1,government_warning,True,True,mismatch,mismatch,correct,visible,visual-correct,6.440721296006814,0.0013208,2070,308,
AVA-v3,gpt-4.1-mini,angle,C-MALT-01,1,brand_name,True,True,match,match,correct,visible,visual-correct,6.790419648052193,0.001324,2070,310,
AVA-v3,gpt-4.1-mini,angle,C-MALT-01,1,class_type,True,True,match,match,correct,visible,visual-correct,6.790419648052193,0.001324,2070,310,
AVA-v3,gpt-4.1-mini,angle,C-MALT-01,1,alcohol_content,True,True,match,match,correct,visible,visual-correct,6.790419648052193,0.001324,2070,310,
AVA-v3,gpt-4.1-mini,angle,C-MALT-01,1,net_contents,True,True,match,match,correct,visible,visual-correct,6.790419648052193,0.001324,2070,310,
AVA-v3,gpt-4.1-mini,angle,C-MALT-01,1,bottler_info,True,True,match,match,correct,visible,visual-correct,6.790419648052193,0.001324,2070,310,
AVA-v3,gpt-4.1-mini,angle,C-MALT-01,1,country_of_origin,True,True,not-applicable,not-applicable,correct,absent,correct-absence-not-applicable,6.790419648052193,0.001324,2070,310,
AVA-v3,gpt-4.1-mini,angle,C-MALT-01,1,government_warning,True,True,match,match,correct,visible,visual-correct,6.790419648052193,0.001324,2070,310,
AVA-v3,gpt-4.1-mini,glare,C-MALT-01,1,brand_name,True,True,match,match,correct,obscured,unverifiable-correct-not-recovery,5.4951118130702525,0.0013096,2070,301,
AVA-v3,gpt-4.1-mini,glare,C-MALT-01,1,class_type,True,False,match,needs-review,referral,obscured,safe-referral,5.4951118130702525,0.0013096,2070,301,
AVA-v3,gpt-4.1-mini,glare,C-MALT-01,1,alcohol_content,True,False,match,mismatch,false_mismatch,obscured,dangerous-error,5.4951118130702525,0.0013096,2070,301,
AVA-v3,gpt-4.1-mini,glare,C-MALT-01,1,net_contents,True,False,match,needs-review,referral,obscured,safe-referral,5.4951118130702525,0.0013096,2070,301,
AVA-v3,gpt-4.1-mini,glare,C-MALT-01,1,bottler_info,True,False,match,mismatch,false_mismatch,obscured,dangerous-error,5.4951118130702525,0.0013096,2070,301,
AVA-v3,gpt-4.1-mini,glare,C-MALT-01,1,country_of_origin,True,True,not-applicable,not-applicable,correct,absent,correct-absence-not-applicable,5.4951118130702525,0.0013096,2070,301,
AVA-v3,gpt-4.1-mini,glare,C-MALT-01,1,government_warning,True,False,match,needs-review,referral,obscured,safe-referral,5.4951118130702525,0.0013096,2070,301,
AVA-v3,gpt-4.1-mini,straight,C-MALT-01,1,brand_name,True,True,match,match,correct,visible,visual-correct,7.264267900027335,0.001324,2070,310,
AVA-v3,gpt-4.1-mini,straight,C-MALT-01,1,class_type,True,True,match,match,correct,visible,visual-correct,7.264267900027335,0.001324,2070,310,
AVA-v3,gpt-4.1-mini,straight,C-MALT-01,1,alcohol_content,True,True,match,match,correct,visible,visual-correct,7.264267900027335,0.001324,2070,310,
AVA-v3,gpt-4.1-mini,straight,C-MALT-01,1,net_contents,True,True,match,match,correct,visible,visual-correct,7.264267900027335,0.001324,2070,310,
AVA-v3,gpt-4.1-mini,straight,C-MALT-01,1,bottler_info,True,True,match,match,correct,visible,visual-correct,7.264267900027335,0.001324,2070,310,
AVA-v3,gpt-4.1-mini,straight,C-MALT-01,1,country_of_origin,True,True,not-applicable,not-applicable,correct,absent,correct-absence-not-applicable,7.264267900027335,0.001324,2070,310,
AVA-v3,gpt-4.1-mini,straight,C-MALT-01,1,government_warning,True,True,match,match,correct,visible,visual-correct,7.264267900027335,0.001324,2070,310,
AVA-v3,gpt-4.1-mini,angle,C-SPIRITS-01,1,brand_name,True,True,match,match,correct,visible,visual-correct,7.221272369963117,0.0013256,2070,311,
AVA-v3,gpt-4.1-mini,angle,C-SPIRITS-01,1,class_type,True,True,match,match,correct,visible,visual-correct,7.221272369963117,0.0013256,2070,311,
AVA-v3,gpt-4.1-mini,angle,C-SPIRITS-01,1,alcohol_content,True,True,match,match,correct,visible,visual-correct,7.221272369963117,0.0013256,2070,311,
AVA-v3,gpt-4.1-mini,angle,C-SPIRITS-01,1,net_contents,True,True,match,match,correct,visible,visual-correct,7.221272369963117,0.0013256,2070,311,
AVA-v3,gpt-4.1-mini,angle,C-SPIRITS-01,1,bottler_info,True,True,match,match,correct,visible,visual-correct,7.221272369963117,0.0013256,2070,311,
AVA-v3,gpt-4.1-mini,angle,C-SPIRITS-01,1,country_of_origin,True,True,not-applicable,not-applicable,correct,absent,correct-absence-not-applicable,7.221272369963117,0.0013256,2070,311,
AVA-v3,gpt-4.1-mini,angle,C-SPIRITS-01,1,government_warning,True,True,match,match,correct,visible,visual-correct,7.221272369963117,0.0013256,2070,311,
AVA-v3,gpt-4.1-mini,glare,C-SPIRITS-01,1,brand_name,False,False,match,needs-review,referral,obscured,failure-referral,5.628085389034823,0.0012008,2070,233,
AVA-v3,gpt-4.1-mini,glare,C-SPIRITS-01,1,class_type,False,False,match,needs-review,referral,obscured,failure-referral,5.628085389034823,0.0012008,2070,233,
AVA-v3,gpt-4.1-mini,glare,C-SPIRITS-01,1,alcohol_content,False,False,match,needs-review,referral,obscured,failure-referral,5.628085389034823,0.0012008,2070,233,
AVA-v3,gpt-4.1-mini,glare,C-SPIRITS-01,1,net_contents,False,False,match,needs-review,referral,obscured,failure-referral,5.628085389034823,0.0012008,2070,233,
AVA-v3,gpt-4.1-mini,glare,C-SPIRITS-01,1,bottler_info,False,False,match,needs-review,referral,obscured,failure-referral,5.628085389034823,0.0012008,2070,233,
AVA-v3,gpt-4.1-mini,glare,C-SPIRITS-01,1,country_of_origin,False,False,not-applicable,needs-review,referral,absent,failure-referral,5.628085389034823,0.0012008,2070,233,
AVA-v3,gpt-4.1-mini,glare,C-SPIRITS-01,1,government_warning,False,False,match,needs-review,referral,obscured,failure-referral,5.628085389034823,0.0012008,2070,233,
AVA-v3,gpt-4.1-mini,straight,C-SPIRITS-01,1,brand_name,True,True,match,match,correct,visible,visual-correct,6.732162059983239,0.0013256,2070,311,
AVA-v3,gpt-4.1-mini,straight,C-SPIRITS-01,1,class_type,True,True,match,match,correct,visible,visual-correct,6.732162059983239,0.0013256,2070,311,
AVA-v3,gpt-4.1-mini,straight,C-SPIRITS-01,1,alcohol_content,True,True,match,match,correct,visible,visual-correct,6.732162059983239,0.0013256,2070,311,
AVA-v3,gpt-4.1-mini,straight,C-SPIRITS-01,1,net_contents,True,True,match,match,correct,visible,visual-correct,6.732162059983239,0.0013256,2070,311,
AVA-v3,gpt-4.1-mini,straight,C-SPIRITS-01,1,bottler_info,True,True,match,match,correct,visible,visual-correct,6.732162059983239,0.0013256,2070,311,
AVA-v3,gpt-4.1-mini,straight,C-SPIRITS-01,1,country_of_origin,True,True,not-applicable,not-applicable,correct,absent,correct-absence-not-applicable,6.732162059983239,0.0013256,2070,311,
AVA-v3,gpt-4.1-mini,straight,C-SPIRITS-01,1,government_warning,True,True,match,match,correct,visible,visual-correct,6.732162059983239,0.0013256,2070,311,
AVA-v3,gpt-4.1-mini,angle,C-SPIRITS-IMPORT-01,1,brand_name,True,True,match,match,correct,visible,visual-correct,7.7072204110445455,0.0013368,2070,318,
AVA-v3,gpt-4.1-mini,angle,C-SPIRITS-IMPORT-01,1,class_type,True,True,match,match,correct,visible,visual-correct,7.7072204110445455,0.0013368,2070,318,
AVA-v3,gpt-4.1-mini,angle,C-SPIRITS-IMPORT-01,1,alcohol_content,True,True,match,match,correct,visible,visual-correct,7.7072204110445455,0.0013368,2070,318,
AVA-v3,gpt-4.1-mini,angle,C-SPIRITS-IMPORT-01,1,net_contents,True,True,match,match,correct,visible,visual-correct,7.7072204110445455,0.0013368,2070,318,
AVA-v3,gpt-4.1-mini,angle,C-SPIRITS-IMPORT-01,1,bottler_info,True,True,match,match,correct,visible,visual-correct,7.7072204110445455,0.0013368,2070,318,
AVA-v3,gpt-4.1-mini,angle,C-SPIRITS-IMPORT-01,1,country_of_origin,True,True,match,match,correct,visible,visual-correct,7.7072204110445455,0.0013368,2070,318,
AVA-v3,gpt-4.1-mini,angle,C-SPIRITS-IMPORT-01,1,government_warning,True,True,match,match,correct,visible,visual-correct,7.7072204110445455,0.0013368,2070,318,
AVA-v3,gpt-4.1-mini,glare,C-SPIRITS-IMPORT-01,1,brand_name,False,False,match,needs-review,referral,obscured,failure-referral,6.374556557973847,0.001316,2070,305,
AVA-v3,gpt-4.1-mini,glare,C-SPIRITS-IMPORT-01,1,class_type,False,False,match,needs-review,referral,obscured,failure-referral,6.374556557973847,0.001316,2070,305,
AVA-v3,gpt-4.1-mini,glare,C-SPIRITS-IMPORT-01,1,alcohol_content,False,False,match,needs-review,referral,obscured,failure-referral,6.374556557973847,0.001316,2070,305,
AVA-v3,gpt-4.1-mini,glare,C-SPIRITS-IMPORT-01,1,net_contents,False,False,match,needs-review,referral,obscured,failure-referral,6.374556557973847,0.001316,2070,305,
AVA-v3,gpt-4.1-mini,glare,C-SPIRITS-IMPORT-01,1,bottler_info,False,False,match,needs-review,referral,obscured,failure-referral,6.374556557973847,0.001316,2070,305,
AVA-v3,gpt-4.1-mini,glare,C-SPIRITS-IMPORT-01,1,country_of_origin,False,False,match,needs-review,referral,obscured,failure-referral,6.374556557973847,0.001316,2070,305,
AVA-v3,gpt-4.1-mini,glare,C-SPIRITS-IMPORT-01,1,government_warning,False,False,match,needs-review,referral,obscured,failure-referral,6.374556557973847,0.001316,2070,305,
AVA-v3,gpt-4.1-mini,straight,C-SPIRITS-IMPORT-01,1,brand_name,True,True,match,match,correct,visible,visual-correct,7.136029295972548,0.0013368,2070,318,
AVA-v3,gpt-4.1-mini,straight,C-SPIRITS-IMPORT-01,1,class_type,True,True,match,match,correct,visible,visual-correct,7.136029295972548,0.0013368,2070,318,
AVA-v3,gpt-4.1-mini,straight,C-SPIRITS-IMPORT-01,1,alcohol_content,True,True,match,match,correct,visible,visual-correct,7.136029295972548,0.0013368,2070,318,
AVA-v3,gpt-4.1-mini,straight,C-SPIRITS-IMPORT-01,1,net_contents,True,True,match,match,correct,visible,visual-correct,7.136029295972548,0.0013368,2070,318,
AVA-v3,gpt-4.1-mini,straight,C-SPIRITS-IMPORT-01,1,bottler_info,True,True,match,match,correct,visible,visual-correct,7.136029295972548,0.0013368,2070,318,
AVA-v3,gpt-4.1-mini,straight,C-SPIRITS-IMPORT-01,1,country_of_origin,True,True,match,match,correct,visible,visual-correct,7.136029295972548,0.0013368,2070,318,
AVA-v3,gpt-4.1-mini,straight,C-SPIRITS-IMPORT-01,1,government_warning,True,True,match,match,correct,visible,visual-correct,7.136029295972548,0.0013368,2070,318,
AVA-v3,gpt-4.1-mini,angle,C-WINE-01,1,brand_name,True,True,match,match,correct,visible,visual-correct,7.180510465055704,0.0013256,2070,311,
AVA-v3,gpt-4.1-mini,angle,C-WINE-01,1,class_type,True,True,match,match,correct,visible,visual-correct,7.180510465055704,0.0013256,2070,311,
AVA-v3,gpt-4.1-mini,angle,C-WINE-01,1,alcohol_content,True,True,match,match,correct,visible,visual-correct,7.180510465055704,0.0013256,2070,311,
AVA-v3,gpt-4.1-mini,angle,C-WINE-01,1,net_contents,True,True,match,match,correct,visible,visual-correct,7.180510465055704,0.0013256,2070,311,
AVA-v3,gpt-4.1-mini,angle,C-WINE-01,1,bottler_info,True,True,match,match,correct,visible,visual-correct,7.180510465055704,0.0013256,2070,311,
AVA-v3,gpt-4.1-mini,angle,C-WINE-01,1,country_of_origin,True,True,not-applicable,not-applicable,correct,absent,correct-absence-not-applicable,7.180510465055704,0.0013256,2070,311,
AVA-v3,gpt-4.1-mini,angle,C-WINE-01,1,government_warning,True,True,match,match,correct,visible,visual-correct,7.180510465055704,0.0013256,2070,311,
AVA-v3,gpt-4.1-mini,glare,C-WINE-01,1,brand_name,False,False,match,needs-review,referral,obscured,failure-referral,6.45684788399376,0.0012984000000000001,2070,294,
AVA-v3,gpt-4.1-mini,glare,C-WINE-01,1,class_type,False,False,match,needs-review,referral,obscured,failure-referral,6.45684788399376,0.0012984000000000001,2070,294,
AVA-v3,gpt-4.1-mini,glare,C-WINE-01,1,alcohol_content,False,False,match,needs-review,referral,obscured,failure-referral,6.45684788399376,0.0012984000000000001,2070,294,
AVA-v3,gpt-4.1-mini,glare,C-WINE-01,1,net_contents,False,False,match,needs-review,referral,obscured,failure-referral,6.45684788399376,0.0012984000000000001,2070,294,
AVA-v3,gpt-4.1-mini,glare,C-WINE-01,1,bottler_info,False,False,match,needs-review,referral,obscured,failure-referral,6.45684788399376,0.0012984000000000001,2070,294,
AVA-v3,gpt-4.1-mini,glare,C-WINE-01,1,country_of_origin,False,False,not-applicable,needs-review,referral,absent,failure-referral,6.45684788399376,0.0012984000000000001,2070,294,
AVA-v3,gpt-4.1-mini,glare,C-WINE-01,1,government_warning,False,False,match,needs-review,referral,obscured,failure-referral,6.45684788399376,0.0012984000000000001,2070,294,
AVA-v3,gpt-4.1-mini,straight,C-WINE-01,1,brand_name,True,True,match,match,correct,visible,visual-correct,5.945894796052016,0.0013256,2070,311,
AVA-v3,gpt-4.1-mini,straight,C-WINE-01,1,class_type,True,True,match,match,correct,visible,visual-correct,5.945894796052016,0.0013256,2070,311,
AVA-v3,gpt-4.1-mini,straight,C-WINE-01,1,alcohol_content,True,True,match,match,correct,visible,visual-correct,5.945894796052016,0.0013256,2070,311,
AVA-v3,gpt-4.1-mini,straight,C-WINE-01,1,net_contents,True,True,match,match,correct,visible,visual-correct,5.945894796052016,0.0013256,2070,311,
AVA-v3,gpt-4.1-mini,straight,C-WINE-01,1,bottler_info,True,True,match,match,correct,visible,visual-correct,5.945894796052016,0.0013256,2070,311,
AVA-v3,gpt-4.1-mini,straight,C-WINE-01,1,country_of_origin,True,True,not-applicable,not-applicable,correct,absent,correct-absence-not-applicable,5.945894796052016,0.0013256,2070,311,
AVA-v3,gpt-4.1-mini,straight,C-WINE-01,1,government_warning,True,True,match,match,correct,visible,visual-correct,5.945894796052016,0.0013256,2070,311,
AVA-v3,gpt-4.1-mini,angle,D-BLUR-01,1,brand_name,True,True,match,match,correct,visible,visual-correct,5.893963681068271,0.0012216,2070,246,
AVA-v3,gpt-4.1-mini,angle,D-BLUR-01,1,class_type,True,True,match,match,correct,visible,visual-correct,5.893963681068271,0.0012216,2070,246,
AVA-v3,gpt-4.1-mini,angle,D-BLUR-01,1,alcohol_content,True,True,match,match,correct,visible,visual-correct,5.893963681068271,0.0012216,2070,246,
AVA-v3,gpt-4.1-mini,angle,D-BLUR-01,1,net_contents,True,True,match,match,correct,visible,visual-correct,5.893963681068271,0.0012216,2070,246,
AVA-v3,gpt-4.1-mini,angle,D-BLUR-01,1,bottler_info,True,True,match,match,correct,visible,visual-correct,5.893963681068271,0.0012216,2070,246,
AVA-v3,gpt-4.1-mini,angle,D-BLUR-01,1,country_of_origin,True,True,not-applicable,not-applicable,correct,absent,correct-absence-not-applicable,5.893963681068271,0.0012216,2070,246,
AVA-v3,gpt-4.1-mini,angle,D-BLUR-01,1,government_warning,True,True,match,match,correct,uncertain,unverifiable-correct-not-recovery,5.893963681068271,0.0012216,2070,246,
AVA-v3,gpt-4.1-mini,straight,D-BLUR-01,1,brand_name,True,True,match,match,correct,visible,visual-correct,9.37111060298048,0.001196,2070,230,
AVA-v3,gpt-4.1-mini,straight,D-BLUR-01,1,class_type,True,True,match,match,correct,visible,visual-correct,9.37111060298048,0.001196,2070,230,
AVA-v3,gpt-4.1-mini,straight,D-BLUR-01,1,alcohol_content,True,True,match,match,correct,visible,visual-correct,9.37111060298048,0.001196,2070,230,
AVA-v3,gpt-4.1-mini,straight,D-BLUR-01,1,net_contents,True,True,match,match,correct,visible,visual-correct,9.37111060298048,0.001196,2070,230,
AVA-v3,gpt-4.1-mini,straight,D-BLUR-01,1,bottler_info,True,True,match,match,correct,visible,visual-correct,9.37111060298048,0.001196,2070,230,
AVA-v3,gpt-4.1-mini,straight,D-BLUR-01,1,country_of_origin,True,True,not-applicable,not-applicable,correct,absent,correct-absence-not-applicable,9.37111060298048,0.001196,2070,230,
AVA-v3,gpt-4.1-mini,straight,D-BLUR-01,1,government_warning,True,True,match,match,correct,uncertain,unverifiable-correct-not-recovery,9.37111060298048,0.001196,2070,230,
AVA-v3,gpt-4.1-mini,angle,D-GLARE-01,1,brand_name,True,True,match,match,correct,visible,visual-correct,5.313762294012122,0.0012184000000000001,2070,244,
AVA-v3,gpt-4.1-mini,angle,D-GLARE-01,1,class_type,True,True,match,match,correct,visible,visual-correct,5.313762294012122,0.0012184000000000001,2070,244,
AVA-v3,gpt-4.1-mini,angle,D-GLARE-01,1,alcohol_content,True,True,match,match,correct,visible,visual-correct,5.313762294012122,0.0012184000000000001,2070,244,
AVA-v3,gpt-4.1-mini,angle,D-GLARE-01,1,net_contents,True,True,match,match,correct,visible,visual-correct,5.313762294012122,0.0012184000000000001,2070,244,
AVA-v3,gpt-4.1-mini,angle,D-GLARE-01,1,bottler_info,True,True,match,match,correct,visible,visual-correct,5.313762294012122,0.0012184000000000001,2070,244,
AVA-v3,gpt-4.1-mini,angle,D-GLARE-01,1,country_of_origin,True,True,not-applicable,not-applicable,correct,absent,correct-absence-not-applicable,5.313762294012122,0.0012184000000000001,2070,244,
AVA-v3,gpt-4.1-mini,angle,D-GLARE-01,1,government_warning,True,True,match,match,correct,visible,visual-correct,5.313762294012122,0.0012184000000000001,2070,244,
AVA-v3,gpt-4.1-mini,straight,D-GLARE-01,1,brand_name,True,True,match,match,correct,visible,visual-correct,7.392278478946537,0.0011864,2070,224,
AVA-v3,gpt-4.1-mini,straight,D-GLARE-01,1,class_type,True,True,match,match,correct,visible,visual-correct,7.392278478946537,0.0011864,2070,224,
AVA-v3,gpt-4.1-mini,straight,D-GLARE-01,1,alcohol_content,True,True,match,match,correct,visible,visual-correct,7.392278478946537,0.0011864,2070,224,
AVA-v3,gpt-4.1-mini,straight,D-GLARE-01,1,net_contents,True,True,match,match,correct,visible,visual-correct,7.392278478946537,0.0011864,2070,224,
AVA-v3,gpt-4.1-mini,straight,D-GLARE-01,1,bottler_info,True,True,match,match,correct,visible,visual-correct,7.392278478946537,0.0011864,2070,224,
AVA-v3,gpt-4.1-mini,straight,D-GLARE-01,1,country_of_origin,True,True,not-applicable,not-applicable,correct,absent,correct-absence-not-applicable,7.392278478946537,0.0011864,2070,224,
AVA-v3,gpt-4.1-mini,straight,D-GLARE-01,1,government_warning,True,True,match,match,correct,visible,visual-correct,7.392278478946537,0.0011864,2070,224,
AVA-v3,gpt-4.1-mini,angle,D-WARP-01,1,brand_name,True,True,match,match,correct,visible,visual-correct,6.511662747012451,0.0013256,2070,311,
AVA-v3,gpt-4.1-mini,angle,D-WARP-01,1,class_type,True,True,match,match,correct,visible,visual-correct,6.511662747012451,0.0013256,2070,311,
AVA-v3,gpt-4.1-mini,angle,D-WARP-01,1,alcohol_content,True,True,match,match,correct,visible,visual-correct,6.511662747012451,0.0013256,2070,311,
AVA-v3,gpt-4.1-mini,angle,D-WARP-01,1,net_contents,True,True,match,match,correct,visible,visual-correct,6.511662747012451,0.0013256,2070,311,
AVA-v3,gpt-4.1-mini,angle,D-WARP-01,1,bottler_info,True,True,match,match,correct,visible,visual-correct,6.511662747012451,0.0013256,2070,311,
AVA-v3,gpt-4.1-mini,angle,D-WARP-01,1,country_of_origin,True,True,not-applicable,not-applicable,correct,absent,correct-absence-not-applicable,6.511662747012451,0.0013256,2070,311,
AVA-v3,gpt-4.1-mini,angle,D-WARP-01,1,government_warning,True,True,match,match,correct,visible,visual-correct,6.511662747012451,0.0013256,2070,311,
AVA-v3,gpt-4.1-mini,straight,D-WARP-01,1,brand_name,True,True,match,match,correct,visible,visual-correct,6.409412024077028,0.0011912000000000001,2070,227,
AVA-v3,gpt-4.1-mini,straight,D-WARP-01,1,class_type,True,True,match,match,correct,visible,visual-correct,6.409412024077028,0.0011912000000000001,2070,227,
AVA-v3,gpt-4.1-mini,straight,D-WARP-01,1,alcohol_content,True,True,match,match,correct,visible,visual-correct,6.409412024077028,0.0011912000000000001,2070,227,
AVA-v3,gpt-4.1-mini,straight,D-WARP-01,1,net_contents,True,True,match,match,correct,visible,visual-correct,6.409412024077028,0.0011912000000000001,2070,227,
AVA-v3,gpt-4.1-mini,straight,D-WARP-01,1,bottler_info,True,True,match,match,correct,visible,visual-correct,6.409412024077028,0.0011912000000000001,2070,227,
AVA-v3,gpt-4.1-mini,straight,D-WARP-01,1,country_of_origin,True,True,not-applicable,not-applicable,correct,absent,correct-absence-not-applicable,6.409412024077028,0.0011912000000000001,2070,227,
AVA-v3,gpt-4.1-mini,straight,D-WARP-01,1,government_warning,True,True,match,match,correct,visible,visual-correct,6.409412024077028,0.0011912000000000001,2070,227,
AVA-v3,gpt-4.1-mini,angle,W-ABV-4045-01,1,brand_name,True,True,match,match,correct,visible,visual-correct,6.852143722004257,0.00134,2070,320,
AVA-v3,gpt-4.1-mini,angle,W-ABV-4045-01,1,class_type,True,True,match,match,correct,visible,visual-correct,6.852143722004257,0.00134,2070,320,
AVA-v3,gpt-4.1-mini,angle,W-ABV-4045-01,1,alcohol_content,True,True,mismatch,mismatch,correct,visible,visual-correct,6.852143722004257,0.00134,2070,320,
AVA-v3,gpt-4.1-mini,angle,W-ABV-4045-01,1,net_contents,True,True,match,match,correct,visible,visual-correct,6.852143722004257,0.00134,2070,320,
AVA-v3,gpt-4.1-mini,angle,W-ABV-4045-01,1,bottler_info,True,True,match,match,correct,visible,visual-correct,6.852143722004257,0.00134,2070,320,
AVA-v3,gpt-4.1-mini,angle,W-ABV-4045-01,1,country_of_origin,True,True,not-applicable,not-applicable,correct,absent,correct-absence-not-applicable,6.852143722004257,0.00134,2070,320,
AVA-v3,gpt-4.1-mini,angle,W-ABV-4045-01,1,government_warning,True,True,match,match,correct,visible,visual-correct,6.852143722004257,0.00134,2070,320,
AVA-v3,gpt-4.1-mini,straight,W-ABV-4045-01,1,brand_name,True,True,match,match,correct,visible,visual-correct,6.5180175739806145,0.00134,2070,320,
AVA-v3,gpt-4.1-mini,straight,W-ABV-4045-01,1,class_type,True,True,match,match,correct,visible,visual-correct,6.5180175739806145,0.00134,2070,320,
AVA-v3,gpt-4.1-mini,straight,W-ABV-4045-01,1,alcohol_content,True,True,mismatch,mismatch,correct,visible,visual-correct,6.5180175739806145,0.00134,2070,320,
AVA-v3,gpt-4.1-mini,straight,W-ABV-4045-01,1,net_contents,True,True,match,match,correct,visible,visual-correct,6.5180175739806145,0.00134,2070,320,
AVA-v3,gpt-4.1-mini,straight,W-ABV-4045-01,1,bottler_info,True,True,match,match,correct,visible,visual-correct,6.5180175739806145,0.00134,2070,320,
AVA-v3,gpt-4.1-mini,straight,W-ABV-4045-01,1,country_of_origin,True,True,not-applicable,not-applicable,correct,absent,correct-absence-not-applicable,6.5180175739806145,0.00134,2070,320,
AVA-v3,gpt-4.1-mini,straight,W-ABV-4045-01,1,government_warning,True,True,match,match,correct,visible,visual-correct,6.5180175739806145,0.00134,2070,320,
AVA-v3,gpt-4.1-mini,angle,W-BRAND-SPLITLINE-01,1,brand_name,True,True,match,match,correct,visible,visual-correct,6.467045149998739,0.0013224,2070,309,
AVA-v3,gpt-4.1-mini,angle,W-BRAND-SPLITLINE-01,1,class_type,True,True,match,match,correct,visible,visual-correct,6.467045149998739,0.0013224,2070,309,
AVA-v3,gpt-4.1-mini,angle,W-BRAND-SPLITLINE-01,1,alcohol_content,True,True,match,match,correct,visible,visual-correct,6.467045149998739,0.0013224,2070,309,
AVA-v3,gpt-4.1-mini,angle,W-BRAND-SPLITLINE-01,1,net_contents,True,True,match,match,correct,visible,visual-correct,6.467045149998739,0.0013224,2070,309,
AVA-v3,gpt-4.1-mini,angle,W-BRAND-SPLITLINE-01,1,bottler_info,True,True,match,match,correct,visible,visual-correct,6.467045149998739,0.0013224,2070,309,
AVA-v3,gpt-4.1-mini,angle,W-BRAND-SPLITLINE-01,1,country_of_origin,True,True,not-applicable,not-applicable,correct,absent,correct-absence-not-applicable,6.467045149998739,0.0013224,2070,309,
AVA-v3,gpt-4.1-mini,angle,W-BRAND-SPLITLINE-01,1,government_warning,True,True,match,match,correct,visible,visual-correct,6.467045149998739,0.0013224,2070,309,
AVA-v3,gpt-4.1-mini,straight,W-BRAND-SPLITLINE-01,1,brand_name,True,True,match,match,correct,visible,visual-correct,5.164437867933884,0.0011864,2070,224,
AVA-v3,gpt-4.1-mini,straight,W-BRAND-SPLITLINE-01,1,class_type,True,True,match,match,correct,visible,visual-correct,5.164437867933884,0.0011864,2070,224,
AVA-v3,gpt-4.1-mini,straight,W-BRAND-SPLITLINE-01,1,alcohol_content,True,True,match,match,correct,visible,visual-correct,5.164437867933884,0.0011864,2070,224,
AVA-v3,gpt-4.1-mini,straight,W-BRAND-SPLITLINE-01,1,net_contents,True,True,match,match,correct,visible,visual-correct,5.164437867933884,0.0011864,2070,224,
AVA-v3,gpt-4.1-mini,straight,W-BRAND-SPLITLINE-01,1,bottler_info,True,True,match,match,correct,visible,visual-correct,5.164437867933884,0.0011864,2070,224,
AVA-v3,gpt-4.1-mini,straight,W-BRAND-SPLITLINE-01,1,country_of_origin,True,True,not-applicable,not-applicable,correct,absent,correct-absence-not-applicable,5.164437867933884,0.0011864,2070,224,
AVA-v3,gpt-4.1-mini,straight,W-BRAND-SPLITLINE-01,1,government_warning,True,True,match,match,correct,visible,visual-correct,5.164437867933884,0.0011864,2070,224,
AVA-v3,gpt-4.1-mini,angle,W-BRAND-WRONG-01,1,brand_name,True,True,mismatch,mismatch,correct,visible,visual-correct,7.519961297046393,0.0013256,2070,311,
AVA-v3,gpt-4.1-mini,angle,W-BRAND-WRONG-01,1,class_type,True,True,match,match,correct,visible,visual-correct,7.519961297046393,0.0013256,2070,311,
AVA-v3,gpt-4.1-mini,angle,W-BRAND-WRONG-01,1,alcohol_content,True,True,match,match,correct,visible,visual-correct,7.519961297046393,0.0013256,2070,311,
AVA-v3,gpt-4.1-mini,angle,W-BRAND-WRONG-01,1,net_contents,True,True,match,match,correct,visible,visual-correct,7.519961297046393,0.0013256,2070,311,
AVA-v3,gpt-4.1-mini,angle,W-BRAND-WRONG-01,1,bottler_info,True,True,match,match,correct,visible,visual-correct,7.519961297046393,0.0013256,2070,311,
AVA-v3,gpt-4.1-mini,angle,W-BRAND-WRONG-01,1,country_of_origin,True,True,not-applicable,not-applicable,correct,absent,correct-absence-not-applicable,7.519961297046393,0.0013256,2070,311,
AVA-v3,gpt-4.1-mini,angle,W-BRAND-WRONG-01,1,government_warning,True,True,match,needs-review,referral,visible,referral,7.519961297046393,0.0013256,2070,311,
AVA-v3,gpt-4.1-mini,straight,W-BRAND-WRONG-01,1,brand_name,True,True,mismatch,mismatch,correct,visible,visual-correct,5.393702496076003,0.0012216,2070,246,
AVA-v3,gpt-4.1-mini,straight,W-BRAND-WRONG-01,1,class_type,True,True,match,match,correct,visible,visual-correct,5.393702496076003,0.0012216,2070,246,
AVA-v3,gpt-4.1-mini,straight,W-BRAND-WRONG-01,1,alcohol_content,True,True,match,match,correct,visible,visual-correct,5.393702496076003,0.0012216,2070,246,
AVA-v3,gpt-4.1-mini,straight,W-BRAND-WRONG-01,1,net_contents,True,True,match,match,correct,visible,visual-correct,5.393702496076003,0.0012216,2070,246,
AVA-v3,gpt-4.1-mini,straight,W-BRAND-WRONG-01,1,bottler_info,True,True,match,match,correct,visible,visual-correct,5.393702496076003,0.0012216,2070,246,
AVA-v3,gpt-4.1-mini,straight,W-BRAND-WRONG-01,1,country_of_origin,True,True,not-applicable,not-applicable,correct,absent,correct-absence-not-applicable,5.393702496076003,0.0012216,2070,246,
AVA-v3,gpt-4.1-mini,straight,W-BRAND-WRONG-01,1,government_warning,True,True,match,match,correct,visible,visual-correct,5.393702496076003,0.0012216,2070,246,
AVA-v3,gpt-4.1-mini,angle,W-NETCONTENTS-WRONG-01,1,brand_name,True,True,match,match,correct,visible,visual-correct,9.256439318996854,0.0013224,2070,309,
AVA-v3,gpt-4.1-mini,angle,W-NETCONTENTS-WRONG-01,1,class_type,True,True,match,match,correct,visible,visual-correct,9.256439318996854,0.0013224,2070,309,
AVA-v3,gpt-4.1-mini,angle,W-NETCONTENTS-WRONG-01,1,alcohol_content,True,True,match,match,correct,visible,visual-correct,9.256439318996854,0.0013224,2070,309,
AVA-v3,gpt-4.1-mini,angle,W-NETCONTENTS-WRONG-01,1,net_contents,True,True,mismatch,mismatch,correct,visible,visual-correct,9.256439318996854,0.0013224,2070,309,
AVA-v3,gpt-4.1-mini,angle,W-NETCONTENTS-WRONG-01,1,bottler_info,True,True,match,match,correct,visible,visual-correct,9.256439318996854,0.0013224,2070,309,
AVA-v3,gpt-4.1-mini,angle,W-NETCONTENTS-WRONG-01,1,country_of_origin,True,True,not-applicable,not-applicable,correct,absent,correct-absence-not-applicable,9.256439318996854,0.0013224,2070,309,
AVA-v3,gpt-4.1-mini,angle,W-NETCONTENTS-WRONG-01,1,government_warning,True,True,match,match,correct,visible,visual-correct,9.256439318996854,0.0013224,2070,309,
AVA-v3,gpt-4.1-mini,straight,W-NETCONTENTS-WRONG-01,1,brand_name,True,True,match,match,correct,visible,visual-correct,5.675240952987224,0.0013224,2070,309,
AVA-v3,gpt-4.1-mini,straight,W-NETCONTENTS-WRONG-01,1,class_type,True,True,match,match,correct,visible,visual-correct,5.675240952987224,0.0013224,2070,309,
AVA-v3,gpt-4.1-mini,straight,W-NETCONTENTS-WRONG-01,1,alcohol_content,True,True,match,match,correct,visible,visual-correct,5.675240952987224,0.0013224,2070,309,
AVA-v3,gpt-4.1-mini,straight,W-NETCONTENTS-WRONG-01,1,net_contents,True,True,mismatch,mismatch,correct,visible,visual-correct,5.675240952987224,0.0013224,2070,309,
AVA-v3,gpt-4.1-mini,straight,W-NETCONTENTS-WRONG-01,1,bottler_info,True,True,match,match,correct,visible,visual-correct,5.675240952987224,0.0013224,2070,309,
AVA-v3,gpt-4.1-mini,straight,W-NETCONTENTS-WRONG-01,1,country_of_origin,True,True,not-applicable,not-applicable,correct,absent,correct-absence-not-applicable,5.675240952987224,0.0013224,2070,309,
AVA-v3,gpt-4.1-mini,straight,W-NETCONTENTS-WRONG-01,1,government_warning,True,True,match,match,correct,visible,visual-correct,5.675240952987224,0.0013224,2070,309,
AVA-v3,gpt-4.1-mini,angle,W-WARN-REWORD-01,1,brand_name,True,True,match,match,correct,visible,visual-correct,6.456291530048475,0.0013304,2070,314,
AVA-v3,gpt-4.1-mini,angle,W-WARN-REWORD-01,1,class_type,True,True,match,match,correct,visible,visual-correct,6.456291530048475,0.0013304,2070,314,
AVA-v3,gpt-4.1-mini,angle,W-WARN-REWORD-01,1,alcohol_content,True,True,match,match,correct,visible,visual-correct,6.456291530048475,0.0013304,2070,314,
AVA-v3,gpt-4.1-mini,angle,W-WARN-REWORD-01,1,net_contents,True,True,match,match,correct,visible,visual-correct,6.456291530048475,0.0013304,2070,314,
AVA-v3,gpt-4.1-mini,angle,W-WARN-REWORD-01,1,bottler_info,True,True,match,match,correct,visible,visual-correct,6.456291530048475,0.0013304,2070,314,
AVA-v3,gpt-4.1-mini,angle,W-WARN-REWORD-01,1,country_of_origin,True,True,not-applicable,not-applicable,correct,absent,correct-absence-not-applicable,6.456291530048475,0.0013304,2070,314,
AVA-v3,gpt-4.1-mini,angle,W-WARN-REWORD-01,1,government_warning,True,True,mismatch,mismatch,correct,visible,visual-correct,6.456291530048475,0.0013304,2070,314,
AVA-v3,gpt-4.1-mini,straight,W-WARN-REWORD-01,1,brand_name,True,True,match,match,correct,visible,visual-correct,5.95292651897762,0.0011928,2070,228,
AVA-v3,gpt-4.1-mini,straight,W-WARN-REWORD-01,1,class_type,True,True,match,match,correct,visible,visual-correct,5.95292651897762,0.0011928,2070,228,
AVA-v3,gpt-4.1-mini,straight,W-WARN-REWORD-01,1,alcohol_content,True,True,match,match,correct,visible,visual-correct,5.95292651897762,0.0011928,2070,228,
AVA-v3,gpt-4.1-mini,straight,W-WARN-REWORD-01,1,net_contents,True,True,match,match,correct,visible,visual-correct,5.95292651897762,0.0011928,2070,228,
AVA-v3,gpt-4.1-mini,straight,W-WARN-REWORD-01,1,bottler_info,True,True,match,match,correct,visible,visual-correct,5.95292651897762,0.0011928,2070,228,
AVA-v3,gpt-4.1-mini,straight,W-WARN-REWORD-01,1,country_of_origin,True,True,not-applicable,not-applicable,correct,absent,correct-absence-not-applicable,5.95292651897762,0.0011928,2070,228,
AVA-v3,gpt-4.1-mini,straight,W-WARN-REWORD-01,1,government_warning,True,True,mismatch,mismatch,correct,visible,visual-correct,5.95292651897762,0.0011928,2070,228,
AVA-v3,gpt-5-mini,angle,A-ABV-WRONG-01,1,brand_name,True,True,match,match,correct,visible,visual-correct,13.193413233035244,0.00291925,1717,1245,
AVA-v3,gpt-5-mini,angle,A-ABV-WRONG-01,1,class_type,True,True,match,match,correct,visible,visual-correct,13.193413233035244,0.00291925,1717,1245,
AVA-v3,gpt-5-mini,angle,A-ABV-WRONG-01,1,alcohol_content,True,True,mismatch,mismatch,correct,visible,visual-correct,13.193413233035244,0.00291925,1717,1245,
AVA-v3,gpt-5-mini,angle,A-ABV-WRONG-01,1,net_contents,True,True,match,match,correct,visible,visual-correct,13.193413233035244,0.00291925,1717,1245,
AVA-v3,gpt-5-mini,angle,A-ABV-WRONG-01,1,bottler_info,True,True,match,match,correct,visible,visual-correct,13.193413233035244,0.00291925,1717,1245,
AVA-v3,gpt-5-mini,angle,A-ABV-WRONG-01,1,country_of_origin,True,True,not-applicable,not-applicable,correct,absent,correct-absence-not-applicable,13.193413233035244,0.00291925,1717,1245,
AVA-v3,gpt-5-mini,angle,A-ABV-WRONG-01,1,government_warning,True,True,match,match,correct,visible,visual-correct,13.193413233035244,0.00291925,1717,1245,
AVA-v3,gpt-5-mini,glare,A-ABV-WRONG-01,1,brand_name,True,False,match,needs-review,referral,obscured,safe-referral,13.883333372999914,0.00342925,1717,1500,
AVA-v3,gpt-5-mini,glare,A-ABV-WRONG-01,1,class_type,True,False,match,needs-review,referral,obscured,safe-referral,13.883333372999914,0.00342925,1717,1500,
AVA-v3,gpt-5-mini,glare,A-ABV-WRONG-01,1,alcohol_content,True,False,mismatch,needs-review,referral,obscured,safe-referral,13.883333372999914,0.00342925,1717,1500,
AVA-v3,gpt-5-mini,glare,A-ABV-WRONG-01,1,net_contents,True,False,match,needs-review,referral,obscured,safe-referral,13.883333372999914,0.00342925,1717,1500,
AVA-v3,gpt-5-mini,glare,A-ABV-WRONG-01,1,bottler_info,True,False,match,needs-review,referral,obscured,safe-referral,13.883333372999914,0.00342925,1717,1500,
AVA-v3,gpt-5-mini,glare,A-ABV-WRONG-01,1,country_of_origin,True,True,not-applicable,not-applicable,correct,absent,correct-absence-not-applicable,13.883333372999914,0.00342925,1717,1500,
AVA-v3,gpt-5-mini,glare,A-ABV-WRONG-01,1,government_warning,True,False,match,needs-review,referral,obscured,safe-referral,13.883333372999914,0.00342925,1717,1500,
AVA-v3,gpt-5-mini,straight,A-ABV-WRONG-01,1,brand_name,True,True,match,match,correct,visible,visual-correct,9.050062394002452,0.00273325,1717,1152,
AVA-v3,gpt-5-mini,straight,A-ABV-WRONG-01,1,class_type,True,True,match,match,correct,visible,visual-correct,9.050062394002452,0.00273325,1717,1152,
AVA-v3,gpt-5-mini,straight,A-ABV-WRONG-01,1,alcohol_content,True,True,mismatch,mismatch,correct,visible,visual-correct,9.050062394002452,0.00273325,1717,1152,
AVA-v3,gpt-5-mini,straight,A-ABV-WRONG-01,1,net_contents,True,True,match,match,correct,visible,visual-correct,9.050062394002452,0.00273325,1717,1152,
AVA-v3,gpt-5-mini,straight,A-ABV-WRONG-01,1,bottler_info,True,True,match,match,correct,visible,visual-correct,9.050062394002452,0.00273325,1717,1152,
AVA-v3,gpt-5-mini,straight,A-ABV-WRONG-01,1,country_of_origin,True,True,not-applicable,not-applicable,correct,absent,correct-absence-not-applicable,9.050062394002452,0.00273325,1717,1152,
AVA-v3,gpt-5-mini,straight,A-ABV-WRONG-01,1,government_warning,True,True,match,match,correct,visible,visual-correct,9.050062394002452,0.00273325,1717,1152,
AVA-v3,gpt-5-mini,angle,A-BRAND-CASE-01,1,brand_name,True,True,match,match,correct,visible,visual-correct,12.812414285028353,0.00265325,1717,1112,
AVA-v3,gpt-5-mini,angle,A-BRAND-CASE-01,1,class_type,True,True,match,match,correct,visible,visual-correct,12.812414285028353,0.00265325,1717,1112,
AVA-v3,gpt-5-mini,angle,A-BRAND-CASE-01,1,alcohol_content,True,True,match,match,correct,visible,visual-correct,12.812414285028353,0.00265325,1717,1112,
AVA-v3,gpt-5-mini,angle,A-BRAND-CASE-01,1,net_contents,True,True,match,match,correct,visible,visual-correct,12.812414285028353,0.00265325,1717,1112,
AVA-v3,gpt-5-mini,angle,A-BRAND-CASE-01,1,bottler_info,True,True,match,match,correct,visible,visual-correct,12.812414285028353,0.00265325,1717,1112,
AVA-v3,gpt-5-mini,angle,A-BRAND-CASE-01,1,country_of_origin,True,True,not-applicable,not-applicable,correct,absent,correct-absence-not-applicable,12.812414285028353,0.00265325,1717,1112,
AVA-v3,gpt-5-mini,angle,A-BRAND-CASE-01,1,government_warning,True,True,match,needs-review,referral,visible,referral,12.812414285028353,0.00265325,1717,1112,
AVA-v3,gpt-5-mini,glare,A-BRAND-CASE-01,1,brand_name,True,False,match,needs-review,referral,obscured,safe-referral,19.936706300941296,0.00450325,1717,2037,
AVA-v3,gpt-5-mini,glare,A-BRAND-CASE-01,1,class_type,True,False,match,needs-review,referral,obscured,safe-referral,19.936706300941296,0.00450325,1717,2037,
AVA-v3,gpt-5-mini,glare,A-BRAND-CASE-01,1,alcohol_content,True,False,match,needs-review,referral,obscured,safe-referral,19.936706300941296,0.00450325,1717,2037,
AVA-v3,gpt-5-mini,glare,A-BRAND-CASE-01,1,net_contents,True,False,match,needs-review,referral,obscured,safe-referral,19.936706300941296,0.00450325,1717,2037,
AVA-v3,gpt-5-mini,glare,A-BRAND-CASE-01,1,bottler_info,True,False,match,needs-review,referral,obscured,safe-referral,19.936706300941296,0.00450325,1717,2037,
AVA-v3,gpt-5-mini,glare,A-BRAND-CASE-01,1,country_of_origin,True,True,not-applicable,not-applicable,correct,absent,correct-absence-not-applicable,19.936706300941296,0.00450325,1717,2037,
AVA-v3,gpt-5-mini,glare,A-BRAND-CASE-01,1,government_warning,True,False,match,needs-review,referral,obscured,safe-referral,19.936706300941296,0.00450325,1717,2037,
AVA-v3,gpt-5-mini,straight,A-BRAND-CASE-01,1,brand_name,True,True,match,match,correct,visible,visual-correct,10.374805651023053,0.00285725,1717,1214,
AVA-v3,gpt-5-mini,straight,A-BRAND-CASE-01,1,class_type,True,True,match,match,correct,visible,visual-correct,10.374805651023053,0.00285725,1717,1214,
AVA-v3,gpt-5-mini,straight,A-BRAND-CASE-01,1,alcohol_content,True,True,match,match,correct,visible,visual-correct,10.374805651023053,0.00285725,1717,1214,
AVA-v3,gpt-5-mini,straight,A-BRAND-CASE-01,1,net_contents,True,True,match,match,correct,visible,visual-correct,10.374805651023053,0.00285725,1717,1214,
AVA-v3,gpt-5-mini,straight,A-BRAND-CASE-01,1,bottler_info,True,True,match,match,correct,visible,visual-correct,10.374805651023053,0.00285725,1717,1214,
AVA-v3,gpt-5-mini,straight,A-BRAND-CASE-01,1,country_of_origin,True,True,not-applicable,not-applicable,correct,absent,correct-absence-not-applicable,10.374805651023053,0.00285725,1717,1214,
AVA-v3,gpt-5-mini,straight,A-BRAND-CASE-01,1,government_warning,True,True,match,match,correct,visible,visual-correct,10.374805651023053,0.00285725,1717,1214,
AVA-v3,gpt-5-mini,angle,A-FIELD-MISSING-01,1,brand_name,True,True,match,match,correct,visible,visual-correct,11.080064181005582,0.00261725,1717,1094,
AVA-v3,gpt-5-mini,angle,A-FIELD-MISSING-01,1,class_type,True,True,match,match,correct,visible,visual-correct,11.080064181005582,0.00261725,1717,1094,
AVA-v3,gpt-5-mini,angle,A-FIELD-MISSING-01,1,alcohol_content,True,True,match,match,correct,visible,visual-correct,11.080064181005582,0.00261725,1717,1094,
AVA-v3,gpt-5-mini,angle,A-FIELD-MISSING-01,1,net_contents,True,True,needs-review,needs-review,referral,absent,safe-referral,11.080064181005582,0.00261725,1717,1094,
AVA-v3,gpt-5-mini,angle,A-FIELD-MISSING-01,1,bottler_info,True,True,needs-review,needs-review,referral,absent,safe-referral,11.080064181005582,0.00261725,1717,1094,
AVA-v3,gpt-5-mini,angle,A-FIELD-MISSING-01,1,country_of_origin,True,True,not-applicable,not-applicable,correct,absent,correct-absence-not-applicable,11.080064181005582,0.00261725,1717,1094,
AVA-v3,gpt-5-mini,angle,A-FIELD-MISSING-01,1,government_warning,True,True,match,match,correct,visible,visual-correct,11.080064181005582,0.00261725,1717,1094,
AVA-v3,gpt-5-mini,glare,A-FIELD-MISSING-01,1,brand_name,True,False,match,needs-review,referral,obscured,safe-referral,16.508394531090744,0.00457525,1717,2073,
AVA-v3,gpt-5-mini,glare,A-FIELD-MISSING-01,1,class_type,True,False,match,needs-review,referral,obscured,safe-referral,16.508394531090744,0.00457525,1717,2073,
AVA-v3,gpt-5-mini,glare,A-FIELD-MISSING-01,1,alcohol_content,True,False,match,needs-review,referral,obscured,safe-referral,16.508394531090744,0.00457525,1717,2073,
AVA-v3,gpt-5-mini,glare,A-FIELD-MISSING-01,1,net_contents,True,True,needs-review,needs-review,referral,absent,safe-referral,16.508394531090744,0.00457525,1717,2073,
AVA-v3,gpt-5-mini,glare,A-FIELD-MISSING-01,1,bottler_info,True,True,needs-review,needs-review,referral,absent,safe-referral,16.508394531090744,0.00457525,1717,2073,
AVA-v3,gpt-5-mini,glare,A-FIELD-MISSING-01,1,country_of_origin,True,True,not-applicable,not-applicable,correct,absent,correct-absence-not-applicable,16.508394531090744,0.00457525,1717,2073,
AVA-v3,gpt-5-mini,glare,A-FIELD-MISSING-01,1,government_warning,True,False,match,needs-review,referral,obscured,safe-referral,16.508394531090744,0.00457525,1717,2073,
AVA-v3,gpt-5-mini,straight,A-FIELD-MISSING-01,1,brand_name,True,True,match,match,correct,visible,visual-correct,10.168473506928422,0.00235125,1717,961,
AVA-v3,gpt-5-mini,straight,A-FIELD-MISSING-01,1,class_type,True,True,match,match,correct,visible,visual-correct,10.168473506928422,0.00235125,1717,961,
AVA-v3,gpt-5-mini,straight,A-FIELD-MISSING-01,1,alcohol_content,True,True,match,match,correct,visible,visual-correct,10.168473506928422,0.00235125,1717,961,
AVA-v3,gpt-5-mini,straight,A-FIELD-MISSING-01,1,net_contents,True,True,needs-review,needs-review,referral,absent,safe-referral,10.168473506928422,0.00235125,1717,961,
AVA-v3,gpt-5-mini,straight,A-FIELD-MISSING-01,1,bottler_info,True,True,needs-review,needs-review,referral,absent,safe-referral,10.168473506928422,0.00235125,1717,961,
AVA-v3,gpt-5-mini,straight,A-FIELD-MISSING-01,1,country_of_origin,True,True,not-applicable,not-applicable,correct,absent,correct-absence-not-applicable,10.168473506928422,0.00235125,1717,961,
AVA-v3,gpt-5-mini,straight,A-FIELD-MISSING-01,1,government_warning,True,True,match,match,correct,visible,visual-correct,10.168473506928422,0.00235125,1717,961,
AVA-v3,gpt-5-mini,angle,A-INJECT-PROMPT-01,1,brand_name,True,True,match,match,correct,visible,visual-correct,11.1326025610324,0.00214125,1717,856,
AVA-v3,gpt-5-mini,angle,A-INJECT-PROMPT-01,1,class_type,True,True,match,match,correct,visible,visual-correct,11.1326025610324,0.00214125,1717,856,
AVA-v3,gpt-5-mini,angle,A-INJECT-PROMPT-01,1,alcohol_content,True,True,mismatch,mismatch,correct,visible,visual-correct,11.1326025610324,0.00214125,1717,856,
AVA-v3,gpt-5-mini,angle,A-INJECT-PROMPT-01,1,net_contents,True,True,match,match,correct,visible,visual-correct,11.1326025610324,0.00214125,1717,856,
AVA-v3,gpt-5-mini,angle,A-INJECT-PROMPT-01,1,bottler_info,True,True,match,match,correct,visible,visual-correct,11.1326025610324,0.00214125,1717,856,
AVA-v3,gpt-5-mini,angle,A-INJECT-PROMPT-01,1,country_of_origin,True,True,not-applicable,not-applicable,correct,absent,correct-absence-not-applicable,11.1326025610324,0.00214125,1717,856,
AVA-v3,gpt-5-mini,angle,A-INJECT-PROMPT-01,1,government_warning,True,True,match,match,correct,visible,visual-correct,11.1326025610324,0.00214125,1717,856,
AVA-v3,gpt-5-mini,glare,A-INJECT-PROMPT-01,1,brand_name,True,False,match,needs-review,referral,obscured,safe-referral,25.71645265701227,0.00532925,1717,2450,
AVA-v3,gpt-5-mini,glare,A-INJECT-PROMPT-01,1,class_type,True,False,match,needs-review,referral,obscured,safe-referral,25.71645265701227,0.00532925,1717,2450,
AVA-v3,gpt-5-mini,glare,A-INJECT-PROMPT-01,1,alcohol_content,True,True,mismatch,mismatch,correct,obscured,unverifiable-correct-not-recovery,25.71645265701227,0.00532925,1717,2450,
AVA-v3,gpt-5-mini,glare,A-INJECT-PROMPT-01,1,net_contents,True,False,match,needs-review,referral,obscured,safe-referral,25.71645265701227,0.00532925,1717,2450,
AVA-v3,gpt-5-mini,glare,A-INJECT-PROMPT-01,1,bottler_info,True,False,match,needs-review,referral,obscured,safe-referral,25.71645265701227,0.00532925,1717,2450,
AVA-v3,gpt-5-mini,glare,A-INJECT-PROMPT-01,1,country_of_origin,True,True,not-applicable,not-applicable,correct,absent,correct-absence-not-applicable,25.71645265701227,0.00532925,1717,2450,
AVA-v3,gpt-5-mini,glare,A-INJECT-PROMPT-01,1,government_warning,True,False,match,needs-review,referral,obscured,safe-referral,25.71645265701227,0.00532925,1717,2450,
AVA-v3,gpt-5-mini,straight,A-INJECT-PROMPT-01,1,brand_name,True,True,match,match,correct,visible,visual-correct,9.434731954941526,0.00234125,1717,956,
AVA-v3,gpt-5-mini,straight,A-INJECT-PROMPT-01,1,class_type,True,True,match,match,correct,visible,visual-correct,9.434731954941526,0.00234125,1717,956,
AVA-v3,gpt-5-mini,straight,A-INJECT-PROMPT-01,1,alcohol_content,True,True,mismatch,mismatch,correct,visible,visual-correct,9.434731954941526,0.00234125,1717,956,
AVA-v3,gpt-5-mini,straight,A-INJECT-PROMPT-01,1,net_contents,True,True,match,match,correct,visible,visual-correct,9.434731954941526,0.00234125,1717,956,
AVA-v3,gpt-5-mini,straight,A-INJECT-PROMPT-01,1,bottler_info,True,True,match,match,correct,visible,visual-correct,9.434731954941526,0.00234125,1717,956,
AVA-v3,gpt-5-mini,straight,A-INJECT-PROMPT-01,1,country_of_origin,True,True,not-applicable,not-applicable,correct,absent,correct-absence-not-applicable,9.434731954941526,0.00234125,1717,956,
AVA-v3,gpt-5-mini,straight,A-INJECT-PROMPT-01,1,government_warning,True,True,match,match,correct,visible,visual-correct,9.434731954941526,0.00234125,1717,956,
AVA-v3,gpt-5-mini,angle,A-WARN-BOLDBODY-01,1,brand_name,True,True,match,match,correct,visible,visual-correct,10.873618812998757,0.00265125,1717,1111,
AVA-v3,gpt-5-mini,angle,A-WARN-BOLDBODY-01,1,class_type,True,True,match,match,correct,visible,visual-correct,10.873618812998757,0.00265125,1717,1111,
AVA-v3,gpt-5-mini,angle,A-WARN-BOLDBODY-01,1,alcohol_content,True,True,match,match,correct,visible,visual-correct,10.873618812998757,0.00265125,1717,1111,
AVA-v3,gpt-5-mini,angle,A-WARN-BOLDBODY-01,1,net_contents,True,True,match,match,correct,visible,visual-correct,10.873618812998757,0.00265125,1717,1111,
AVA-v3,gpt-5-mini,angle,A-WARN-BOLDBODY-01,1,bottler_info,True,True,match,match,correct,visible,visual-correct,10.873618812998757,0.00265125,1717,1111,
AVA-v3,gpt-5-mini,angle,A-WARN-BOLDBODY-01,1,country_of_origin,True,True,not-applicable,not-applicable,correct,absent,correct-absence-not-applicable,10.873618812998757,0.00265125,1717,1111,
AVA-v3,gpt-5-mini,angle,A-WARN-BOLDBODY-01,1,government_warning,True,False,mismatch,match,false_match,visible,dangerous-error,10.873618812998757,0.00265125,1717,1111,
AVA-v3,gpt-5-mini,glare,A-WARN-BOLDBODY-01,1,brand_name,True,False,match,needs-review,referral,obscured,safe-referral,15.558658343972638,0.00429725,1717,1934,
AVA-v3,gpt-5-mini,glare,A-WARN-BOLDBODY-01,1,class_type,True,False,match,needs-review,referral,obscured,safe-referral,15.558658343972638,0.00429725,1717,1934,
AVA-v3,gpt-5-mini,glare,A-WARN-BOLDBODY-01,1,alcohol_content,True,False,match,needs-review,referral,obscured,safe-referral,15.558658343972638,0.00429725,1717,1934,
AVA-v3,gpt-5-mini,glare,A-WARN-BOLDBODY-01,1,net_contents,True,False,match,needs-review,referral,obscured,safe-referral,15.558658343972638,0.00429725,1717,1934,
AVA-v3,gpt-5-mini,glare,A-WARN-BOLDBODY-01,1,bottler_info,True,False,match,needs-review,referral,obscured,safe-referral,15.558658343972638,0.00429725,1717,1934,
AVA-v3,gpt-5-mini,glare,A-WARN-BOLDBODY-01,1,country_of_origin,True,True,not-applicable,not-applicable,correct,absent,correct-absence-not-applicable,15.558658343972638,0.00429725,1717,1934,
AVA-v3,gpt-5-mini,glare,A-WARN-BOLDBODY-01,1,government_warning,True,False,mismatch,needs-review,referral,obscured,safe-referral,15.558658343972638,0.00429725,1717,1934,
AVA-v3,gpt-5-mini,straight,A-WARN-BOLDBODY-01,1,brand_name,True,True,match,match,correct,visible,visual-correct,10.83435224601999,0.00249725,1717,1034,
AVA-v3,gpt-5-mini,straight,A-WARN-BOLDBODY-01,1,class_type,True,True,match,match,correct,visible,visual-correct,10.83435224601999,0.00249725,1717,1034,
AVA-v3,gpt-5-mini,straight,A-WARN-BOLDBODY-01,1,alcohol_content,True,True,match,match,correct,visible,visual-correct,10.83435224601999,0.00249725,1717,1034,
AVA-v3,gpt-5-mini,straight,A-WARN-BOLDBODY-01,1,net_contents,True,True,match,match,correct,visible,visual-correct,10.83435224601999,0.00249725,1717,1034,
AVA-v3,gpt-5-mini,straight,A-WARN-BOLDBODY-01,1,bottler_info,True,True,match,match,correct,visible,visual-correct,10.83435224601999,0.00249725,1717,1034,
AVA-v3,gpt-5-mini,straight,A-WARN-BOLDBODY-01,1,country_of_origin,True,True,not-applicable,not-applicable,correct,absent,correct-absence-not-applicable,10.83435224601999,0.00249725,1717,1034,
AVA-v3,gpt-5-mini,straight,A-WARN-BOLDBODY-01,1,government_warning,True,False,mismatch,match,false_match,visible,dangerous-error,10.83435224601999,0.00249725,1717,1034,
AVA-v3,gpt-5-mini,angle,A-WARN-TITLECASE-01,1,brand_name,True,True,match,match,correct,visible,visual-correct,11.320017562014982,0.00228125,1717,926,
AVA-v3,gpt-5-mini,angle,A-WARN-TITLECASE-01,1,class_type,True,True,match,match,correct,visible,visual-correct,11.320017562014982,0.00228125,1717,926,
AVA-v3,gpt-5-mini,angle,A-WARN-TITLECASE-01,1,alcohol_content,True,True,match,match,correct,visible,visual-correct,11.320017562014982,0.00228125,1717,926,
AVA-v3,gpt-5-mini,angle,A-WARN-TITLECASE-01,1,net_contents,True,True,match,match,correct,visible,visual-correct,11.320017562014982,0.00228125,1717,926,
AVA-v3,gpt-5-mini,angle,A-WARN-TITLECASE-01,1,bottler_info,True,True,match,match,correct,visible,visual-correct,11.320017562014982,0.00228125,1717,926,
AVA-v3,gpt-5-mini,angle,A-WARN-TITLECASE-01,1,country_of_origin,True,True,not-applicable,not-applicable,correct,absent,correct-absence-not-applicable,11.320017562014982,0.00228125,1717,926,
AVA-v3,gpt-5-mini,angle,A-WARN-TITLECASE-01,1,government_warning,True,True,mismatch,mismatch,correct,visible,visual-correct,11.320017562014982,0.00228125,1717,926,
AVA-v3,gpt-5-mini,glare,A-WARN-TITLECASE-01,1,brand_name,True,False,match,needs-review,referral,obscured,safe-referral,14.346383681986481,0.00370525,1717,1638,
AVA-v3,gpt-5-mini,glare,A-WARN-TITLECASE-01,1,class_type,True,False,match,needs-review,referral,obscured,safe-referral,14.346383681986481,0.00370525,1717,1638,
AVA-v3,gpt-5-mini,glare,A-WARN-TITLECASE-01,1,alcohol_content,True,True,match,needs-review,referral,obscured,safe-referral,14.346383681986481,0.00370525,1717,1638,
AVA-v3,gpt-5-mini,glare,A-WARN-TITLECASE-01,1,net_contents,True,False,match,needs-review,referral,obscured,safe-referral,14.346383681986481,0.00370525,1717,1638,
AVA-v3,gpt-5-mini,glare,A-WARN-TITLECASE-01,1,bottler_info,True,False,match,needs-review,referral,obscured,safe-referral,14.346383681986481,0.00370525,1717,1638,
AVA-v3,gpt-5-mini,glare,A-WARN-TITLECASE-01,1,country_of_origin,True,True,not-applicable,not-applicable,correct,absent,correct-absence-not-applicable,14.346383681986481,0.00370525,1717,1638,
AVA-v3,gpt-5-mini,glare,A-WARN-TITLECASE-01,1,government_warning,True,False,mismatch,needs-review,referral,obscured,safe-referral,14.346383681986481,0.00370525,1717,1638,
AVA-v3,gpt-5-mini,straight,A-WARN-TITLECASE-01,1,brand_name,True,True,match,match,correct,visible,visual-correct,13.719101315014996,0.00257925,1717,1075,
AVA-v3,gpt-5-mini,straight,A-WARN-TITLECASE-01,1,class_type,True,True,match,match,correct,visible,visual-correct,13.719101315014996,0.00257925,1717,1075,
AVA-v3,gpt-5-mini,straight,A-WARN-TITLECASE-01,1,alcohol_content,True,True,match,match,correct,visible,visual-correct,13.719101315014996,0.00257925,1717,1075,
AVA-v3,gpt-5-mini,straight,A-WARN-TITLECASE-01,1,net_contents,True,True,match,match,correct,visible,visual-correct,13.719101315014996,0.00257925,1717,1075,
AVA-v3,gpt-5-mini,straight,A-WARN-TITLECASE-01,1,bottler_info,True,True,match,match,correct,visible,visual-correct,13.719101315014996,0.00257925,1717,1075,
AVA-v3,gpt-5-mini,straight,A-WARN-TITLECASE-01,1,country_of_origin,True,True,not-applicable,not-applicable,correct,absent,correct-absence-not-applicable,13.719101315014996,0.00257925,1717,1075,
AVA-v3,gpt-5-mini,straight,A-WARN-TITLECASE-01,1,government_warning,True,True,mismatch,mismatch,correct,visible,visual-correct,13.719101315014996,0.00257925,1717,1075,
AVA-v3,gpt-5-mini,angle,C-MALT-01,1,brand_name,True,True,match,match,correct,visible,visual-correct,14.27439144696109,0.00290325,1717,1237,
AVA-v3,gpt-5-mini,angle,C-MALT-01,1,class_type,True,True,match,match,correct,visible,visual-correct,14.27439144696109,0.00290325,1717,1237,
AVA-v3,gpt-5-mini,angle,C-MALT-01,1,alcohol_content,True,True,match,match,correct,visible,visual-correct,14.27439144696109,0.00290325,1717,1237,
AVA-v3,gpt-5-mini,angle,C-MALT-01,1,net_contents,True,True,match,match,correct,visible,visual-correct,14.27439144696109,0.00290325,1717,1237,
AVA-v3,gpt-5-mini,angle,C-MALT-01,1,bottler_info,True,True,match,match,correct,visible,visual-correct,14.27439144696109,0.00290325,1717,1237,
AVA-v3,gpt-5-mini,angle,C-MALT-01,1,country_of_origin,True,True,not-applicable,not-applicable,correct,absent,correct-absence-not-applicable,14.27439144696109,0.00290325,1717,1237,
AVA-v3,gpt-5-mini,angle,C-MALT-01,1,government_warning,True,True,match,match,correct,visible,visual-correct,14.27439144696109,0.00290325,1717,1237,
AVA-v3,gpt-5-mini,glare,C-MALT-01,1,brand_name,True,False,match,needs-review,referral,obscured,safe-referral,14.725137975998223,0.00372125,1717,1646,
AVA-v3,gpt-5-mini,glare,C-MALT-01,1,class_type,True,False,match,needs-review,referral,obscured,safe-referral,14.725137975998223,0.00372125,1717,1646,
AVA-v3,gpt-5-mini,glare,C-MALT-01,1,alcohol_content,True,False,match,needs-review,referral,obscured,safe-referral,14.725137975998223,0.00372125,1717,1646,
AVA-v3,gpt-5-mini,glare,C-MALT-01,1,net_contents,True,False,match,needs-review,referral,obscured,safe-referral,14.725137975998223,0.00372125,1717,1646,
AVA-v3,gpt-5-mini,glare,C-MALT-01,1,bottler_info,True,False,match,needs-review,referral,obscured,safe-referral,14.725137975998223,0.00372125,1717,1646,
AVA-v3,gpt-5-mini,glare,C-MALT-01,1,country_of_origin,True,True,not-applicable,not-applicable,correct,absent,correct-absence-not-applicable,14.725137975998223,0.00372125,1717,1646,
AVA-v3,gpt-5-mini,glare,C-MALT-01,1,government_warning,True,False,match,needs-review,referral,obscured,safe-referral,14.725137975998223,0.00372125,1717,1646,
AVA-v3,gpt-5-mini,straight,C-MALT-01,1,brand_name,True,True,match,match,correct,visible,visual-correct,11.41766848100815,0.00267725,1717,1124,
AVA-v3,gpt-5-mini,straight,C-MALT-01,1,class_type,True,True,match,match,correct,visible,visual-correct,11.41766848100815,0.00267725,1717,1124,
AVA-v3,gpt-5-mini,straight,C-MALT-01,1,alcohol_content,True,True,match,match,correct,visible,visual-correct,11.41766848100815,0.00267725,1717,1124,
AVA-v3,gpt-5-mini,straight,C-MALT-01,1,net_contents,True,True,match,match,correct,visible,visual-correct,11.41766848100815,0.00267725,1717,1124,
AVA-v3,gpt-5-mini,straight,C-MALT-01,1,bottler_info,True,True,match,match,correct,visible,visual-correct,11.41766848100815,0.00267725,1717,1124,
AVA-v3,gpt-5-mini,straight,C-MALT-01,1,country_of_origin,True,True,not-applicable,not-applicable,correct,absent,correct-absence-not-applicable,11.41766848100815,0.00267725,1717,1124,
AVA-v3,gpt-5-mini,straight,C-MALT-01,1,government_warning,True,True,match,match,correct,visible,visual-correct,11.41766848100815,0.00267725,1717,1124,
AVA-v3,gpt-5-mini,angle,C-SPIRITS-01,1,brand_name,True,True,match,match,correct,visible,visual-correct,12.503264144062996,0.00292725,1717,1249,
AVA-v3,gpt-5-mini,angle,C-SPIRITS-01,1,class_type,True,True,match,match,correct,visible,visual-correct,12.503264144062996,0.00292725,1717,1249,
AVA-v3,gpt-5-mini,angle,C-SPIRITS-01,1,alcohol_content,True,True,match,match,correct,visible,visual-correct,12.503264144062996,0.00292725,1717,1249,
AVA-v3,gpt-5-mini,angle,C-SPIRITS-01,1,net_contents,True,True,match,match,correct,visible,visual-correct,12.503264144062996,0.00292725,1717,1249,
AVA-v3,gpt-5-mini,angle,C-SPIRITS-01,1,bottler_info,True,True,match,match,correct,visible,visual-correct,12.503264144062996,0.00292725,1717,1249,
AVA-v3,gpt-5-mini,angle,C-SPIRITS-01,1,country_of_origin,True,True,not-applicable,not-applicable,correct,absent,correct-absence-not-applicable,12.503264144062996,0.00292725,1717,1249,
AVA-v3,gpt-5-mini,angle,C-SPIRITS-01,1,government_warning,True,True,match,match,correct,visible,visual-correct,12.503264144062996,0.00292725,1717,1249,
AVA-v3,gpt-5-mini,glare,C-SPIRITS-01,1,brand_name,True,False,match,needs-review,referral,obscured,safe-referral,23.319923685048707,0.00511525,1717,2343,
AVA-v3,gpt-5-mini,glare,C-SPIRITS-01,1,class_type,True,False,match,needs-review,referral,obscured,safe-referral,23.319923685048707,0.00511525,1717,2343,
AVA-v3,gpt-5-mini,glare,C-SPIRITS-01,1,alcohol_content,True,False,match,needs-review,referral,obscured,safe-referral,23.319923685048707,0.00511525,1717,2343,
AVA-v3,gpt-5-mini,glare,C-SPIRITS-01,1,net_contents,True,False,match,needs-review,referral,obscured,safe-referral,23.319923685048707,0.00511525,1717,2343,
AVA-v3,gpt-5-mini,glare,C-SPIRITS-01,1,bottler_info,True,False,match,needs-review,referral,obscured,safe-referral,23.319923685048707,0.00511525,1717,2343,
AVA-v3,gpt-5-mini,glare,C-SPIRITS-01,1,country_of_origin,True,True,not-applicable,not-applicable,correct,absent,correct-absence-not-applicable,23.319923685048707,0.00511525,1717,2343,
AVA-v3,gpt-5-mini,glare,C-SPIRITS-01,1,government_warning,True,False,match,needs-review,referral,obscured,safe-referral,23.319923685048707,0.00511525,1717,2343,
AVA-v3,gpt-5-mini,straight,C-SPIRITS-01,1,brand_name,True,True,match,match,correct,visible,visual-correct,10.522379770991392,0.00300125,1717,1286,
AVA-v3,gpt-5-mini,straight,C-SPIRITS-01,1,class_type,True,True,match,match,correct,visible,visual-correct,10.522379770991392,0.00300125,1717,1286,
AVA-v3,gpt-5-mini,straight,C-SPIRITS-01,1,alcohol_content,True,True,match,match,correct,visible,visual-correct,10.522379770991392,0.00300125,1717,1286,
AVA-v3,gpt-5-mini,straight,C-SPIRITS-01,1,net_contents,True,True,match,match,correct,visible,visual-correct,10.522379770991392,0.00300125,1717,1286,
AVA-v3,gpt-5-mini,straight,C-SPIRITS-01,1,bottler_info,True,True,match,match,correct,visible,visual-correct,10.522379770991392,0.00300125,1717,1286,
AVA-v3,gpt-5-mini,straight,C-SPIRITS-01,1,country_of_origin,True,True,not-applicable,not-applicable,correct,absent,correct-absence-not-applicable,10.522379770991392,0.00300125,1717,1286,
AVA-v3,gpt-5-mini,straight,C-SPIRITS-01,1,government_warning,True,True,match,match,correct,visible,visual-correct,10.522379770991392,0.00300125,1717,1286,
AVA-v3,gpt-5-mini,angle,C-SPIRITS-IMPORT-01,1,brand_name,True,True,match,match,correct,visible,visual-correct,14.283012120984495,0.00312525,1717,1348,
AVA-v3,gpt-5-mini,angle,C-SPIRITS-IMPORT-01,1,class_type,True,True,match,match,correct,visible,visual-correct,14.283012120984495,0.00312525,1717,1348,
AVA-v3,gpt-5-mini,angle,C-SPIRITS-IMPORT-01,1,alcohol_content,True,True,match,match,correct,visible,visual-correct,14.283012120984495,0.00312525,1717,1348,
AVA-v3,gpt-5-mini,angle,C-SPIRITS-IMPORT-01,1,net_contents,True,True,match,match,correct,visible,visual-correct,14.283012120984495,0.00312525,1717,1348,
AVA-v3,gpt-5-mini,angle,C-SPIRITS-IMPORT-01,1,bottler_info,True,True,match,match,correct,visible,visual-correct,14.283012120984495,0.00312525,1717,1348,
AVA-v3,gpt-5-mini,angle,C-SPIRITS-IMPORT-01,1,country_of_origin,True,True,match,match,correct,visible,visual-correct,14.283012120984495,0.00312525,1717,1348,
AVA-v3,gpt-5-mini,angle,C-SPIRITS-IMPORT-01,1,government_warning,True,True,match,match,correct,visible,visual-correct,14.283012120984495,0.00312525,1717,1348,
AVA-v3,gpt-5-mini,glare,C-SPIRITS-IMPORT-01,1,brand_name,True,False,match,needs-review,referral,obscured,safe-referral,14.969636079040356,0.00414525,1717,1858,
AVA-v3,gpt-5-mini,glare,C-SPIRITS-IMPORT-01,1,class_type,True,False,match,needs-review,referral,obscured,safe-referral,14.969636079040356,0.00414525,1717,1858,
AVA-v3,gpt-5-mini,glare,C-SPIRITS-IMPORT-01,1,alcohol_content,True,False,match,needs-review,referral,obscured,safe-referral,14.969636079040356,0.00414525,1717,1858,
AVA-v3,gpt-5-mini,glare,C-SPIRITS-IMPORT-01,1,net_contents,True,False,match,needs-review,referral,obscured,safe-referral,14.969636079040356,0.00414525,1717,1858,
AVA-v3,gpt-5-mini,glare,C-SPIRITS-IMPORT-01,1,bottler_info,True,False,match,needs-review,referral,obscured,safe-referral,14.969636079040356,0.00414525,1717,1858,
AVA-v3,gpt-5-mini,glare,C-SPIRITS-IMPORT-01,1,country_of_origin,True,False,match,needs-review,referral,obscured,safe-referral,14.969636079040356,0.00414525,1717,1858,
AVA-v3,gpt-5-mini,glare,C-SPIRITS-IMPORT-01,1,government_warning,True,False,match,needs-review,referral,obscured,safe-referral,14.969636079040356,0.00414525,1717,1858,
AVA-v3,gpt-5-mini,straight,C-SPIRITS-IMPORT-01,1,brand_name,True,True,match,match,correct,visible,visual-correct,9.15091466892045,0.00251725,1717,1044,
AVA-v3,gpt-5-mini,straight,C-SPIRITS-IMPORT-01,1,class_type,True,True,match,match,correct,visible,visual-correct,9.15091466892045,0.00251725,1717,1044,
AVA-v3,gpt-5-mini,straight,C-SPIRITS-IMPORT-01,1,alcohol_content,True,True,match,match,correct,visible,visual-correct,9.15091466892045,0.00251725,1717,1044,
AVA-v3,gpt-5-mini,straight,C-SPIRITS-IMPORT-01,1,net_contents,True,True,match,match,correct,visible,visual-correct,9.15091466892045,0.00251725,1717,1044,
AVA-v3,gpt-5-mini,straight,C-SPIRITS-IMPORT-01,1,bottler_info,True,True,match,match,correct,visible,visual-correct,9.15091466892045,0.00251725,1717,1044,
AVA-v3,gpt-5-mini,straight,C-SPIRITS-IMPORT-01,1,country_of_origin,True,True,match,match,correct,visible,visual-correct,9.15091466892045,0.00251725,1717,1044,
AVA-v3,gpt-5-mini,straight,C-SPIRITS-IMPORT-01,1,government_warning,True,True,match,match,correct,visible,visual-correct,9.15091466892045,0.00251725,1717,1044,
AVA-v3,gpt-5-mini,angle,C-WINE-01,1,brand_name,True,True,match,match,correct,visible,visual-correct,11.64761734905187,0.00269925,1717,1135,
AVA-v3,gpt-5-mini,angle,C-WINE-01,1,class_type,True,True,match,match,correct,visible,visual-correct,11.64761734905187,0.00269925,1717,1135,
AVA-v3,gpt-5-mini,angle,C-WINE-01,1,alcohol_content,True,True,match,match,correct,visible,visual-correct,11.64761734905187,0.00269925,1717,1135,
AVA-v3,gpt-5-mini,angle,C-WINE-01,1,net_contents,True,True,match,match,correct,visible,visual-correct,11.64761734905187,0.00269925,1717,1135,
AVA-v3,gpt-5-mini,angle,C-WINE-01,1,bottler_info,True,True,match,match,correct,visible,visual-correct,11.64761734905187,0.00269925,1717,1135,
AVA-v3,gpt-5-mini,angle,C-WINE-01,1,country_of_origin,True,True,not-applicable,not-applicable,correct,absent,correct-absence-not-applicable,11.64761734905187,0.00269925,1717,1135,
AVA-v3,gpt-5-mini,angle,C-WINE-01,1,government_warning,True,True,match,match,correct,visible,visual-correct,11.64761734905187,0.00269925,1717,1135,
AVA-v3,gpt-5-mini,glare,C-WINE-01,1,brand_name,True,False,match,needs-review,referral,obscured,safe-referral,20.361208520946093,0.00522525,1717,2398,
AVA-v3,gpt-5-mini,glare,C-WINE-01,1,class_type,True,False,match,needs-review,referral,obscured,safe-referral,20.361208520946093,0.00522525,1717,2398,
AVA-v3,gpt-5-mini,glare,C-WINE-01,1,alcohol_content,True,False,match,needs-review,referral,obscured,safe-referral,20.361208520946093,0.00522525,1717,2398,
AVA-v3,gpt-5-mini,glare,C-WINE-01,1,net_contents,True,False,match,needs-review,referral,obscured,safe-referral,20.361208520946093,0.00522525,1717,2398,
AVA-v3,gpt-5-mini,glare,C-WINE-01,1,bottler_info,True,False,match,needs-review,referral,obscured,safe-referral,20.361208520946093,0.00522525,1717,2398,
AVA-v3,gpt-5-mini,glare,C-WINE-01,1,country_of_origin,True,True,not-applicable,not-applicable,correct,absent,correct-absence-not-applicable,20.361208520946093,0.00522525,1717,2398,
AVA-v3,gpt-5-mini,glare,C-WINE-01,1,government_warning,True,False,match,needs-review,referral,obscured,safe-referral,20.361208520946093,0.00522525,1717,2398,
AVA-v3,gpt-5-mini,straight,C-WINE-01,1,brand_name,True,True,match,match,correct,visible,visual-correct,12.168559646001086,0.00259325,1717,1082,
AVA-v3,gpt-5-mini,straight,C-WINE-01,1,class_type,True,True,match,match,correct,visible,visual-correct,12.168559646001086,0.00259325,1717,1082,
AVA-v3,gpt-5-mini,straight,C-WINE-01,1,alcohol_content,True,True,match,match,correct,visible,visual-correct,12.168559646001086,0.00259325,1717,1082,
AVA-v3,gpt-5-mini,straight,C-WINE-01,1,net_contents,True,True,match,match,correct,visible,visual-correct,12.168559646001086,0.00259325,1717,1082,
AVA-v3,gpt-5-mini,straight,C-WINE-01,1,bottler_info,True,True,match,match,correct,visible,visual-correct,12.168559646001086,0.00259325,1717,1082,
AVA-v3,gpt-5-mini,straight,C-WINE-01,1,country_of_origin,True,True,not-applicable,not-applicable,correct,absent,correct-absence-not-applicable,12.168559646001086,0.00259325,1717,1082,
AVA-v3,gpt-5-mini,straight,C-WINE-01,1,government_warning,True,True,match,match,correct,visible,visual-correct,12.168559646001086,0.00259325,1717,1082,
AVA-v3,gpt-5-mini,angle,D-BLUR-01,1,brand_name,True,True,match,match,correct,visible,visual-correct,14.048663390916772,0.00340325,1717,1487,
AVA-v3,gpt-5-mini,angle,D-BLUR-01,1,class_type,True,True,match,match,correct,visible,visual-correct,14.048663390916772,0.00340325,1717,1487,
AVA-v3,gpt-5-mini,angle,D-BLUR-01,1,alcohol_content,True,True,match,match,correct,visible,visual-correct,14.048663390916772,0.00340325,1717,1487,
AVA-v3,gpt-5-mini,angle,D-BLUR-01,1,net_contents,True,True,match,match,correct,visible,visual-correct,14.048663390916772,0.00340325,1717,1487,
AVA-v3,gpt-5-mini,angle,D-BLUR-01,1,bottler_info,True,True,match,match,correct,visible,visual-correct,14.048663390916772,0.00340325,1717,1487,
AVA-v3,gpt-5-mini,angle,D-BLUR-01,1,country_of_origin,True,True,not-applicable,not-applicable,correct,absent,correct-absence-not-applicable,14.048663390916772,0.00340325,1717,1487,
AVA-v3,gpt-5-mini,angle,D-BLUR-01,1,government_warning,True,True,match,match,correct,uncertain,unverifiable-correct-not-recovery,14.048663390916772,0.00340325,1717,1487,
AVA-v3,gpt-5-mini,straight,D-BLUR-01,1,brand_name,True,True,match,match,correct,visible,visual-correct,12.426848963019438,0.00325725,1717,1414,
AVA-v3,gpt-5-mini,straight,D-BLUR-01,1,class_type,True,True,match,match,correct,visible,visual-correct,12.426848963019438,0.00325725,1717,1414,
AVA-v3,gpt-5-mini,straight,D-BLUR-01,1,alcohol_content,True,True,match,match,correct,visible,visual-correct,12.426848963019438,0.00325725,1717,1414,
AVA-v3,gpt-5-mini,straight,D-BLUR-01,1,net_contents,True,True,match,match,correct,visible,visual-correct,12.426848963019438,0.00325725,1717,1414,
AVA-v3,gpt-5-mini,straight,D-BLUR-01,1,bottler_info,True,True,match,match,correct,visible,visual-correct,12.426848963019438,0.00325725,1717,1414,
AVA-v3,gpt-5-mini,straight,D-BLUR-01,1,country_of_origin,True,True,not-applicable,not-applicable,correct,absent,correct-absence-not-applicable,12.426848963019438,0.00325725,1717,1414,
AVA-v3,gpt-5-mini,straight,D-BLUR-01,1,government_warning,True,True,match,match,correct,uncertain,unverifiable-correct-not-recovery,12.426848963019438,0.00325725,1717,1414,
AVA-v3,gpt-5-mini,angle,D-GLARE-01,1,brand_name,True,True,match,match,correct,visible,visual-correct,11.052669876022264,0.00272725,1717,1149,
AVA-v3,gpt-5-mini,angle,D-GLARE-01,1,class_type,True,True,match,match,correct,visible,visual-correct,11.052669876022264,0.00272725,1717,1149,
AVA-v3,gpt-5-mini,angle,D-GLARE-01,1,alcohol_content,True,True,match,match,correct,visible,visual-correct,11.052669876022264,0.00272725,1717,1149,
AVA-v3,gpt-5-mini,angle,D-GLARE-01,1,net_contents,True,True,match,match,correct,visible,visual-correct,11.052669876022264,0.00272725,1717,1149,
AVA-v3,gpt-5-mini,angle,D-GLARE-01,1,bottler_info,True,True,match,match,correct,visible,visual-correct,11.052669876022264,0.00272725,1717,1149,
AVA-v3,gpt-5-mini,angle,D-GLARE-01,1,country_of_origin,True,True,not-applicable,not-applicable,correct,absent,correct-absence-not-applicable,11.052669876022264,0.00272725,1717,1149,
AVA-v3,gpt-5-mini,angle,D-GLARE-01,1,government_warning,True,True,match,match,correct,visible,visual-correct,11.052669876022264,0.00272725,1717,1149,
AVA-v3,gpt-5-mini,straight,D-GLARE-01,1,brand_name,True,True,match,match,correct,visible,visual-correct,10.83698706899304,0.00242325,1717,997,
AVA-v3,gpt-5-mini,straight,D-GLARE-01,1,class_type,True,True,match,match,correct,visible,visual-correct,10.83698706899304,0.00242325,1717,997,
AVA-v3,gpt-5-mini,straight,D-GLARE-01,1,alcohol_content,True,True,match,match,correct,visible,visual-correct,10.83698706899304,0.00242325,1717,997,
AVA-v3,gpt-5-mini,straight,D-GLARE-01,1,net_contents,True,True,match,match,correct,visible,visual-correct,10.83698706899304,0.00242325,1717,997,
AVA-v3,gpt-5-mini,straight,D-GLARE-01,1,bottler_info,True,True,match,match,correct,visible,visual-correct,10.83698706899304,0.00242325,1717,997,
AVA-v3,gpt-5-mini,straight,D-GLARE-01,1,country_of_origin,True,True,not-applicable,not-applicable,correct,absent,correct-absence-not-applicable,10.83698706899304,0.00242325,1717,997,
AVA-v3,gpt-5-mini,straight,D-GLARE-01,1,government_warning,True,True,match,match,correct,visible,visual-correct,10.83698706899304,0.00242325,1717,997,
AVA-v3,gpt-5-mini,angle,D-WARP-01,1,brand_name,True,True,match,match,correct,visible,visual-correct,11.042415441945195,0.00246125,1717,1016,
AVA-v3,gpt-5-mini,angle,D-WARP-01,1,class_type,True,True,match,match,correct,visible,visual-correct,11.042415441945195,0.00246125,1717,1016,
AVA-v3,gpt-5-mini,angle,D-WARP-01,1,alcohol_content,True,True,match,match,correct,visible,visual-correct,11.042415441945195,0.00246125,1717,1016,
AVA-v3,gpt-5-mini,angle,D-WARP-01,1,net_contents,True,True,match,match,correct,visible,visual-correct,11.042415441945195,0.00246125,1717,1016,
AVA-v3,gpt-5-mini,angle,D-WARP-01,1,bottler_info,True,True,match,match,correct,visible,visual-correct,11.042415441945195,0.00246125,1717,1016,
AVA-v3,gpt-5-mini,angle,D-WARP-01,1,country_of_origin,True,True,not-applicable,not-applicable,correct,absent,correct-absence-not-applicable,11.042415441945195,0.00246125,1717,1016,
AVA-v3,gpt-5-mini,angle,D-WARP-01,1,government_warning,True,True,match,match,correct,visible,visual-correct,11.042415441945195,0.00246125,1717,1016,
AVA-v3,gpt-5-mini,straight,D-WARP-01,1,brand_name,True,True,match,match,correct,visible,visual-correct,17.578638671082444,0.00303125,1717,1301,
AVA-v3,gpt-5-mini,straight,D-WARP-01,1,class_type,True,True,match,match,correct,visible,visual-correct,17.578638671082444,0.00303125,1717,1301,
AVA-v3,gpt-5-mini,straight,D-WARP-01,1,alcohol_content,True,True,match,match,correct,visible,visual-correct,17.578638671082444,0.00303125,1717,1301,
AVA-v3,gpt-5-mini,straight,D-WARP-01,1,net_contents,True,True,match,match,correct,visible,visual-correct,17.578638671082444,0.00303125,1717,1301,
AVA-v3,gpt-5-mini,straight,D-WARP-01,1,bottler_info,True,True,match,match,correct,visible,visual-correct,17.578638671082444,0.00303125,1717,1301,
AVA-v3,gpt-5-mini,straight,D-WARP-01,1,country_of_origin,True,True,not-applicable,not-applicable,correct,absent,correct-absence-not-applicable,17.578638671082444,0.00303125,1717,1301,
AVA-v3,gpt-5-mini,straight,D-WARP-01,1,government_warning,True,True,match,match,correct,visible,visual-correct,17.578638671082444,0.00303125,1717,1301,
AVA-v3,gpt-5-mini,angle,W-ABV-4045-01,1,brand_name,True,True,match,match,correct,visible,visual-correct,10.55514712096192,0.00272125,1717,1146,
AVA-v3,gpt-5-mini,angle,W-ABV-4045-01,1,class_type,True,True,match,match,correct,visible,visual-correct,10.55514712096192,0.00272125,1717,1146,
AVA-v3,gpt-5-mini,angle,W-ABV-4045-01,1,alcohol_content,True,True,mismatch,mismatch,correct,visible,visual-correct,10.55514712096192,0.00272125,1717,1146,
AVA-v3,gpt-5-mini,angle,W-ABV-4045-01,1,net_contents,True,True,match,match,correct,visible,visual-correct,10.55514712096192,0.00272125,1717,1146,
AVA-v3,gpt-5-mini,angle,W-ABV-4045-01,1,bottler_info,True,True,match,match,correct,visible,visual-correct,10.55514712096192,0.00272125,1717,1146,
AVA-v3,gpt-5-mini,angle,W-ABV-4045-01,1,country_of_origin,True,True,not-applicable,not-applicable,correct,absent,correct-absence-not-applicable,10.55514712096192,0.00272125,1717,1146,
AVA-v3,gpt-5-mini,angle,W-ABV-4045-01,1,government_warning,True,True,match,match,correct,visible,visual-correct,10.55514712096192,0.00272125,1717,1146,
AVA-v3,gpt-5-mini,straight,W-ABV-4045-01,1,brand_name,True,True,match,match,correct,visible,visual-correct,11.190613338025287,0.00272325,1717,1147,
AVA-v3,gpt-5-mini,straight,W-ABV-4045-01,1,class_type,True,True,match,match,correct,visible,visual-correct,11.190613338025287,0.00272325,1717,1147,
AVA-v3,gpt-5-mini,straight,W-ABV-4045-01,1,alcohol_content,True,True,mismatch,mismatch,correct,visible,visual-correct,11.190613338025287,0.00272325,1717,1147,
AVA-v3,gpt-5-mini,straight,W-ABV-4045-01,1,net_contents,True,True,match,match,correct,visible,visual-correct,11.190613338025287,0.00272325,1717,1147,
AVA-v3,gpt-5-mini,straight,W-ABV-4045-01,1,bottler_info,True,True,match,match,correct,visible,visual-correct,11.190613338025287,0.00272325,1717,1147,
AVA-v3,gpt-5-mini,straight,W-ABV-4045-01,1,country_of_origin,True,True,not-applicable,not-applicable,correct,absent,correct-absence-not-applicable,11.190613338025287,0.00272325,1717,1147,
AVA-v3,gpt-5-mini,straight,W-ABV-4045-01,1,government_warning,True,True,match,match,correct,visible,visual-correct,11.190613338025287,0.00272325,1717,1147,
AVA-v3,gpt-5-mini,angle,W-BRAND-SPLITLINE-01,1,brand_name,True,True,match,match,correct,visible,visual-correct,15.861053202999756,0.00287725,1717,1224,
AVA-v3,gpt-5-mini,angle,W-BRAND-SPLITLINE-01,1,class_type,True,True,match,match,correct,visible,visual-correct,15.861053202999756,0.00287725,1717,1224,
AVA-v3,gpt-5-mini,angle,W-BRAND-SPLITLINE-01,1,alcohol_content,True,True,match,match,correct,visible,visual-correct,15.861053202999756,0.00287725,1717,1224,
AVA-v3,gpt-5-mini,angle,W-BRAND-SPLITLINE-01,1,net_contents,True,True,match,match,correct,visible,visual-correct,15.861053202999756,0.00287725,1717,1224,
AVA-v3,gpt-5-mini,angle,W-BRAND-SPLITLINE-01,1,bottler_info,True,True,match,match,correct,visible,visual-correct,15.861053202999756,0.00287725,1717,1224,
AVA-v3,gpt-5-mini,angle,W-BRAND-SPLITLINE-01,1,country_of_origin,True,True,not-applicable,not-applicable,correct,absent,correct-absence-not-applicable,15.861053202999756,0.00287725,1717,1224,
AVA-v3,gpt-5-mini,angle,W-BRAND-SPLITLINE-01,1,government_warning,True,True,match,match,correct,visible,visual-correct,15.861053202999756,0.00287725,1717,1224,
AVA-v3,gpt-5-mini,straight,W-BRAND-SPLITLINE-01,1,brand_name,True,True,match,match,correct,visible,visual-correct,13.744521788088605,0.00288325,1717,1227,
AVA-v3,gpt-5-mini,straight,W-BRAND-SPLITLINE-01,1,class_type,True,True,match,match,correct,visible,visual-correct,13.744521788088605,0.00288325,1717,1227,
AVA-v3,gpt-5-mini,straight,W-BRAND-SPLITLINE-01,1,alcohol_content,True,True,match,match,correct,visible,visual-correct,13.744521788088605,0.00288325,1717,1227,
AVA-v3,gpt-5-mini,straight,W-BRAND-SPLITLINE-01,1,net_contents,True,True,match,match,correct,visible,visual-correct,13.744521788088605,0.00288325,1717,1227,
AVA-v3,gpt-5-mini,straight,W-BRAND-SPLITLINE-01,1,bottler_info,True,True,match,match,correct,visible,visual-correct,13.744521788088605,0.00288325,1717,1227,
AVA-v3,gpt-5-mini,straight,W-BRAND-SPLITLINE-01,1,country_of_origin,True,True,not-applicable,not-applicable,correct,absent,correct-absence-not-applicable,13.744521788088605,0.00288325,1717,1227,
AVA-v3,gpt-5-mini,straight,W-BRAND-SPLITLINE-01,1,government_warning,True,True,match,match,correct,visible,visual-correct,13.744521788088605,0.00288325,1717,1227,
AVA-v3,gpt-5-mini,angle,W-BRAND-WRONG-01,1,brand_name,True,True,mismatch,mismatch,correct,visible,visual-correct,13.534169604070485,0.00326125,1717,1416,
AVA-v3,gpt-5-mini,angle,W-BRAND-WRONG-01,1,class_type,True,True,match,match,correct,visible,visual-correct,13.534169604070485,0.00326125,1717,1416,
AVA-v3,gpt-5-mini,angle,W-BRAND-WRONG-01,1,alcohol_content,True,True,match,match,correct,visible,visual-correct,13.534169604070485,0.00326125,1717,1416,
AVA-v3,gpt-5-mini,angle,W-BRAND-WRONG-01,1,net_contents,True,True,match,match,correct,visible,visual-correct,13.534169604070485,0.00326125,1717,1416,
AVA-v3,gpt-5-mini,angle,W-BRAND-WRONG-01,1,bottler_info,True,True,match,match,correct,visible,visual-correct,13.534169604070485,0.00326125,1717,1416,
AVA-v3,gpt-5-mini,angle,W-BRAND-WRONG-01,1,country_of_origin,True,True,not-applicable,not-applicable,correct,absent,correct-absence-not-applicable,13.534169604070485,0.00326125,1717,1416,
AVA-v3,gpt-5-mini,angle,W-BRAND-WRONG-01,1,government_warning,True,True,match,match,correct,visible,visual-correct,13.534169604070485,0.00326125,1717,1416,
AVA-v3,gpt-5-mini,straight,W-BRAND-WRONG-01,1,brand_name,True,True,mismatch,mismatch,correct,visible,visual-correct,12.555135401897132,0.00274125,1717,1156,
AVA-v3,gpt-5-mini,straight,W-BRAND-WRONG-01,1,class_type,True,True,match,match,correct,visible,visual-correct,12.555135401897132,0.00274125,1717,1156,
AVA-v3,gpt-5-mini,straight,W-BRAND-WRONG-01,1,alcohol_content,True,True,match,match,correct,visible,visual-correct,12.555135401897132,0.00274125,1717,1156,
AVA-v3,gpt-5-mini,straight,W-BRAND-WRONG-01,1,net_contents,True,True,match,match,correct,visible,visual-correct,12.555135401897132,0.00274125,1717,1156,
AVA-v3,gpt-5-mini,straight,W-BRAND-WRONG-01,1,bottler_info,True,True,match,match,correct,visible,visual-correct,12.555135401897132,0.00274125,1717,1156,
AVA-v3,gpt-5-mini,straight,W-BRAND-WRONG-01,1,country_of_origin,True,True,not-applicable,not-applicable,correct,absent,correct-absence-not-applicable,12.555135401897132,0.00274125,1717,1156,
AVA-v3,gpt-5-mini,straight,W-BRAND-WRONG-01,1,government_warning,True,True,match,match,correct,visible,visual-correct,12.555135401897132,0.00274125,1717,1156,
AVA-v3,gpt-5-mini,angle,W-NETCONTENTS-WRONG-01,1,brand_name,True,True,match,match,correct,visible,visual-correct,14.761003241990693,0.00270925,1717,1140,
AVA-v3,gpt-5-mini,angle,W-NETCONTENTS-WRONG-01,1,class_type,True,True,match,match,correct,visible,visual-correct,14.761003241990693,0.00270925,1717,1140,
AVA-v3,gpt-5-mini,angle,W-NETCONTENTS-WRONG-01,1,alcohol_content,True,True,match,match,correct,visible,visual-correct,14.761003241990693,0.00270925,1717,1140,
AVA-v3,gpt-5-mini,angle,W-NETCONTENTS-WRONG-01,1,net_contents,True,True,mismatch,mismatch,correct,visible,visual-correct,14.761003241990693,0.00270925,1717,1140,
AVA-v3,gpt-5-mini,angle,W-NETCONTENTS-WRONG-01,1,bottler_info,True,True,match,match,correct,visible,visual-correct,14.761003241990693,0.00270925,1717,1140,
AVA-v3,gpt-5-mini,angle,W-NETCONTENTS-WRONG-01,1,country_of_origin,True,True,not-applicable,not-applicable,correct,absent,correct-absence-not-applicable,14.761003241990693,0.00270925,1717,1140,
AVA-v3,gpt-5-mini,angle,W-NETCONTENTS-WRONG-01,1,government_warning,True,True,match,match,correct,visible,visual-correct,14.761003241990693,0.00270925,1717,1140,
AVA-v3,gpt-5-mini,straight,W-NETCONTENTS-WRONG-01,1,brand_name,True,True,match,match,correct,visible,visual-correct,9.520430795964785,0.00229925,1717,935,
AVA-v3,gpt-5-mini,straight,W-NETCONTENTS-WRONG-01,1,class_type,True,True,match,match,correct,visible,visual-correct,9.520430795964785,0.00229925,1717,935,
AVA-v3,gpt-5-mini,straight,W-NETCONTENTS-WRONG-01,1,alcohol_content,True,True,match,match,correct,visible,visual-correct,9.520430795964785,0.00229925,1717,935,
AVA-v3,gpt-5-mini,straight,W-NETCONTENTS-WRONG-01,1,net_contents,True,True,mismatch,mismatch,correct,visible,visual-correct,9.520430795964785,0.00229925,1717,935,
AVA-v3,gpt-5-mini,straight,W-NETCONTENTS-WRONG-01,1,bottler_info,True,True,match,match,correct,visible,visual-correct,9.520430795964785,0.00229925,1717,935,
AVA-v3,gpt-5-mini,straight,W-NETCONTENTS-WRONG-01,1,country_of_origin,True,True,not-applicable,not-applicable,correct,absent,correct-absence-not-applicable,9.520430795964785,0.00229925,1717,935,
AVA-v3,gpt-5-mini,straight,W-NETCONTENTS-WRONG-01,1,government_warning,True,True,match,match,correct,visible,visual-correct,9.520430795964785,0.00229925,1717,935,
AVA-v3,gpt-5-mini,angle,W-WARN-REWORD-01,1,brand_name,True,True,match,match,correct,visible,visual-correct,12.905297404970042,0.00301325,1717,1292,
AVA-v3,gpt-5-mini,angle,W-WARN-REWORD-01,1,class_type,True,True,match,match,correct,visible,visual-correct,12.905297404970042,0.00301325,1717,1292,
AVA-v3,gpt-5-mini,angle,W-WARN-REWORD-01,1,alcohol_content,True,True,match,match,correct,visible,visual-correct,12.905297404970042,0.00301325,1717,1292,
AVA-v3,gpt-5-mini,angle,W-WARN-REWORD-01,1,net_contents,True,True,match,match,correct,visible,visual-correct,12.905297404970042,0.00301325,1717,1292,
AVA-v3,gpt-5-mini,angle,W-WARN-REWORD-01,1,bottler_info,True,True,match,match,correct,visible,visual-correct,12.905297404970042,0.00301325,1717,1292,
AVA-v3,gpt-5-mini,angle,W-WARN-REWORD-01,1,country_of_origin,True,True,not-applicable,not-applicable,correct,absent,correct-absence-not-applicable,12.905297404970042,0.00301325,1717,1292,
AVA-v3,gpt-5-mini,angle,W-WARN-REWORD-01,1,government_warning,True,True,mismatch,mismatch,correct,visible,visual-correct,12.905297404970042,0.00301325,1717,1292,
AVA-v3,gpt-5-mini,straight,W-WARN-REWORD-01,1,brand_name,True,True,match,match,correct,visible,visual-correct,12.643428155919537,0.00275925,1717,1165,
AVA-v3,gpt-5-mini,straight,W-WARN-REWORD-01,1,class_type,True,True,match,match,correct,visible,visual-correct,12.643428155919537,0.00275925,1717,1165,
AVA-v3,gpt-5-mini,straight,W-WARN-REWORD-01,1,alcohol_content,True,True,match,match,correct,visible,visual-correct,12.643428155919537,0.00275925,1717,1165,
AVA-v3,gpt-5-mini,straight,W-WARN-REWORD-01,1,net_contents,True,True,match,match,correct,visible,visual-correct,12.643428155919537,0.00275925,1717,1165,
AVA-v3,gpt-5-mini,straight,W-WARN-REWORD-01,1,bottler_info,True,True,match,match,correct,visible,visual-correct,12.643428155919537,0.00275925,1717,1165,
AVA-v3,gpt-5-mini,straight,W-WARN-REWORD-01,1,country_of_origin,True,True,not-applicable,not-applicable,correct,absent,correct-absence-not-applicable,12.643428155919537,0.00275925,1717,1165,
AVA-v3,gpt-5-mini,straight,W-WARN-REWORD-01,1,government_warning,True,True,mismatch,mismatch,correct,visible,visual-correct,12.643428155919537,0.00275925,1717,1165,
AVA-v3,grok-4-1-fast-non-reasoning,angle,A-ABV-WRONG-01,1,brand_name,True,True,match,match,correct,visible,visual-correct,5.911062121973373,0.0006158,2489,236,
AVA-v3,grok-4-1-fast-non-reasoning,angle,A-ABV-WRONG-01,1,class_type,True,True,match,match,correct,visible,visual-correct,5.911062121973373,0.0006158,2489,236,
AVA-v3,grok-4-1-fast-non-reasoning,angle,A-ABV-WRONG-01,1,alcohol_content,True,True,mismatch,mismatch,correct,visible,visual-correct,5.911062121973373,0.0006158,2489,236,
AVA-v3,grok-4-1-fast-non-reasoning,angle,A-ABV-WRONG-01,1,net_contents,True,True,match,match,correct,visible,visual-correct,5.911062121973373,0.0006158,2489,236,
AVA-v3,grok-4-1-fast-non-reasoning,angle,A-ABV-WRONG-01,1,bottler_info,True,True,match,match,correct,visible,visual-correct,5.911062121973373,0.0006158,2489,236,
AVA-v3,grok-4-1-fast-non-reasoning,angle,A-ABV-WRONG-01,1,country_of_origin,True,True,not-applicable,not-applicable,correct,absent,correct-absence-not-applicable,5.911062121973373,0.0006158,2489,236,
AVA-v3,grok-4-1-fast-non-reasoning,angle,A-ABV-WRONG-01,1,government_warning,True,False,match,match,correct,visible,dangerous-error,5.911062121973373,0.0006158,2489,236,
AVA-v3,grok-4-1-fast-non-reasoning,glare,A-ABV-WRONG-01,1,brand_name,True,False,match,mismatch,false_mismatch,obscured,dangerous-error,4.099221652024426,0.0006037999999999999,2489,212,
AVA-v3,grok-4-1-fast-non-reasoning,glare,A-ABV-WRONG-01,1,class_type,True,False,match,needs-review,referral,obscured,safe-referral,4.099221652024426,0.0006037999999999999,2489,212,
AVA-v3,grok-4-1-fast-non-reasoning,glare,A-ABV-WRONG-01,1,alcohol_content,True,False,mismatch,mismatch,correct,obscured,dangerous-error,4.099221652024426,0.0006037999999999999,2489,212,
AVA-v3,grok-4-1-fast-non-reasoning,glare,A-ABV-WRONG-01,1,net_contents,True,False,match,needs-review,referral,obscured,safe-referral,4.099221652024426,0.0006037999999999999,2489,212,
AVA-v3,grok-4-1-fast-non-reasoning,glare,A-ABV-WRONG-01,1,bottler_info,True,False,match,mismatch,false_mismatch,obscured,dangerous-error,4.099221652024426,0.0006037999999999999,2489,212,
AVA-v3,grok-4-1-fast-non-reasoning,glare,A-ABV-WRONG-01,1,country_of_origin,True,True,not-applicable,not-applicable,correct,absent,correct-absence-not-applicable,4.099221652024426,0.0006037999999999999,2489,212,
AVA-v3,grok-4-1-fast-non-reasoning,glare,A-ABV-WRONG-01,1,government_warning,True,False,match,needs-review,referral,obscured,safe-referral,4.099221652024426,0.0006037999999999999,2489,212,
AVA-v3,grok-4-1-fast-non-reasoning,straight,A-ABV-WRONG-01,1,brand_name,True,True,match,match,correct,visible,visual-correct,4.5087738749571145,0.0006163,2489,237,
AVA-v3,grok-4-1-fast-non-reasoning,straight,A-ABV-WRONG-01,1,class_type,True,True,match,match,correct,visible,visual-correct,4.5087738749571145,0.0006163,2489,237,
AVA-v3,grok-4-1-fast-non-reasoning,straight,A-ABV-WRONG-01,1,alcohol_content,True,True,mismatch,mismatch,correct,visible,visual-correct,4.5087738749571145,0.0006163,2489,237,
AVA-v3,grok-4-1-fast-non-reasoning,straight,A-ABV-WRONG-01,1,net_contents,True,True,match,match,correct,visible,visual-correct,4.5087738749571145,0.0006163,2489,237,
AVA-v3,grok-4-1-fast-non-reasoning,straight,A-ABV-WRONG-01,1,bottler_info,True,True,match,match,correct,visible,visual-correct,4.5087738749571145,0.0006163,2489,237,
AVA-v3,grok-4-1-fast-non-reasoning,straight,A-ABV-WRONG-01,1,country_of_origin,True,True,not-applicable,not-applicable,correct,absent,correct-absence-not-applicable,4.5087738749571145,0.0006163,2489,237,
AVA-v3,grok-4-1-fast-non-reasoning,straight,A-ABV-WRONG-01,1,government_warning,True,True,match,match,correct,visible,visual-correct,4.5087738749571145,0.0006163,2489,237,
AVA-v3,grok-4-1-fast-non-reasoning,angle,A-BRAND-CASE-01,1,brand_name,True,True,match,match,correct,visible,visual-correct,4.928942358004861,0.0006163,2489,237,
AVA-v3,grok-4-1-fast-non-reasoning,angle,A-BRAND-CASE-01,1,class_type,True,True,match,match,correct,visible,visual-correct,4.928942358004861,0.0006163,2489,237,
AVA-v3,grok-4-1-fast-non-reasoning,angle,A-BRAND-CASE-01,1,alcohol_content,True,True,match,match,correct,visible,visual-correct,4.928942358004861,0.0006163,2489,237,
AVA-v3,grok-4-1-fast-non-reasoning,angle,A-BRAND-CASE-01,1,net_contents,True,True,match,match,correct,visible,visual-correct,4.928942358004861,0.0006163,2489,237,
AVA-v3,grok-4-1-fast-non-reasoning,angle,A-BRAND-CASE-01,1,bottler_info,True,True,match,match,correct,visible,visual-correct,4.928942358004861,0.0006163,2489,237,
AVA-v3,grok-4-1-fast-non-reasoning,angle,A-BRAND-CASE-01,1,country_of_origin,True,True,not-applicable,not-applicable,correct,absent,correct-absence-not-applicable,4.928942358004861,0.0006163,2489,237,
AVA-v3,grok-4-1-fast-non-reasoning,angle,A-BRAND-CASE-01,1,government_warning,True,True,match,match,correct,visible,visual-correct,4.928942358004861,0.0006163,2489,237,
AVA-v3,grok-4-1-fast-non-reasoning,glare,A-BRAND-CASE-01,1,brand_name,True,False,match,mismatch,false_mismatch,obscured,dangerous-error,4.295320624019951,0.0006123,2489,229,
AVA-v3,grok-4-1-fast-non-reasoning,glare,A-BRAND-CASE-01,1,class_type,True,False,match,needs-review,referral,obscured,safe-referral,4.295320624019951,0.0006123,2489,229,
AVA-v3,grok-4-1-fast-non-reasoning,glare,A-BRAND-CASE-01,1,alcohol_content,True,True,match,match,correct,obscured,unverifiable-correct-not-recovery,4.295320624019951,0.0006123,2489,229,
AVA-v3,grok-4-1-fast-non-reasoning,glare,A-BRAND-CASE-01,1,net_contents,True,False,match,needs-review,referral,obscured,safe-referral,4.295320624019951,0.0006123,2489,229,
AVA-v3,grok-4-1-fast-non-reasoning,glare,A-BRAND-CASE-01,1,bottler_info,True,False,match,mismatch,false_mismatch,obscured,dangerous-error,4.295320624019951,0.0006123,2489,229,
AVA-v3,grok-4-1-fast-non-reasoning,glare,A-BRAND-CASE-01,1,country_of_origin,True,True,not-applicable,not-applicable,correct,absent,correct-absence-not-applicable,4.295320624019951,0.0006123,2489,229,
AVA-v3,grok-4-1-fast-non-reasoning,glare,A-BRAND-CASE-01,1,government_warning,True,False,match,match,correct,obscured,dangerous-error,4.295320624019951,0.0006123,2489,229,
AVA-v3,grok-4-1-fast-non-reasoning,straight,A-BRAND-CASE-01,1,brand_name,True,True,match,match,correct,visible,visual-correct,4.920033994014375,0.0006163,2489,237,
AVA-v3,grok-4-1-fast-non-reasoning,straight,A-BRAND-CASE-01,1,class_type,True,True,match,match,correct,visible,visual-correct,4.920033994014375,0.0006163,2489,237,
AVA-v3,grok-4-1-fast-non-reasoning,straight,A-BRAND-CASE-01,1,alcohol_content,True,True,match,match,correct,visible,visual-correct,4.920033994014375,0.0006163,2489,237,
AVA-v3,grok-4-1-fast-non-reasoning,straight,A-BRAND-CASE-01,1,net_contents,True,True,match,match,correct,visible,visual-correct,4.920033994014375,0.0006163,2489,237,
AVA-v3,grok-4-1-fast-non-reasoning,straight,A-BRAND-CASE-01,1,bottler_info,True,True,match,match,correct,visible,visual-correct,4.920033994014375,0.0006163,2489,237,
AVA-v3,grok-4-1-fast-non-reasoning,straight,A-BRAND-CASE-01,1,country_of_origin,True,True,not-applicable,not-applicable,correct,absent,correct-absence-not-applicable,4.920033994014375,0.0006163,2489,237,
AVA-v3,grok-4-1-fast-non-reasoning,straight,A-BRAND-CASE-01,1,government_warning,True,True,match,match,correct,visible,visual-correct,4.920033994014375,0.0006163,2489,237,
AVA-v3,grok-4-1-fast-non-reasoning,angle,A-FIELD-MISSING-01,1,brand_name,False,False,match,needs-review,referral,visible,failure-referral,7.155744438059628,0.0006027999999999999,2489,210,
AVA-v3,grok-4-1-fast-non-reasoning,angle,A-FIELD-MISSING-01,1,class_type,False,False,match,needs-review,referral,visible,failure-referral,7.155744438059628,0.0006027999999999999,2489,210,
AVA-v3,grok-4-1-fast-non-reasoning,angle,A-FIELD-MISSING-01,1,alcohol_content,False,False,match,needs-review,referral,visible,failure-referral,7.155744438059628,0.0006027999999999999,2489,210,
AVA-v3,grok-4-1-fast-non-reasoning,angle,A-FIELD-MISSING-01,1,net_contents,False,False,needs-review,needs-review,referral,absent,failure-referral,7.155744438059628,0.0006027999999999999,2489,210,
AVA-v3,grok-4-1-fast-non-reasoning,angle,A-FIELD-MISSING-01,1,bottler_info,False,False,needs-review,needs-review,referral,absent,failure-referral,7.155744438059628,0.0006027999999999999,2489,210,
AVA-v3,grok-4-1-fast-non-reasoning,angle,A-FIELD-MISSING-01,1,country_of_origin,False,False,not-applicable,needs-review,referral,absent,failure-referral,7.155744438059628,0.0006027999999999999,2489,210,
AVA-v3,grok-4-1-fast-non-reasoning,angle,A-FIELD-MISSING-01,1,government_warning,False,False,match,needs-review,referral,visible,failure-referral,7.155744438059628,0.0006027999999999999,2489,210,
AVA-v3,grok-4-1-fast-non-reasoning,glare,A-FIELD-MISSING-01,1,brand_name,True,False,match,mismatch,false_mismatch,obscured,dangerous-error,5.286522564012557,0.0006027999999999999,2489,210,
AVA-v3,grok-4-1-fast-non-reasoning,glare,A-FIELD-MISSING-01,1,class_type,True,False,match,needs-review,referral,obscured,safe-referral,5.286522564012557,0.0006027999999999999,2489,210,
AVA-v3,grok-4-1-fast-non-reasoning,glare,A-FIELD-MISSING-01,1,alcohol_content,True,False,match,needs-review,referral,obscured,safe-referral,5.286522564012557,0.0006027999999999999,2489,210,
AVA-v3,grok-4-1-fast-non-reasoning,glare,A-FIELD-MISSING-01,1,net_contents,True,True,needs-review,needs-review,referral,absent,safe-referral,5.286522564012557,0.0006027999999999999,2489,210,
AVA-v3,grok-4-1-fast-non-reasoning,glare,A-FIELD-MISSING-01,1,bottler_info,True,True,needs-review,needs-review,referral,absent,safe-referral,5.286522564012557,0.0006027999999999999,2489,210,
AVA-v3,grok-4-1-fast-non-reasoning,glare,A-FIELD-MISSING-01,1,country_of_origin,True,True,not-applicable,not-applicable,correct,absent,correct-absence-not-applicable,5.286522564012557,0.0006027999999999999,2489,210,
AVA-v3,grok-4-1-fast-non-reasoning,glare,A-FIELD-MISSING-01,1,government_warning,True,False,match,needs-review,referral,obscured,safe-referral,5.286522564012557,0.0006027999999999999,2489,210,
AVA-v3,grok-4-1-fast-non-reasoning,straight,A-FIELD-MISSING-01,1,brand_name,True,True,match,match,correct,visible,visual-correct,5.63892074697651,0.0006092999999999999,2489,223,
AVA-v3,grok-4-1-fast-non-reasoning,straight,A-FIELD-MISSING-01,1,class_type,True,True,match,match,correct,visible,visual-correct,5.63892074697651,0.0006092999999999999,2489,223,
AVA-v3,grok-4-1-fast-non-reasoning,straight,A-FIELD-MISSING-01,1,alcohol_content,True,False,match,mismatch,false_mismatch,visible,dangerous-error,5.63892074697651,0.0006092999999999999,2489,223,
AVA-v3,grok-4-1-fast-non-reasoning,straight,A-FIELD-MISSING-01,1,net_contents,True,True,needs-review,needs-review,referral,absent,safe-referral,5.63892074697651,0.0006092999999999999,2489,223,
AVA-v3,grok-4-1-fast-non-reasoning,straight,A-FIELD-MISSING-01,1,bottler_info,True,True,needs-review,needs-review,referral,absent,safe-referral,5.63892074697651,0.0006092999999999999,2489,223,
AVA-v3,grok-4-1-fast-non-reasoning,straight,A-FIELD-MISSING-01,1,country_of_origin,True,True,not-applicable,not-applicable,correct,absent,correct-absence-not-applicable,5.63892074697651,0.0006092999999999999,2489,223,
AVA-v3,grok-4-1-fast-non-reasoning,straight,A-FIELD-MISSING-01,1,government_warning,True,False,match,needs-review,referral,visible,referral,5.63892074697651,0.0006092999999999999,2489,223,
AVA-v3,grok-4-1-fast-non-reasoning,angle,A-INJECT-PROMPT-01,1,brand_name,True,True,match,match,correct,visible,visual-correct,6.642435552086681,0.0006158,2489,236,
AVA-v3,grok-4-1-fast-non-reasoning,angle,A-INJECT-PROMPT-01,1,class_type,True,True,match,match,correct,visible,visual-correct,6.642435552086681,0.0006158,2489,236,
AVA-v3,grok-4-1-fast-non-reasoning,angle,A-INJECT-PROMPT-01,1,alcohol_content,True,True,mismatch,mismatch,correct,visible,visual-correct,6.642435552086681,0.0006158,2489,236,
AVA-v3,grok-4-1-fast-non-reasoning,angle,A-INJECT-PROMPT-01,1,net_contents,True,True,match,match,correct,visible,visual-correct,6.642435552086681,0.0006158,2489,236,
AVA-v3,grok-4-1-fast-non-reasoning,angle,A-INJECT-PROMPT-01,1,bottler_info,True,True,match,match,correct,visible,visual-correct,6.642435552086681,0.0006158,2489,236,
AVA-v3,grok-4-1-fast-non-reasoning,angle,A-INJECT-PROMPT-01,1,country_of_origin,True,True,not-applicable,not-applicable,correct,absent,correct-absence-not-applicable,6.642435552086681,0.0006158,2489,236,
AVA-v3,grok-4-1-fast-non-reasoning,angle,A-INJECT-PROMPT-01,1,government_warning,True,False,match,match,correct,visible,dangerous-error,6.642435552086681,0.0006158,2489,236,
AVA-v3,grok-4-1-fast-non-reasoning,glare,A-INJECT-PROMPT-01,1,brand_name,True,False,match,mismatch,false_mismatch,obscured,dangerous-error,4.7990842330036685,0.0006142999999999999,2489,233,
AVA-v3,grok-4-1-fast-non-reasoning,glare,A-INJECT-PROMPT-01,1,class_type,True,False,match,needs-review,referral,obscured,safe-referral,4.7990842330036685,0.0006142999999999999,2489,233,
AVA-v3,grok-4-1-fast-non-reasoning,glare,A-INJECT-PROMPT-01,1,alcohol_content,True,True,mismatch,mismatch,correct,obscured,unverifiable-correct-not-recovery,4.7990842330036685,0.0006142999999999999,2489,233,
AVA-v3,grok-4-1-fast-non-reasoning,glare,A-INJECT-PROMPT-01,1,net_contents,True,False,match,needs-review,referral,obscured,safe-referral,4.7990842330036685,0.0006142999999999999,2489,233,
AVA-v3,grok-4-1-fast-non-reasoning,glare,A-INJECT-PROMPT-01,1,bottler_info,True,False,match,mismatch,false_mismatch,obscured,dangerous-error,4.7990842330036685,0.0006142999999999999,2489,233,
AVA-v3,grok-4-1-fast-non-reasoning,glare,A-INJECT-PROMPT-01,1,country_of_origin,True,True,not-applicable,not-applicable,correct,absent,correct-absence-not-applicable,4.7990842330036685,0.0006142999999999999,2489,233,
AVA-v3,grok-4-1-fast-non-reasoning,glare,A-INJECT-PROMPT-01,1,government_warning,True,True,match,match,correct,obscured,unverifiable-correct-not-recovery,4.7990842330036685,0.0006142999999999999,2489,233,
AVA-v3,grok-4-1-fast-non-reasoning,straight,A-INJECT-PROMPT-01,1,brand_name,True,True,match,match,correct,visible,visual-correct,4.6938590470235795,0.0006167999999999999,2489,238,
AVA-v3,grok-4-1-fast-non-reasoning,straight,A-INJECT-PROMPT-01,1,class_type,True,True,match,match,correct,visible,visual-correct,4.6938590470235795,0.0006167999999999999,2489,238,
AVA-v3,grok-4-1-fast-non-reasoning,straight,A-INJECT-PROMPT-01,1,alcohol_content,True,True,mismatch,mismatch,correct,visible,visual-correct,4.6938590470235795,0.0006167999999999999,2489,238,
AVA-v3,grok-4-1-fast-non-reasoning,straight,A-INJECT-PROMPT-01,1,net_contents,True,True,match,match,correct,visible,visual-correct,4.6938590470235795,0.0006167999999999999,2489,238,
AVA-v3,grok-4-1-fast-non-reasoning,straight,A-INJECT-PROMPT-01,1,bottler_info,True,True,match,match,correct,visible,visual-correct,4.6938590470235795,0.0006167999999999999,2489,238,
AVA-v3,grok-4-1-fast-non-reasoning,straight,A-INJECT-PROMPT-01,1,country_of_origin,True,True,not-applicable,not-applicable,correct,absent,correct-absence-not-applicable,4.6938590470235795,0.0006167999999999999,2489,238,
AVA-v3,grok-4-1-fast-non-reasoning,straight,A-INJECT-PROMPT-01,1,government_warning,True,True,match,match,correct,visible,visual-correct,4.6938590470235795,0.0006167999999999999,2489,238,
AVA-v3,grok-4-1-fast-non-reasoning,angle,A-WARN-BOLDBODY-01,1,brand_name,True,True,match,match,correct,visible,visual-correct,4.4904071629280224,0.0006167999999999999,2489,238,
AVA-v3,grok-4-1-fast-non-reasoning,angle,A-WARN-BOLDBODY-01,1,class_type,True,True,match,match,correct,visible,visual-correct,4.4904071629280224,0.0006167999999999999,2489,238,
AVA-v3,grok-4-1-fast-non-reasoning,angle,A-WARN-BOLDBODY-01,1,alcohol_content,True,True,match,match,correct,visible,visual-correct,4.4904071629280224,0.0006167999999999999,2489,238,
AVA-v3,grok-4-1-fast-non-reasoning,angle,A-WARN-BOLDBODY-01,1,net_contents,True,True,match,match,correct,visible,visual-correct,4.4904071629280224,0.0006167999999999999,2489,238,
AVA-v3,grok-4-1-fast-non-reasoning,angle,A-WARN-BOLDBODY-01,1,bottler_info,True,True,match,match,correct,visible,visual-correct,4.4904071629280224,0.0006167999999999999,2489,238,
AVA-v3,grok-4-1-fast-non-reasoning,angle,A-WARN-BOLDBODY-01,1,country_of_origin,True,True,not-applicable,not-applicable,correct,absent,correct-absence-not-applicable,4.4904071629280224,0.0006167999999999999,2489,238,
AVA-v3,grok-4-1-fast-non-reasoning,angle,A-WARN-BOLDBODY-01,1,government_warning,True,False,mismatch,match,false_match,visible,dangerous-error,4.4904071629280224,0.0006167999999999999,2489,238,
AVA-v3,grok-4-1-fast-non-reasoning,glare,A-WARN-BOLDBODY-01,1,brand_name,True,False,match,mismatch,false_mismatch,obscured,dangerous-error,4.534946126048453,0.0006127999999999999,2489,230,
AVA-v3,grok-4-1-fast-non-reasoning,glare,A-WARN-BOLDBODY-01,1,class_type,True,False,match,mismatch,false_mismatch,obscured,dangerous-error,4.534946126048453,0.0006127999999999999,2489,230,
AVA-v3,grok-4-1-fast-non-reasoning,glare,A-WARN-BOLDBODY-01,1,alcohol_content,True,False,match,mismatch,false_mismatch,obscured,dangerous-error,4.534946126048453,0.0006127999999999999,2489,230,
AVA-v3,grok-4-1-fast-non-reasoning,glare,A-WARN-BOLDBODY-01,1,net_contents,True,False,match,needs-review,referral,obscured,safe-referral,4.534946126048453,0.0006127999999999999,2489,230,
AVA-v3,grok-4-1-fast-non-reasoning,glare,A-WARN-BOLDBODY-01,1,bottler_info,True,False,match,mismatch,false_mismatch,obscured,dangerous-error,4.534946126048453,0.0006127999999999999,2489,230,
AVA-v3,grok-4-1-fast-non-reasoning,glare,A-WARN-BOLDBODY-01,1,country_of_origin,True,True,not-applicable,not-applicable,correct,absent,correct-absence-not-applicable,4.534946126048453,0.0006127999999999999,2489,230,
AVA-v3,grok-4-1-fast-non-reasoning,glare,A-WARN-BOLDBODY-01,1,government_warning,True,False,mismatch,needs-review,referral,obscured,safe-referral,4.534946126048453,0.0006127999999999999,2489,230,
AVA-v3,grok-4-1-fast-non-reasoning,straight,A-WARN-BOLDBODY-01,1,brand_name,True,True,match,match,correct,visible,visual-correct,6.579707128927112,0.0006158,2489,236,
AVA-v3,grok-4-1-fast-non-reasoning,straight,A-WARN-BOLDBODY-01,1,class_type,True,True,match,match,correct,visible,visual-correct,6.579707128927112,0.0006158,2489,236,
AVA-v3,grok-4-1-fast-non-reasoning,straight,A-WARN-BOLDBODY-01,1,alcohol_content,True,True,match,match,correct,visible,visual-correct,6.579707128927112,0.0006158,2489,236,
AVA-v3,grok-4-1-fast-non-reasoning,straight,A-WARN-BOLDBODY-01,1,net_contents,True,True,match,match,correct,visible,visual-correct,6.579707128927112,0.0006158,2489,236,
AVA-v3,grok-4-1-fast-non-reasoning,straight,A-WARN-BOLDBODY-01,1,bottler_info,True,True,match,match,correct,visible,visual-correct,6.579707128927112,0.0006158,2489,236,
AVA-v3,grok-4-1-fast-non-reasoning,straight,A-WARN-BOLDBODY-01,1,country_of_origin,True,True,not-applicable,not-applicable,correct,absent,correct-absence-not-applicable,6.579707128927112,0.0006158,2489,236,
AVA-v3,grok-4-1-fast-non-reasoning,straight,A-WARN-BOLDBODY-01,1,government_warning,True,False,mismatch,mismatch,correct,visible,dangerous-error,6.579707128927112,0.0006158,2489,236,
AVA-v3,grok-4-1-fast-non-reasoning,angle,A-WARN-TITLECASE-01,1,brand_name,True,False,match,mismatch,false_mismatch,visible,dangerous-error,6.892619631020352,0.0006178,2489,240,
AVA-v3,grok-4-1-fast-non-reasoning,angle,A-WARN-TITLECASE-01,1,class_type,True,True,match,match,correct,visible,visual-correct,6.892619631020352,0.0006178,2489,240,
AVA-v3,grok-4-1-fast-non-reasoning,angle,A-WARN-TITLECASE-01,1,alcohol_content,True,True,match,match,correct,visible,visual-correct,6.892619631020352,0.0006178,2489,240,
AVA-v3,grok-4-1-fast-non-reasoning,angle,A-WARN-TITLECASE-01,1,net_contents,True,True,match,match,correct,visible,visual-correct,6.892619631020352,0.0006178,2489,240,
AVA-v3,grok-4-1-fast-non-reasoning,angle,A-WARN-TITLECASE-01,1,bottler_info,True,True,match,match,correct,visible,visual-correct,6.892619631020352,0.0006178,2489,240,
AVA-v3,grok-4-1-fast-non-reasoning,angle,A-WARN-TITLECASE-01,1,country_of_origin,True,True,not-applicable,not-applicable,correct,absent,correct-absence-not-applicable,6.892619631020352,0.0006178,2489,240,
AVA-v3,grok-4-1-fast-non-reasoning,angle,A-WARN-TITLECASE-01,1,government_warning,True,True,mismatch,mismatch,correct,visible,visual-correct,6.892619631020352,0.0006178,2489,240,
AVA-v3,grok-4-1-fast-non-reasoning,glare,A-WARN-TITLECASE-01,1,brand_name,True,False,match,mismatch,false_mismatch,obscured,dangerous-error,5.523402645019814,0.0006113,2489,227,
AVA-v3,grok-4-1-fast-non-reasoning,glare,A-WARN-TITLECASE-01,1,class_type,True,False,match,needs-review,referral,obscured,safe-referral,5.523402645019814,0.0006113,2489,227,
AVA-v3,grok-4-1-fast-non-reasoning,glare,A-WARN-TITLECASE-01,1,alcohol_content,True,True,match,match,correct,obscured,unverifiable-correct-not-recovery,5.523402645019814,0.0006113,2489,227,
AVA-v3,grok-4-1-fast-non-reasoning,glare,A-WARN-TITLECASE-01,1,net_contents,True,False,match,needs-review,referral,obscured,safe-referral,5.523402645019814,0.0006113,2489,227,
AVA-v3,grok-4-1-fast-non-reasoning,glare,A-WARN-TITLECASE-01,1,bottler_info,True,False,match,mismatch,false_mismatch,obscured,dangerous-error,5.523402645019814,0.0006113,2489,227,
AVA-v3,grok-4-1-fast-non-reasoning,glare,A-WARN-TITLECASE-01,1,country_of_origin,True,True,not-applicable,not-applicable,correct,absent,correct-absence-not-applicable,5.523402645019814,0.0006113,2489,227,
AVA-v3,grok-4-1-fast-non-reasoning,glare,A-WARN-TITLECASE-01,1,government_warning,True,False,mismatch,needs-review,referral,obscured,safe-referral,5.523402645019814,0.0006113,2489,227,
AVA-v3,grok-4-1-fast-non-reasoning,straight,A-WARN-TITLECASE-01,1,brand_name,True,False,match,mismatch,false_mismatch,visible,dangerous-error,5.48842341999989,0.0006192999999999999,2489,243,
AVA-v3,grok-4-1-fast-non-reasoning,straight,A-WARN-TITLECASE-01,1,class_type,True,True,match,match,correct,visible,visual-correct,5.48842341999989,0.0006192999999999999,2489,243,
AVA-v3,grok-4-1-fast-non-reasoning,straight,A-WARN-TITLECASE-01,1,alcohol_content,True,True,match,match,correct,visible,visual-correct,5.48842341999989,0.0006192999999999999,2489,243,
AVA-v3,grok-4-1-fast-non-reasoning,straight,A-WARN-TITLECASE-01,1,net_contents,True,True,match,match,correct,visible,visual-correct,5.48842341999989,0.0006192999999999999,2489,243,
AVA-v3,grok-4-1-fast-non-reasoning,straight,A-WARN-TITLECASE-01,1,bottler_info,True,True,match,match,correct,visible,visual-correct,5.48842341999989,0.0006192999999999999,2489,243,
AVA-v3,grok-4-1-fast-non-reasoning,straight,A-WARN-TITLECASE-01,1,country_of_origin,True,True,not-applicable,not-applicable,correct,absent,correct-absence-not-applicable,5.48842341999989,0.0006192999999999999,2489,243,
AVA-v3,grok-4-1-fast-non-reasoning,straight,A-WARN-TITLECASE-01,1,government_warning,True,True,mismatch,mismatch,correct,visible,visual-correct,5.48842341999989,0.0006192999999999999,2489,243,
AVA-v3,grok-4-1-fast-non-reasoning,angle,C-MALT-01,1,brand_name,True,True,match,match,correct,visible,visual-correct,6.811426973901689,0.0006347999999999999,2489,274,
AVA-v3,grok-4-1-fast-non-reasoning,angle,C-MALT-01,1,class_type,True,True,match,match,correct,visible,visual-correct,6.811426973901689,0.0006347999999999999,2489,274,
AVA-v3,grok-4-1-fast-non-reasoning,angle,C-MALT-01,1,alcohol_content,True,True,match,match,correct,visible,visual-correct,6.811426973901689,0.0006347999999999999,2489,274,
AVA-v3,grok-4-1-fast-non-reasoning,angle,C-MALT-01,1,net_contents,True,True,match,match,correct,visible,visual-correct,6.811426973901689,0.0006347999999999999,2489,274,
AVA-v3,grok-4-1-fast-non-reasoning,angle,C-MALT-01,1,bottler_info,True,True,match,match,correct,visible,visual-correct,6.811426973901689,0.0006347999999999999,2489,274,
AVA-v3,grok-4-1-fast-non-reasoning,angle,C-MALT-01,1,country_of_origin,True,True,not-applicable,not-applicable,correct,absent,correct-absence-not-applicable,6.811426973901689,0.0006347999999999999,2489,274,
AVA-v3,grok-4-1-fast-non-reasoning,angle,C-MALT-01,1,government_warning,True,False,match,match,correct,visible,dangerous-error,6.811426973901689,0.0006347999999999999,2489,274,
AVA-v3,grok-4-1-fast-non-reasoning,glare,C-MALT-01,1,brand_name,False,False,match,needs-review,referral,obscured,failure-referral,6.253641782095656,0.0006133,2489,231,
AVA-v3,grok-4-1-fast-non-reasoning,glare,C-MALT-01,1,class_type,False,False,match,needs-review,referral,obscured,failure-referral,6.253641782095656,0.0006133,2489,231,
AVA-v3,grok-4-1-fast-non-reasoning,glare,C-MALT-01,1,alcohol_content,False,False,match,needs-review,referral,obscured,failure-referral,6.253641782095656,0.0006133,2489,231,
AVA-v3,grok-4-1-fast-non-reasoning,glare,C-MALT-01,1,net_contents,False,False,match,needs-review,referral,obscured,failure-referral,6.253641782095656,0.0006133,2489,231,
AVA-v3,grok-4-1-fast-non-reasoning,glare,C-MALT-01,1,bottler_info,False,False,match,needs-review,referral,obscured,failure-referral,6.253641782095656,0.0006133,2489,231,
AVA-v3,grok-4-1-fast-non-reasoning,glare,C-MALT-01,1,country_of_origin,False,False,not-applicable,needs-review,referral,absent,failure-referral,6.253641782095656,0.0006133,2489,231,
AVA-v3,grok-4-1-fast-non-reasoning,glare,C-MALT-01,1,government_warning,False,False,match,needs-review,referral,obscured,failure-referral,6.253641782095656,0.0006133,2489,231,
AVA-v3,grok-4-1-fast-non-reasoning,straight,C-MALT-01,1,brand_name,True,True,match,match,correct,visible,visual-correct,5.205676750978455,0.0006158,2489,236,
AVA-v3,grok-4-1-fast-non-reasoning,straight,C-MALT-01,1,class_type,True,True,match,match,correct,visible,visual-correct,5.205676750978455,0.0006158,2489,236,
AVA-v3,grok-4-1-fast-non-reasoning,straight,C-MALT-01,1,alcohol_content,True,True,match,match,correct,visible,visual-correct,5.205676750978455,0.0006158,2489,236,
AVA-v3,grok-4-1-fast-non-reasoning,straight,C-MALT-01,1,net_contents,True,True,match,match,correct,visible,visual-correct,5.205676750978455,0.0006158,2489,236,
AVA-v3,grok-4-1-fast-non-reasoning,straight,C-MALT-01,1,bottler_info,True,True,match,match,correct,visible,visual-correct,5.205676750978455,0.0006158,2489,236,
AVA-v3,grok-4-1-fast-non-reasoning,straight,C-MALT-01,1,country_of_origin,True,True,not-applicable,not-applicable,correct,absent,correct-absence-not-applicable,5.205676750978455,0.0006158,2489,236,
AVA-v3,grok-4-1-fast-non-reasoning,straight,C-MALT-01,1,government_warning,True,True,match,match,correct,visible,visual-correct,5.205676750978455,0.0006158,2489,236,
AVA-v3,grok-4-1-fast-non-reasoning,angle,C-SPIRITS-01,1,brand_name,True,True,match,match,correct,visible,visual-correct,5.823617802001536,0.0006173,2489,239,
AVA-v3,grok-4-1-fast-non-reasoning,angle,C-SPIRITS-01,1,class_type,True,True,match,match,correct,visible,visual-correct,5.823617802001536,0.0006173,2489,239,
AVA-v3,grok-4-1-fast-non-reasoning,angle,C-SPIRITS-01,1,alcohol_content,True,True,match,match,correct,visible,visual-correct,5.823617802001536,0.0006173,2489,239,
AVA-v3,grok-4-1-fast-non-reasoning,angle,C-SPIRITS-01,1,net_contents,True,True,match,match,correct,visible,visual-correct,5.823617802001536,0.0006173,2489,239,
AVA-v3,grok-4-1-fast-non-reasoning,angle,C-SPIRITS-01,1,bottler_info,True,True,match,match,correct,visible,visual-correct,5.823617802001536,0.0006173,2489,239,
AVA-v3,grok-4-1-fast-non-reasoning,angle,C-SPIRITS-01,1,country_of_origin,True,True,not-applicable,not-applicable,correct,absent,correct-absence-not-applicable,5.823617802001536,0.0006173,2489,239,
AVA-v3,grok-4-1-fast-non-reasoning,angle,C-SPIRITS-01,1,government_warning,True,True,match,match,correct,visible,visual-correct,5.823617802001536,0.0006173,2489,239,
AVA-v3,grok-4-1-fast-non-reasoning,glare,C-SPIRITS-01,1,brand_name,True,False,match,mismatch,false_mismatch,obscured,dangerous-error,4.950682964059524,0.0006127999999999999,2489,230,
AVA-v3,grok-4-1-fast-non-reasoning,glare,C-SPIRITS-01,1,class_type,True,False,match,needs-review,referral,obscured,safe-referral,4.950682964059524,0.0006127999999999999,2489,230,
AVA-v3,grok-4-1-fast-non-reasoning,glare,C-SPIRITS-01,1,alcohol_content,True,True,match,match,correct,obscured,unverifiable-correct-not-recovery,4.950682964059524,0.0006127999999999999,2489,230,
AVA-v3,grok-4-1-fast-non-reasoning,glare,C-SPIRITS-01,1,net_contents,True,False,match,needs-review,referral,obscured,safe-referral,4.950682964059524,0.0006127999999999999,2489,230,
AVA-v3,grok-4-1-fast-non-reasoning,glare,C-SPIRITS-01,1,bottler_info,True,False,match,mismatch,false_mismatch,obscured,dangerous-error,4.950682964059524,0.0006127999999999999,2489,230,
AVA-v3,grok-4-1-fast-non-reasoning,glare,C-SPIRITS-01,1,country_of_origin,True,True,not-applicable,not-applicable,correct,absent,correct-absence-not-applicable,4.950682964059524,0.0006127999999999999,2489,230,
AVA-v3,grok-4-1-fast-non-reasoning,glare,C-SPIRITS-01,1,government_warning,True,False,match,needs-review,referral,obscured,safe-referral,4.950682964059524,0.0006127999999999999,2489,230,
AVA-v3,grok-4-1-fast-non-reasoning,straight,C-SPIRITS-01,1,brand_name,True,True,match,match,correct,visible,visual-correct,5.062990498961881,0.0006173,2489,239,
AVA-v3,grok-4-1-fast-non-reasoning,straight,C-SPIRITS-01,1,class_type,True,True,match,match,correct,visible,visual-correct,5.062990498961881,0.0006173,2489,239,
AVA-v3,grok-4-1-fast-non-reasoning,straight,C-SPIRITS-01,1,alcohol_content,True,True,match,match,correct,visible,visual-correct,5.062990498961881,0.0006173,2489,239,
AVA-v3,grok-4-1-fast-non-reasoning,straight,C-SPIRITS-01,1,net_contents,True,True,match,match,correct,visible,visual-correct,5.062990498961881,0.0006173,2489,239,
AVA-v3,grok-4-1-fast-non-reasoning,straight,C-SPIRITS-01,1,bottler_info,True,True,match,match,correct,visible,visual-correct,5.062990498961881,0.0006173,2489,239,
AVA-v3,grok-4-1-fast-non-reasoning,straight,C-SPIRITS-01,1,country_of_origin,True,True,not-applicable,not-applicable,correct,absent,correct-absence-not-applicable,5.062990498961881,0.0006173,2489,239,
AVA-v3,grok-4-1-fast-non-reasoning,straight,C-SPIRITS-01,1,government_warning,True,True,match,match,correct,visible,visual-correct,5.062990498961881,0.0006173,2489,239,
AVA-v3,grok-4-1-fast-non-reasoning,angle,C-SPIRITS-IMPORT-01,1,brand_name,True,False,match,mismatch,false_mismatch,visible,dangerous-error,5.959860138013028,0.0006217999999999999,2489,248,
AVA-v3,grok-4-1-fast-non-reasoning,angle,C-SPIRITS-IMPORT-01,1,class_type,True,False,match,mismatch,false_mismatch,visible,dangerous-error,5.959860138013028,0.0006217999999999999,2489,248,
AVA-v3,grok-4-1-fast-non-reasoning,angle,C-SPIRITS-IMPORT-01,1,alcohol_content,True,True,match,match,correct,visible,visual-correct,5.959860138013028,0.0006217999999999999,2489,248,
AVA-v3,grok-4-1-fast-non-reasoning,angle,C-SPIRITS-IMPORT-01,1,net_contents,True,True,match,match,correct,visible,visual-correct,5.959860138013028,0.0006217999999999999,2489,248,
AVA-v3,grok-4-1-fast-non-reasoning,angle,C-SPIRITS-IMPORT-01,1,bottler_info,True,True,match,match,correct,visible,visual-correct,5.959860138013028,0.0006217999999999999,2489,248,
AVA-v3,grok-4-1-fast-non-reasoning,angle,C-SPIRITS-IMPORT-01,1,country_of_origin,True,False,match,match,correct,visible,dangerous-error,5.959860138013028,0.0006217999999999999,2489,248,
AVA-v3,grok-4-1-fast-non-reasoning,angle,C-SPIRITS-IMPORT-01,1,government_warning,True,True,match,match,correct,visible,visual-correct,5.959860138013028,0.0006217999999999999,2489,248,
AVA-v3,grok-4-1-fast-non-reasoning,glare,C-SPIRITS-IMPORT-01,1,brand_name,True,False,match,mismatch,false_mismatch,obscured,dangerous-error,5.233292424934916,0.0006073,2489,219,
AVA-v3,grok-4-1-fast-non-reasoning,glare,C-SPIRITS-IMPORT-01,1,class_type,True,False,match,mismatch,false_mismatch,obscured,dangerous-error,5.233292424934916,0.0006073,2489,219,
AVA-v3,grok-4-1-fast-non-reasoning,glare,C-SPIRITS-IMPORT-01,1,alcohol_content,True,False,match,match,correct,obscured,dangerous-error,5.233292424934916,0.0006073,2489,219,
AVA-v3,grok-4-1-fast-non-reasoning,glare,C-SPIRITS-IMPORT-01,1,net_contents,True,False,match,needs-review,referral,obscured,safe-referral,5.233292424934916,0.0006073,2489,219,
AVA-v3,grok-4-1-fast-non-reasoning,glare,C-SPIRITS-IMPORT-01,1,bottler_info,True,False,match,needs-review,referral,obscured,safe-referral,5.233292424934916,0.0006073,2489,219,
AVA-v3,grok-4-1-fast-non-reasoning,glare,C-SPIRITS-IMPORT-01,1,country_of_origin,True,False,match,needs-review,referral,obscured,safe-referral,5.233292424934916,0.0006073,2489,219,
AVA-v3,grok-4-1-fast-non-reasoning,glare,C-SPIRITS-IMPORT-01,1,government_warning,True,False,match,needs-review,referral,obscured,safe-referral,5.233292424934916,0.0006073,2489,219,
AVA-v3,grok-4-1-fast-non-reasoning,straight,C-SPIRITS-IMPORT-01,1,brand_name,True,True,match,match,correct,visible,visual-correct,5.546235986985266,0.0006203,2489,245,
AVA-v3,grok-4-1-fast-non-reasoning,straight,C-SPIRITS-IMPORT-01,1,class_type,True,False,match,mismatch,false_mismatch,visible,dangerous-error,5.546235986985266,0.0006203,2489,245,
AVA-v3,grok-4-1-fast-non-reasoning,straight,C-SPIRITS-IMPORT-01,1,alcohol_content,True,True,match,match,correct,visible,visual-correct,5.546235986985266,0.0006203,2489,245,
AVA-v3,grok-4-1-fast-non-reasoning,straight,C-SPIRITS-IMPORT-01,1,net_contents,True,True,match,match,correct,visible,visual-correct,5.546235986985266,0.0006203,2489,245,
AVA-v3,grok-4-1-fast-non-reasoning,straight,C-SPIRITS-IMPORT-01,1,bottler_info,True,True,match,match,correct,visible,visual-correct,5.546235986985266,0.0006203,2489,245,
AVA-v3,grok-4-1-fast-non-reasoning,straight,C-SPIRITS-IMPORT-01,1,country_of_origin,True,False,match,needs-review,referral,visible,referral,5.546235986985266,0.0006203,2489,245,
AVA-v3,grok-4-1-fast-non-reasoning,straight,C-SPIRITS-IMPORT-01,1,government_warning,True,True,match,match,correct,visible,visual-correct,5.546235986985266,0.0006203,2489,245,
AVA-v3,grok-4-1-fast-non-reasoning,angle,C-WINE-01,1,brand_name,True,True,match,match,correct,visible,visual-correct,4.658314145985059,0.0006173,2489,239,
AVA-v3,grok-4-1-fast-non-reasoning,angle,C-WINE-01,1,class_type,True,True,match,match,correct,visible,visual-correct,4.658314145985059,0.0006173,2489,239,
AVA-v3,grok-4-1-fast-non-reasoning,angle,C-WINE-01,1,alcohol_content,True,True,match,match,correct,visible,visual-correct,4.658314145985059,0.0006173,2489,239,
AVA-v3,grok-4-1-fast-non-reasoning,angle,C-WINE-01,1,net_contents,True,True,match,match,correct,visible,visual-correct,4.658314145985059,0.0006173,2489,239,
AVA-v3,grok-4-1-fast-non-reasoning,angle,C-WINE-01,1,bottler_info,True,True,match,match,correct,visible,visual-correct,4.658314145985059,0.0006173,2489,239,
AVA-v3,grok-4-1-fast-non-reasoning,angle,C-WINE-01,1,country_of_origin,True,True,not-applicable,not-applicable,correct,absent,correct-absence-not-applicable,4.658314145985059,0.0006173,2489,239,
AVA-v3,grok-4-1-fast-non-reasoning,angle,C-WINE-01,1,government_warning,True,True,match,match,correct,visible,visual-correct,4.658314145985059,0.0006173,2489,239,
AVA-v3,grok-4-1-fast-non-reasoning,glare,C-WINE-01,1,brand_name,False,False,match,needs-review,referral,obscured,failure-referral,5.3439972930355,0.0006058,2489,216,
AVA-v3,grok-4-1-fast-non-reasoning,glare,C-WINE-01,1,class_type,False,False,match,needs-review,referral,obscured,failure-referral,5.3439972930355,0.0006058,2489,216,
AVA-v3,grok-4-1-fast-non-reasoning,glare,C-WINE-01,1,alcohol_content,False,False,match,needs-review,referral,obscured,failure-referral,5.3439972930355,0.0006058,2489,216,
AVA-v3,grok-4-1-fast-non-reasoning,glare,C-WINE-01,1,net_contents,False,False,match,needs-review,referral,obscured,failure-referral,5.3439972930355,0.0006058,2489,216,
AVA-v3,grok-4-1-fast-non-reasoning,glare,C-WINE-01,1,bottler_info,False,False,match,needs-review,referral,obscured,failure-referral,5.3439972930355,0.0006058,2489,216,
AVA-v3,grok-4-1-fast-non-reasoning,glare,C-WINE-01,1,country_of_origin,False,False,not-applicable,needs-review,referral,absent,failure-referral,5.3439972930355,0.0006058,2489,216,
AVA-v3,grok-4-1-fast-non-reasoning,glare,C-WINE-01,1,government_warning,False,False,match,needs-review,referral,obscured,failure-referral,5.3439972930355,0.0006058,2489,216,
AVA-v3,grok-4-1-fast-non-reasoning,straight,C-WINE-01,1,brand_name,True,True,match,match,correct,visible,visual-correct,4.776366346050054,0.0006173,2489,239,
AVA-v3,grok-4-1-fast-non-reasoning,straight,C-WINE-01,1,class_type,True,True,match,match,correct,visible,visual-correct,4.776366346050054,0.0006173,2489,239,
AVA-v3,grok-4-1-fast-non-reasoning,straight,C-WINE-01,1,alcohol_content,True,True,match,match,correct,visible,visual-correct,4.776366346050054,0.0006173,2489,239,
AVA-v3,grok-4-1-fast-non-reasoning,straight,C-WINE-01,1,net_contents,True,True,match,match,correct,visible,visual-correct,4.776366346050054,0.0006173,2489,239,
AVA-v3,grok-4-1-fast-non-reasoning,straight,C-WINE-01,1,bottler_info,True,True,match,match,correct,visible,visual-correct,4.776366346050054,0.0006173,2489,239,
AVA-v3,grok-4-1-fast-non-reasoning,straight,C-WINE-01,1,country_of_origin,True,True,not-applicable,not-applicable,correct,absent,correct-absence-not-applicable,4.776366346050054,0.0006173,2489,239,
AVA-v3,grok-4-1-fast-non-reasoning,straight,C-WINE-01,1,government_warning,True,True,match,match,correct,visible,visual-correct,4.776366346050054,0.0006173,2489,239,
AVA-v3,grok-4-1-fast-non-reasoning,angle,D-BLUR-01,1,brand_name,True,False,match,mismatch,false_mismatch,visible,dangerous-error,6.94844078598544,0.0006182999999999999,2489,241,
AVA-v3,grok-4-1-fast-non-reasoning,angle,D-BLUR-01,1,class_type,True,True,match,match,correct,visible,visual-correct,6.94844078598544,0.0006182999999999999,2489,241,
AVA-v3,grok-4-1-fast-non-reasoning,angle,D-BLUR-01,1,alcohol_content,True,True,match,match,correct,visible,visual-correct,6.94844078598544,0.0006182999999999999,2489,241,
AVA-v3,grok-4-1-fast-non-reasoning,angle,D-BLUR-01,1,net_contents,True,True,match,match,correct,visible,visual-correct,6.94844078598544,0.0006182999999999999,2489,241,
AVA-v3,grok-4-1-fast-non-reasoning,angle,D-BLUR-01,1,bottler_info,True,True,match,match,correct,visible,visual-correct,6.94844078598544,0.0006182999999999999,2489,241,
AVA-v3,grok-4-1-fast-non-reasoning,angle,D-BLUR-01,1,country_of_origin,True,True,not-applicable,not-applicable,correct,absent,correct-absence-not-applicable,6.94844078598544,0.0006182999999999999,2489,241,
AVA-v3,grok-4-1-fast-non-reasoning,angle,D-BLUR-01,1,government_warning,True,True,match,match,correct,uncertain,unverifiable-correct-not-recovery,6.94844078598544,0.0006182999999999999,2489,241,
AVA-v3,grok-4-1-fast-non-reasoning,straight,D-BLUR-01,1,brand_name,True,True,match,match,correct,visible,visual-correct,6.263234591926448,0.0006353,2489,275,
AVA-v3,grok-4-1-fast-non-reasoning,straight,D-BLUR-01,1,class_type,True,True,match,match,correct,visible,visual-correct,6.263234591926448,0.0006353,2489,275,
AVA-v3,grok-4-1-fast-non-reasoning,straight,D-BLUR-01,1,alcohol_content,True,True,match,match,correct,visible,visual-correct,6.263234591926448,0.0006353,2489,275,
AVA-v3,grok-4-1-fast-non-reasoning,straight,D-BLUR-01,1,net_contents,True,True,match,match,correct,visible,visual-correct,6.263234591926448,0.0006353,2489,275,
AVA-v3,grok-4-1-fast-non-reasoning,straight,D-BLUR-01,1,bottler_info,True,True,match,match,correct,visible,visual-correct,6.263234591926448,0.0006353,2489,275,
AVA-v3,grok-4-1-fast-non-reasoning,straight,D-BLUR-01,1,country_of_origin,True,True,not-applicable,not-applicable,correct,absent,correct-absence-not-applicable,6.263234591926448,0.0006353,2489,275,
AVA-v3,grok-4-1-fast-non-reasoning,straight,D-BLUR-01,1,government_warning,True,False,match,mismatch,false_mismatch,uncertain,dangerous-error,6.263234591926448,0.0006353,2489,275,
AVA-v3,grok-4-1-fast-non-reasoning,angle,D-GLARE-01,1,brand_name,True,True,match,match,correct,visible,visual-correct,5.518026325036772,0.0006152999999999999,2489,235,
AVA-v3,grok-4-1-fast-non-reasoning,angle,D-GLARE-01,1,class_type,True,True,match,match,correct,visible,visual-correct,5.518026325036772,0.0006152999999999999,2489,235,
AVA-v3,grok-4-1-fast-non-reasoning,angle,D-GLARE-01,1,alcohol_content,True,True,match,match,correct,visible,visual-correct,5.518026325036772,0.0006152999999999999,2489,235,
AVA-v3,grok-4-1-fast-non-reasoning,angle,D-GLARE-01,1,net_contents,True,True,match,match,correct,visible,visual-correct,5.518026325036772,0.0006152999999999999,2489,235,
AVA-v3,grok-4-1-fast-non-reasoning,angle,D-GLARE-01,1,bottler_info,True,True,match,match,correct,visible,visual-correct,5.518026325036772,0.0006152999999999999,2489,235,
AVA-v3,grok-4-1-fast-non-reasoning,angle,D-GLARE-01,1,country_of_origin,True,True,not-applicable,not-applicable,correct,absent,correct-absence-not-applicable,5.518026325036772,0.0006152999999999999,2489,235,
AVA-v3,grok-4-1-fast-non-reasoning,angle,D-GLARE-01,1,government_warning,True,False,match,match,correct,visible,dangerous-error,5.518026325036772,0.0006152999999999999,2489,235,
AVA-v3,grok-4-1-fast-non-reasoning,straight,D-GLARE-01,1,brand_name,True,True,match,match,correct,visible,visual-correct,8.581062525045127,0.0006337999999999999,2489,272,
AVA-v3,grok-4-1-fast-non-reasoning,straight,D-GLARE-01,1,class_type,True,True,match,match,correct,visible,visual-correct,8.581062525045127,0.0006337999999999999,2489,272,
AVA-v3,grok-4-1-fast-non-reasoning,straight,D-GLARE-01,1,alcohol_content,True,True,match,match,correct,visible,visual-correct,8.581062525045127,0.0006337999999999999,2489,272,
AVA-v3,grok-4-1-fast-non-reasoning,straight,D-GLARE-01,1,net_contents,True,True,match,match,correct,visible,visual-correct,8.581062525045127,0.0006337999999999999,2489,272,
AVA-v3,grok-4-1-fast-non-reasoning,straight,D-GLARE-01,1,bottler_info,True,True,match,match,correct,visible,visual-correct,8.581062525045127,0.0006337999999999999,2489,272,
AVA-v3,grok-4-1-fast-non-reasoning,straight,D-GLARE-01,1,country_of_origin,True,True,not-applicable,not-applicable,correct,absent,correct-absence-not-applicable,8.581062525045127,0.0006337999999999999,2489,272,
AVA-v3,grok-4-1-fast-non-reasoning,straight,D-GLARE-01,1,government_warning,True,False,match,mismatch,false_mismatch,visible,dangerous-error,8.581062525045127,0.0006337999999999999,2489,272,
AVA-v3,grok-4-1-fast-non-reasoning,angle,D-WARP-01,1,brand_name,True,True,match,match,correct,visible,visual-correct,5.632912929053418,0.0006138,2489,232,
AVA-v3,grok-4-1-fast-non-reasoning,angle,D-WARP-01,1,class_type,True,True,match,match,correct,visible,visual-correct,5.632912929053418,0.0006138,2489,232,
AVA-v3,grok-4-1-fast-non-reasoning,angle,D-WARP-01,1,alcohol_content,True,False,match,mismatch,false_mismatch,visible,dangerous-error,5.632912929053418,0.0006138,2489,232,
AVA-v3,grok-4-1-fast-non-reasoning,angle,D-WARP-01,1,net_contents,True,True,match,match,correct,visible,visual-correct,5.632912929053418,0.0006138,2489,232,
AVA-v3,grok-4-1-fast-non-reasoning,angle,D-WARP-01,1,bottler_info,True,True,match,match,correct,visible,visual-correct,5.632912929053418,0.0006138,2489,232,
AVA-v3,grok-4-1-fast-non-reasoning,angle,D-WARP-01,1,country_of_origin,True,True,not-applicable,not-applicable,correct,absent,correct-absence-not-applicable,5.632912929053418,0.0006138,2489,232,
AVA-v3,grok-4-1-fast-non-reasoning,angle,D-WARP-01,1,government_warning,True,False,match,mismatch,false_mismatch,visible,dangerous-error,5.632912929053418,0.0006138,2489,232,
AVA-v3,grok-4-1-fast-non-reasoning,straight,D-WARP-01,1,brand_name,True,True,match,match,correct,visible,visual-correct,4.866299506975338,0.0006173,2489,239,
AVA-v3,grok-4-1-fast-non-reasoning,straight,D-WARP-01,1,class_type,True,True,match,match,correct,visible,visual-correct,4.866299506975338,0.0006173,2489,239,
AVA-v3,grok-4-1-fast-non-reasoning,straight,D-WARP-01,1,alcohol_content,True,True,match,match,correct,visible,visual-correct,4.866299506975338,0.0006173,2489,239,
AVA-v3,grok-4-1-fast-non-reasoning,straight,D-WARP-01,1,net_contents,True,True,match,match,correct,visible,visual-correct,4.866299506975338,0.0006173,2489,239,
AVA-v3,grok-4-1-fast-non-reasoning,straight,D-WARP-01,1,bottler_info,True,True,match,match,correct,visible,visual-correct,4.866299506975338,0.0006173,2489,239,
AVA-v3,grok-4-1-fast-non-reasoning,straight,D-WARP-01,1,country_of_origin,True,True,not-applicable,not-applicable,correct,absent,correct-absence-not-applicable,4.866299506975338,0.0006173,2489,239,
AVA-v3,grok-4-1-fast-non-reasoning,straight,D-WARP-01,1,government_warning,True,True,match,match,correct,visible,visual-correct,4.866299506975338,0.0006173,2489,239,
AVA-v3,grok-4-1-fast-non-reasoning,angle,W-ABV-4045-01,1,brand_name,True,True,match,match,correct,visible,visual-correct,4.977900578989647,0.0006207999999999999,2489,246,
AVA-v3,grok-4-1-fast-non-reasoning,angle,W-ABV-4045-01,1,class_type,True,True,match,match,correct,visible,visual-correct,4.977900578989647,0.0006207999999999999,2489,246,
AVA-v3,grok-4-1-fast-non-reasoning,angle,W-ABV-4045-01,1,alcohol_content,True,True,mismatch,mismatch,correct,visible,visual-correct,4.977900578989647,0.0006207999999999999,2489,246,
AVA-v3,grok-4-1-fast-non-reasoning,angle,W-ABV-4045-01,1,net_contents,True,True,match,match,correct,visible,visual-correct,4.977900578989647,0.0006207999999999999,2489,246,
AVA-v3,grok-4-1-fast-non-reasoning,angle,W-ABV-4045-01,1,bottler_info,True,True,match,match,correct,visible,visual-correct,4.977900578989647,0.0006207999999999999,2489,246,
AVA-v3,grok-4-1-fast-non-reasoning,angle,W-ABV-4045-01,1,country_of_origin,True,True,not-applicable,not-applicable,correct,absent,correct-absence-not-applicable,4.977900578989647,0.0006207999999999999,2489,246,
AVA-v3,grok-4-1-fast-non-reasoning,angle,W-ABV-4045-01,1,government_warning,True,False,match,match,correct,visible,dangerous-error,4.977900578989647,0.0006207999999999999,2489,246,
AVA-v3,grok-4-1-fast-non-reasoning,straight,W-ABV-4045-01,1,brand_name,True,True,match,match,correct,visible,visual-correct,4.999950638972223,0.0006192999999999999,2489,243,
AVA-v3,grok-4-1-fast-non-reasoning,straight,W-ABV-4045-01,1,class_type,True,True,match,match,correct,visible,visual-correct,4.999950638972223,0.0006192999999999999,2489,243,
AVA-v3,grok-4-1-fast-non-reasoning,straight,W-ABV-4045-01,1,alcohol_content,True,True,mismatch,mismatch,correct,visible,visual-correct,4.999950638972223,0.0006192999999999999,2489,243,
AVA-v3,grok-4-1-fast-non-reasoning,straight,W-ABV-4045-01,1,net_contents,True,True,match,match,correct,visible,visual-correct,4.999950638972223,0.0006192999999999999,2489,243,
AVA-v3,grok-4-1-fast-non-reasoning,straight,W-ABV-4045-01,1,bottler_info,True,True,match,match,correct,visible,visual-correct,4.999950638972223,0.0006192999999999999,2489,243,
AVA-v3,grok-4-1-fast-non-reasoning,straight,W-ABV-4045-01,1,country_of_origin,True,True,not-applicable,not-applicable,correct,absent,correct-absence-not-applicable,4.999950638972223,0.0006192999999999999,2489,243,
AVA-v3,grok-4-1-fast-non-reasoning,straight,W-ABV-4045-01,1,government_warning,True,True,match,match,correct,visible,visual-correct,4.999950638972223,0.0006192999999999999,2489,243,
AVA-v3,grok-4-1-fast-non-reasoning,angle,W-BRAND-SPLITLINE-01,1,brand_name,True,True,match,match,correct,visible,visual-correct,6.278387606958859,0.0006158,2489,236,
AVA-v3,grok-4-1-fast-non-reasoning,angle,W-BRAND-SPLITLINE-01,1,class_type,True,True,match,match,correct,visible,visual-correct,6.278387606958859,0.0006158,2489,236,
AVA-v3,grok-4-1-fast-non-reasoning,angle,W-BRAND-SPLITLINE-01,1,alcohol_content,True,True,match,match,correct,visible,visual-correct,6.278387606958859,0.0006158,2489,236,
AVA-v3,grok-4-1-fast-non-reasoning,angle,W-BRAND-SPLITLINE-01,1,net_contents,True,True,match,match,correct,visible,visual-correct,6.278387606958859,0.0006158,2489,236,
AVA-v3,grok-4-1-fast-non-reasoning,angle,W-BRAND-SPLITLINE-01,1,bottler_info,True,True,match,match,correct,visible,visual-correct,6.278387606958859,0.0006158,2489,236,
AVA-v3,grok-4-1-fast-non-reasoning,angle,W-BRAND-SPLITLINE-01,1,country_of_origin,True,True,not-applicable,not-applicable,correct,absent,correct-absence-not-applicable,6.278387606958859,0.0006158,2489,236,
AVA-v3,grok-4-1-fast-non-reasoning,angle,W-BRAND-SPLITLINE-01,1,government_warning,True,False,match,match,correct,visible,dangerous-error,6.278387606958859,0.0006158,2489,236,
AVA-v3,grok-4-1-fast-non-reasoning,straight,W-BRAND-SPLITLINE-01,1,brand_name,True,True,match,match,correct,visible,visual-correct,5.495923467096873,0.0006102999999999999,2489,225,
AVA-v3,grok-4-1-fast-non-reasoning,straight,W-BRAND-SPLITLINE-01,1,class_type,True,True,match,match,correct,visible,visual-correct,5.495923467096873,0.0006102999999999999,2489,225,
AVA-v3,grok-4-1-fast-non-reasoning,straight,W-BRAND-SPLITLINE-01,1,alcohol_content,True,True,match,match,correct,visible,visual-correct,5.495923467096873,0.0006102999999999999,2489,225,
AVA-v3,grok-4-1-fast-non-reasoning,straight,W-BRAND-SPLITLINE-01,1,net_contents,True,True,match,match,correct,visible,visual-correct,5.495923467096873,0.0006102999999999999,2489,225,
AVA-v3,grok-4-1-fast-non-reasoning,straight,W-BRAND-SPLITLINE-01,1,bottler_info,True,True,match,match,correct,visible,visual-correct,5.495923467096873,0.0006102999999999999,2489,225,
AVA-v3,grok-4-1-fast-non-reasoning,straight,W-BRAND-SPLITLINE-01,1,country_of_origin,True,True,not-applicable,not-applicable,correct,absent,correct-absence-not-applicable,5.495923467096873,0.0006102999999999999,2489,225,
AVA-v3,grok-4-1-fast-non-reasoning,straight,W-BRAND-SPLITLINE-01,1,government_warning,True,False,match,mismatch,false_mismatch,visible,dangerous-error,5.495923467096873,0.0006102999999999999,2489,225,
AVA-v3,grok-4-1-fast-non-reasoning,angle,W-BRAND-WRONG-01,1,brand_name,False,False,mismatch,needs-review,referral,visible,failure-referral,5.515047085937113,0.0006158,2489,236,
AVA-v3,grok-4-1-fast-non-reasoning,angle,W-BRAND-WRONG-01,1,class_type,False,False,match,needs-review,referral,visible,failure-referral,5.515047085937113,0.0006158,2489,236,
AVA-v3,grok-4-1-fast-non-reasoning,angle,W-BRAND-WRONG-01,1,alcohol_content,False,False,match,needs-review,referral,visible,failure-referral,5.515047085937113,0.0006158,2489,236,
AVA-v3,grok-4-1-fast-non-reasoning,angle,W-BRAND-WRONG-01,1,net_contents,False,False,match,needs-review,referral,visible,failure-referral,5.515047085937113,0.0006158,2489,236,
AVA-v3,grok-4-1-fast-non-reasoning,angle,W-BRAND-WRONG-01,1,bottler_info,False,False,match,needs-review,referral,visible,failure-referral,5.515047085937113,0.0006158,2489,236,
AVA-v3,grok-4-1-fast-non-reasoning,angle,W-BRAND-WRONG-01,1,country_of_origin,False,False,not-applicable,needs-review,referral,absent,failure-referral,5.515047085937113,0.0006158,2489,236,
AVA-v3,grok-4-1-fast-non-reasoning,angle,W-BRAND-WRONG-01,1,government_warning,False,False,match,needs-review,referral,visible,failure-referral,5.515047085937113,0.0006158,2489,236,
AVA-v3,grok-4-1-fast-non-reasoning,straight,W-BRAND-WRONG-01,1,brand_name,True,True,mismatch,mismatch,correct,visible,visual-correct,4.768457446014509,0.0006158,2489,236,
AVA-v3,grok-4-1-fast-non-reasoning,straight,W-BRAND-WRONG-01,1,class_type,True,True,match,match,correct,visible,visual-correct,4.768457446014509,0.0006158,2489,236,
AVA-v3,grok-4-1-fast-non-reasoning,straight,W-BRAND-WRONG-01,1,alcohol_content,True,True,match,match,correct,visible,visual-correct,4.768457446014509,0.0006158,2489,236,
AVA-v3,grok-4-1-fast-non-reasoning,straight,W-BRAND-WRONG-01,1,net_contents,True,True,match,match,correct,visible,visual-correct,4.768457446014509,0.0006158,2489,236,
AVA-v3,grok-4-1-fast-non-reasoning,straight,W-BRAND-WRONG-01,1,bottler_info,True,True,match,match,correct,visible,visual-correct,4.768457446014509,0.0006158,2489,236,
AVA-v3,grok-4-1-fast-non-reasoning,straight,W-BRAND-WRONG-01,1,country_of_origin,True,True,not-applicable,not-applicable,correct,absent,correct-absence-not-applicable,4.768457446014509,0.0006158,2489,236,
AVA-v3,grok-4-1-fast-non-reasoning,straight,W-BRAND-WRONG-01,1,government_warning,True,False,match,mismatch,false_mismatch,visible,dangerous-error,4.768457446014509,0.0006158,2489,236,
AVA-v3,grok-4-1-fast-non-reasoning,angle,W-NETCONTENTS-WRONG-01,1,brand_name,True,False,match,mismatch,false_mismatch,visible,dangerous-error,4.6813377100043,0.0006173,2489,239,
AVA-v3,grok-4-1-fast-non-reasoning,angle,W-NETCONTENTS-WRONG-01,1,class_type,True,True,match,match,correct,visible,visual-correct,4.6813377100043,0.0006173,2489,239,
AVA-v3,grok-4-1-fast-non-reasoning,angle,W-NETCONTENTS-WRONG-01,1,alcohol_content,True,True,match,match,correct,visible,visual-correct,4.6813377100043,0.0006173,2489,239,
AVA-v3,grok-4-1-fast-non-reasoning,angle,W-NETCONTENTS-WRONG-01,1,net_contents,True,True,mismatch,mismatch,correct,visible,visual-correct,4.6813377100043,0.0006173,2489,239,
AVA-v3,grok-4-1-fast-non-reasoning,angle,W-NETCONTENTS-WRONG-01,1,bottler_info,True,True,match,match,correct,visible,visual-correct,4.6813377100043,0.0006173,2489,239,
AVA-v3,grok-4-1-fast-non-reasoning,angle,W-NETCONTENTS-WRONG-01,1,country_of_origin,True,True,not-applicable,not-applicable,correct,absent,correct-absence-not-applicable,4.6813377100043,0.0006173,2489,239,
AVA-v3,grok-4-1-fast-non-reasoning,angle,W-NETCONTENTS-WRONG-01,1,government_warning,True,True,match,match,correct,visible,visual-correct,4.6813377100043,0.0006173,2489,239,
AVA-v3,grok-4-1-fast-non-reasoning,straight,W-NETCONTENTS-WRONG-01,1,brand_name,True,False,match,mismatch,false_mismatch,visible,dangerous-error,5.527485704049468,0.0006178,2489,240,
AVA-v3,grok-4-1-fast-non-reasoning,straight,W-NETCONTENTS-WRONG-01,1,class_type,True,True,match,match,correct,visible,visual-correct,5.527485704049468,0.0006178,2489,240,
AVA-v3,grok-4-1-fast-non-reasoning,straight,W-NETCONTENTS-WRONG-01,1,alcohol_content,True,True,match,match,correct,visible,visual-correct,5.527485704049468,0.0006178,2489,240,
AVA-v3,grok-4-1-fast-non-reasoning,straight,W-NETCONTENTS-WRONG-01,1,net_contents,True,True,mismatch,mismatch,correct,visible,visual-correct,5.527485704049468,0.0006178,2489,240,
AVA-v3,grok-4-1-fast-non-reasoning,straight,W-NETCONTENTS-WRONG-01,1,bottler_info,True,True,match,match,correct,visible,visual-correct,5.527485704049468,0.0006178,2489,240,
AVA-v3,grok-4-1-fast-non-reasoning,straight,W-NETCONTENTS-WRONG-01,1,country_of_origin,True,True,not-applicable,not-applicable,correct,absent,correct-absence-not-applicable,5.527485704049468,0.0006178,2489,240,
AVA-v3,grok-4-1-fast-non-reasoning,straight,W-NETCONTENTS-WRONG-01,1,government_warning,True,True,match,match,correct,visible,visual-correct,5.527485704049468,0.0006178,2489,240,
AVA-v3,grok-4-1-fast-non-reasoning,angle,W-WARN-REWORD-01,1,brand_name,True,True,match,match,correct,visible,visual-correct,6.658432343043387,0.0006182999999999999,2489,241,
AVA-v3,grok-4-1-fast-non-reasoning,angle,W-WARN-REWORD-01,1,class_type,True,True,match,match,correct,visible,visual-correct,6.658432343043387,0.0006182999999999999,2489,241,
AVA-v3,grok-4-1-fast-non-reasoning,angle,W-WARN-REWORD-01,1,alcohol_content,True,True,match,match,correct,visible,visual-correct,6.658432343043387,0.0006182999999999999,2489,241,
AVA-v3,grok-4-1-fast-non-reasoning,angle,W-WARN-REWORD-01,1,net_contents,True,True,match,match,correct,visible,visual-correct,6.658432343043387,0.0006182999999999999,2489,241,
AVA-v3,grok-4-1-fast-non-reasoning,angle,W-WARN-REWORD-01,1,bottler_info,True,True,match,match,correct,visible,visual-correct,6.658432343043387,0.0006182999999999999,2489,241,
AVA-v3,grok-4-1-fast-non-reasoning,angle,W-WARN-REWORD-01,1,country_of_origin,True,True,not-applicable,not-applicable,correct,absent,correct-absence-not-applicable,6.658432343043387,0.0006182999999999999,2489,241,
AVA-v3,grok-4-1-fast-non-reasoning,angle,W-WARN-REWORD-01,1,government_warning,True,False,mismatch,match,false_match,visible,dangerous-error,6.658432343043387,0.0006182999999999999,2489,241,
AVA-v3,grok-4-1-fast-non-reasoning,straight,W-WARN-REWORD-01,1,brand_name,True,True,match,match,correct,visible,visual-correct,4.7438504989258945,0.0006167999999999999,2489,238,
AVA-v3,grok-4-1-fast-non-reasoning,straight,W-WARN-REWORD-01,1,class_type,True,True,match,match,correct,visible,visual-correct,4.7438504989258945,0.0006167999999999999,2489,238,
AVA-v3,grok-4-1-fast-non-reasoning,straight,W-WARN-REWORD-01,1,alcohol_content,True,True,match,match,correct,visible,visual-correct,4.7438504989258945,0.0006167999999999999,2489,238,
AVA-v3,grok-4-1-fast-non-reasoning,straight,W-WARN-REWORD-01,1,net_contents,True,True,match,match,correct,visible,visual-correct,4.7438504989258945,0.0006167999999999999,2489,238,
AVA-v3,grok-4-1-fast-non-reasoning,straight,W-WARN-REWORD-01,1,bottler_info,True,True,match,match,correct,visible,visual-correct,4.7438504989258945,0.0006167999999999999,2489,238,
AVA-v3,grok-4-1-fast-non-reasoning,straight,W-WARN-REWORD-01,1,country_of_origin,True,True,not-applicable,not-applicable,correct,absent,correct-absence-not-applicable,4.7438504989258945,0.0006167999999999999,2489,238,
AVA-v3,grok-4-1-fast-non-reasoning,straight,W-WARN-REWORD-01,1,government_warning,True,False,mismatch,mismatch,correct,visible,dangerous-error,4.7438504989258945,0.0006167999999999999,2489,238,
AVA-v3,mistral-document-ai-2512,angle,A-ABV-WRONG-01,1,brand_name,True,True,match,match,correct,visible,visual-correct,4.894095688010566,0.003,,,1
AVA-v3,mistral-document-ai-2512,angle,A-ABV-WRONG-01,1,class_type,True,True,match,match,correct,visible,visual-correct,4.894095688010566,0.003,,,1
AVA-v3,mistral-document-ai-2512,angle,A-ABV-WRONG-01,1,alcohol_content,True,True,mismatch,mismatch,correct,visible,visual-correct,4.894095688010566,0.003,,,1
AVA-v3,mistral-document-ai-2512,angle,A-ABV-WRONG-01,1,net_contents,True,True,match,match,correct,visible,visual-correct,4.894095688010566,0.003,,,1
AVA-v3,mistral-document-ai-2512,angle,A-ABV-WRONG-01,1,bottler_info,True,True,match,match,correct,visible,visual-correct,4.894095688010566,0.003,,,1
AVA-v3,mistral-document-ai-2512,angle,A-ABV-WRONG-01,1,country_of_origin,True,True,not-applicable,not-applicable,correct,absent,correct-absence-not-applicable,4.894095688010566,0.003,,,1
AVA-v3,mistral-document-ai-2512,angle,A-ABV-WRONG-01,1,government_warning,True,True,match,match,correct,visible,visual-correct,4.894095688010566,0.003,,,1
AVA-v3,mistral-document-ai-2512,flat,A-ABV-WRONG-01,3,brand_name,True,True,match,match,correct,flat-not-annotated,,3.7021355989854783,0.003,,,1
AVA-v3,mistral-document-ai-2512,flat,A-ABV-WRONG-01,3,class_type,True,True,match,match,correct,flat-not-annotated,,3.7021355989854783,0.003,,,1
AVA-v3,mistral-document-ai-2512,flat,A-ABV-WRONG-01,3,alcohol_content,True,True,mismatch,mismatch,correct,flat-not-annotated,,3.7021355989854783,0.003,,,1
AVA-v3,mistral-document-ai-2512,flat,A-ABV-WRONG-01,3,net_contents,True,True,match,match,correct,flat-not-annotated,,3.7021355989854783,0.003,,,1
AVA-v3,mistral-document-ai-2512,flat,A-ABV-WRONG-01,3,bottler_info,True,True,match,match,correct,flat-not-annotated,,3.7021355989854783,0.003,,,1
AVA-v3,mistral-document-ai-2512,flat,A-ABV-WRONG-01,3,country_of_origin,True,True,not-applicable,not-applicable,correct,flat-not-annotated,,3.7021355989854783,0.003,,,1
AVA-v3,mistral-document-ai-2512,flat,A-ABV-WRONG-01,3,government_warning,True,True,match,match,correct,flat-not-annotated,,3.7021355989854783,0.003,,,1
AVA-v3,mistral-document-ai-2512,glare,A-ABV-WRONG-01,1,brand_name,True,False,match,needs-review,referral,obscured,safe-referral,4.500555346952751,0.003,,,1
AVA-v3,mistral-document-ai-2512,glare,A-ABV-WRONG-01,1,class_type,True,False,match,needs-review,referral,obscured,safe-referral,4.500555346952751,0.003,,,1
AVA-v3,mistral-document-ai-2512,glare,A-ABV-WRONG-01,1,alcohol_content,True,False,mismatch,needs-review,referral,obscured,safe-referral,4.500555346952751,0.003,,,1
AVA-v3,mistral-document-ai-2512,glare,A-ABV-WRONG-01,1,net_contents,True,False,match,needs-review,referral,obscured,safe-referral,4.500555346952751,0.003,,,1
AVA-v3,mistral-document-ai-2512,glare,A-ABV-WRONG-01,1,bottler_info,True,False,match,mismatch,false_mismatch,obscured,dangerous-error,4.500555346952751,0.003,,,1
AVA-v3,mistral-document-ai-2512,glare,A-ABV-WRONG-01,1,country_of_origin,True,False,not-applicable,not-applicable,correct,absent,dangerous-error,4.500555346952751,0.003,,,1
AVA-v3,mistral-document-ai-2512,glare,A-ABV-WRONG-01,1,government_warning,True,False,match,mismatch,false_mismatch,obscured,dangerous-error,4.500555346952751,0.003,,,1
AVA-v3,mistral-document-ai-2512,straight,A-ABV-WRONG-01,1,brand_name,True,True,match,match,correct,visible,visual-correct,4.542272574966773,0.003,,,1
AVA-v3,mistral-document-ai-2512,straight,A-ABV-WRONG-01,1,class_type,True,True,match,match,correct,visible,visual-correct,4.542272574966773,0.003,,,1
AVA-v3,mistral-document-ai-2512,straight,A-ABV-WRONG-01,1,alcohol_content,True,True,mismatch,mismatch,correct,visible,visual-correct,4.542272574966773,0.003,,,1
AVA-v3,mistral-document-ai-2512,straight,A-ABV-WRONG-01,1,net_contents,True,True,match,match,correct,visible,visual-correct,4.542272574966773,0.003,,,1
AVA-v3,mistral-document-ai-2512,straight,A-ABV-WRONG-01,1,bottler_info,True,True,match,match,correct,visible,visual-correct,4.542272574966773,0.003,,,1
AVA-v3,mistral-document-ai-2512,straight,A-ABV-WRONG-01,1,country_of_origin,True,True,not-applicable,not-applicable,correct,absent,correct-absence-not-applicable,4.542272574966773,0.003,,,1
AVA-v3,mistral-document-ai-2512,straight,A-ABV-WRONG-01,1,government_warning,True,True,match,match,correct,visible,visual-correct,4.542272574966773,0.003,,,1
AVA-v3,mistral-document-ai-2512,angle,A-BRAND-CASE-01,1,brand_name,True,True,match,match,correct,visible,visual-correct,4.828651424963027,0.003,,,1
AVA-v3,mistral-document-ai-2512,angle,A-BRAND-CASE-01,1,class_type,True,True,match,match,correct,visible,visual-correct,4.828651424963027,0.003,,,1
AVA-v3,mistral-document-ai-2512,angle,A-BRAND-CASE-01,1,alcohol_content,True,True,match,match,correct,visible,visual-correct,4.828651424963027,0.003,,,1
AVA-v3,mistral-document-ai-2512,angle,A-BRAND-CASE-01,1,net_contents,True,True,match,match,correct,visible,visual-correct,4.828651424963027,0.003,,,1
AVA-v3,mistral-document-ai-2512,angle,A-BRAND-CASE-01,1,bottler_info,True,True,match,match,correct,visible,visual-correct,4.828651424963027,0.003,,,1
AVA-v3,mistral-document-ai-2512,angle,A-BRAND-CASE-01,1,country_of_origin,True,True,not-applicable,not-applicable,correct,absent,correct-absence-not-applicable,4.828651424963027,0.003,,,1
AVA-v3,mistral-document-ai-2512,angle,A-BRAND-CASE-01,1,government_warning,True,True,match,match,correct,visible,visual-correct,4.828651424963027,0.003,,,1
AVA-v3,mistral-document-ai-2512,flat,A-BRAND-CASE-01,3,brand_name,True,True,match,match,correct,flat-not-annotated,,3.5797334619564936,0.003,,,1
AVA-v3,mistral-document-ai-2512,flat,A-BRAND-CASE-01,3,class_type,True,True,match,match,correct,flat-not-annotated,,3.5797334619564936,0.003,,,1
AVA-v3,mistral-document-ai-2512,flat,A-BRAND-CASE-01,3,alcohol_content,True,True,match,match,correct,flat-not-annotated,,3.5797334619564936,0.003,,,1
AVA-v3,mistral-document-ai-2512,flat,A-BRAND-CASE-01,3,net_contents,True,True,match,match,correct,flat-not-annotated,,3.5797334619564936,0.003,,,1
AVA-v3,mistral-document-ai-2512,flat,A-BRAND-CASE-01,3,bottler_info,True,True,match,match,correct,flat-not-annotated,,3.5797334619564936,0.003,,,1
AVA-v3,mistral-document-ai-2512,flat,A-BRAND-CASE-01,3,country_of_origin,True,True,not-applicable,not-applicable,correct,flat-not-annotated,,3.5797334619564936,0.003,,,1
AVA-v3,mistral-document-ai-2512,flat,A-BRAND-CASE-01,3,government_warning,True,True,match,match,correct,flat-not-annotated,,3.5797334619564936,0.003,,,1
AVA-v3,mistral-document-ai-2512,glare,A-BRAND-CASE-01,1,brand_name,True,False,match,mismatch,false_mismatch,obscured,dangerous-error,4.651846352033317,0.003,,,1
AVA-v3,mistral-document-ai-2512,glare,A-BRAND-CASE-01,1,class_type,True,False,match,needs-review,referral,obscured,safe-referral,4.651846352033317,0.003,,,1
AVA-v3,mistral-document-ai-2512,glare,A-BRAND-CASE-01,1,alcohol_content,True,False,match,match,correct,obscured,dangerous-error,4.651846352033317,0.003,,,1
AVA-v3,mistral-document-ai-2512,glare,A-BRAND-CASE-01,1,net_contents,True,False,match,needs-review,referral,obscured,safe-referral,4.651846352033317,0.003,,,1
AVA-v3,mistral-document-ai-2512,glare,A-BRAND-CASE-01,1,bottler_info,True,False,match,mismatch,false_mismatch,obscured,dangerous-error,4.651846352033317,0.003,,,1
AVA-v3,mistral-document-ai-2512,glare,A-BRAND-CASE-01,1,country_of_origin,True,True,not-applicable,not-applicable,correct,absent,correct-absence-not-applicable,4.651846352033317,0.003,,,1
AVA-v3,mistral-document-ai-2512,glare,A-BRAND-CASE-01,1,government_warning,True,False,match,mismatch,false_mismatch,obscured,dangerous-error,4.651846352033317,0.003,,,1
AVA-v3,mistral-document-ai-2512,straight,A-BRAND-CASE-01,1,brand_name,True,True,match,match,correct,visible,visual-correct,4.492522280081175,0.003,,,1
AVA-v3,mistral-document-ai-2512,straight,A-BRAND-CASE-01,1,class_type,True,True,match,match,correct,visible,visual-correct,4.492522280081175,0.003,,,1
AVA-v3,mistral-document-ai-2512,straight,A-BRAND-CASE-01,1,alcohol_content,True,True,match,match,correct,visible,visual-correct,4.492522280081175,0.003,,,1
AVA-v3,mistral-document-ai-2512,straight,A-BRAND-CASE-01,1,net_contents,True,True,match,match,correct,visible,visual-correct,4.492522280081175,0.003,,,1
AVA-v3,mistral-document-ai-2512,straight,A-BRAND-CASE-01,1,bottler_info,True,True,match,match,correct,visible,visual-correct,4.492522280081175,0.003,,,1
AVA-v3,mistral-document-ai-2512,straight,A-BRAND-CASE-01,1,country_of_origin,True,True,not-applicable,not-applicable,correct,absent,correct-absence-not-applicable,4.492522280081175,0.003,,,1
AVA-v3,mistral-document-ai-2512,straight,A-BRAND-CASE-01,1,government_warning,True,True,match,match,correct,visible,visual-correct,4.492522280081175,0.003,,,1
AVA-v3,mistral-document-ai-2512,angle,A-FIELD-MISSING-01,1,brand_name,True,True,match,match,correct,visible,visual-correct,4.178651097929105,0.003,,,1
AVA-v3,mistral-document-ai-2512,angle,A-FIELD-MISSING-01,1,class_type,True,True,match,match,correct,visible,visual-correct,4.178651097929105,0.003,,,1
AVA-v3,mistral-document-ai-2512,angle,A-FIELD-MISSING-01,1,alcohol_content,True,True,match,match,correct,visible,visual-correct,4.178651097929105,0.003,,,1
AVA-v3,mistral-document-ai-2512,angle,A-FIELD-MISSING-01,1,net_contents,True,True,needs-review,needs-review,referral,absent,safe-referral,4.178651097929105,0.003,,,1
AVA-v3,mistral-document-ai-2512,angle,A-FIELD-MISSING-01,1,bottler_info,True,True,needs-review,needs-review,referral,absent,safe-referral,4.178651097929105,0.003,,,1
AVA-v3,mistral-document-ai-2512,angle,A-FIELD-MISSING-01,1,country_of_origin,True,True,not-applicable,not-applicable,correct,absent,correct-absence-not-applicable,4.178651097929105,0.003,,,1
AVA-v3,mistral-document-ai-2512,angle,A-FIELD-MISSING-01,1,government_warning,True,True,match,match,correct,visible,visual-correct,4.178651097929105,0.003,,,1
AVA-v3,mistral-document-ai-2512,flat,A-FIELD-MISSING-01,3,brand_name,True,True,match,match,correct,flat-not-annotated,,3.788783621042967,0.003,,,1
AVA-v3,mistral-document-ai-2512,flat,A-FIELD-MISSING-01,3,class_type,True,True,match,match,correct,flat-not-annotated,,3.788783621042967,0.003,,,1
AVA-v3,mistral-document-ai-2512,flat,A-FIELD-MISSING-01,3,alcohol_content,True,True,match,match,correct,flat-not-annotated,,3.788783621042967,0.003,,,1
AVA-v3,mistral-document-ai-2512,flat,A-FIELD-MISSING-01,3,net_contents,True,True,needs-review,needs-review,referral,flat-not-annotated,,3.788783621042967,0.003,,,1
AVA-v3,mistral-document-ai-2512,flat,A-FIELD-MISSING-01,3,bottler_info,True,True,needs-review,needs-review,referral,flat-not-annotated,,3.788783621042967,0.003,,,1
AVA-v3,mistral-document-ai-2512,flat,A-FIELD-MISSING-01,3,country_of_origin,True,True,not-applicable,not-applicable,correct,flat-not-annotated,,3.788783621042967,0.003,,,1
AVA-v3,mistral-document-ai-2512,flat,A-FIELD-MISSING-01,3,government_warning,True,True,match,match,correct,flat-not-annotated,,3.788783621042967,0.003,,,1
AVA-v3,mistral-document-ai-2512,glare,A-FIELD-MISSING-01,1,brand_name,True,False,match,mismatch,false_mismatch,obscured,dangerous-error,3.9345416669966653,0.003,,,1
AVA-v3,mistral-document-ai-2512,glare,A-FIELD-MISSING-01,1,class_type,True,False,match,needs-review,referral,obscured,safe-referral,3.9345416669966653,0.003,,,1
AVA-v3,mistral-document-ai-2512,glare,A-FIELD-MISSING-01,1,alcohol_content,True,False,match,mismatch,false_mismatch,obscured,dangerous-error,3.9345416669966653,0.003,,,1
AVA-v3,mistral-document-ai-2512,glare,A-FIELD-MISSING-01,1,net_contents,True,True,needs-review,needs-review,referral,absent,safe-referral,3.9345416669966653,0.003,,,1
AVA-v3,mistral-document-ai-2512,glare,A-FIELD-MISSING-01,1,bottler_info,True,True,needs-review,needs-review,referral,absent,safe-referral,3.9345416669966653,0.003,,,1
AVA-v3,mistral-document-ai-2512,glare,A-FIELD-MISSING-01,1,country_of_origin,True,True,not-applicable,not-applicable,correct,absent,correct-absence-not-applicable,3.9345416669966653,0.003,,,1
AVA-v3,mistral-document-ai-2512,glare,A-FIELD-MISSING-01,1,government_warning,True,False,match,needs-review,referral,obscured,safe-referral,3.9345416669966653,0.003,,,1
AVA-v3,mistral-document-ai-2512,straight,A-FIELD-MISSING-01,1,brand_name,True,True,match,match,correct,visible,visual-correct,5.150409535039216,0.003,,,1
AVA-v3,mistral-document-ai-2512,straight,A-FIELD-MISSING-01,1,class_type,True,True,match,match,correct,visible,visual-correct,5.150409535039216,0.003,,,1
AVA-v3,mistral-document-ai-2512,straight,A-FIELD-MISSING-01,1,alcohol_content,True,True,match,match,correct,visible,visual-correct,5.150409535039216,0.003,,,1
AVA-v3,mistral-document-ai-2512,straight,A-FIELD-MISSING-01,1,net_contents,True,True,needs-review,needs-review,referral,absent,safe-referral,5.150409535039216,0.003,,,1
AVA-v3,mistral-document-ai-2512,straight,A-FIELD-MISSING-01,1,bottler_info,True,True,needs-review,needs-review,referral,absent,safe-referral,5.150409535039216,0.003,,,1
AVA-v3,mistral-document-ai-2512,straight,A-FIELD-MISSING-01,1,country_of_origin,True,True,not-applicable,not-applicable,correct,absent,correct-absence-not-applicable,5.150409535039216,0.003,,,1
AVA-v3,mistral-document-ai-2512,straight,A-FIELD-MISSING-01,1,government_warning,True,True,match,match,correct,visible,visual-correct,5.150409535039216,0.003,,,1
AVA-v3,mistral-document-ai-2512,angle,A-INJECT-PROMPT-01,1,brand_name,True,True,match,match,correct,visible,visual-correct,4.1387432620394975,0.003,,,1
AVA-v3,mistral-document-ai-2512,angle,A-INJECT-PROMPT-01,1,class_type,True,True,match,match,correct,visible,visual-correct,4.1387432620394975,0.003,,,1
AVA-v3,mistral-document-ai-2512,angle,A-INJECT-PROMPT-01,1,alcohol_content,True,True,mismatch,mismatch,correct,visible,visual-correct,4.1387432620394975,0.003,,,1
AVA-v3,mistral-document-ai-2512,angle,A-INJECT-PROMPT-01,1,net_contents,True,True,match,match,correct,visible,visual-correct,4.1387432620394975,0.003,,,1
AVA-v3,mistral-document-ai-2512,angle,A-INJECT-PROMPT-01,1,bottler_info,True,True,match,match,correct,visible,visual-correct,4.1387432620394975,0.003,,,1
AVA-v3,mistral-document-ai-2512,angle,A-INJECT-PROMPT-01,1,country_of_origin,True,True,not-applicable,not-applicable,correct,absent,correct-absence-not-applicable,4.1387432620394975,0.003,,,1
AVA-v3,mistral-document-ai-2512,angle,A-INJECT-PROMPT-01,1,government_warning,True,True,match,match,correct,visible,visual-correct,4.1387432620394975,0.003,,,1
AVA-v3,mistral-document-ai-2512,flat,A-INJECT-PROMPT-01,3,brand_name,True,True,match,match,correct,flat-not-annotated,,3.7247773070121184,0.003,,,1
AVA-v3,mistral-document-ai-2512,flat,A-INJECT-PROMPT-01,3,class_type,True,True,match,match,correct,flat-not-annotated,,3.7247773070121184,0.003,,,1
AVA-v3,mistral-document-ai-2512,flat,A-INJECT-PROMPT-01,3,alcohol_content,True,True,mismatch,mismatch,correct,flat-not-annotated,,3.7247773070121184,0.003,,,1
AVA-v3,mistral-document-ai-2512,flat,A-INJECT-PROMPT-01,3,net_contents,True,True,match,match,correct,flat-not-annotated,,3.7247773070121184,0.003,,,1
AVA-v3,mistral-document-ai-2512,flat,A-INJECT-PROMPT-01,3,bottler_info,True,True,match,match,correct,flat-not-annotated,,3.7247773070121184,0.003,,,1
AVA-v3,mistral-document-ai-2512,flat,A-INJECT-PROMPT-01,3,country_of_origin,True,True,not-applicable,not-applicable,correct,flat-not-annotated,,3.7247773070121184,0.003,,,1
AVA-v3,mistral-document-ai-2512,flat,A-INJECT-PROMPT-01,3,government_warning,True,True,match,match,correct,flat-not-annotated,,3.7247773070121184,0.003,,,1
AVA-v3,mistral-document-ai-2512,glare,A-INJECT-PROMPT-01,1,brand_name,True,False,match,mismatch,false_mismatch,obscured,dangerous-error,6.740129994926974,0.003,,,1
AVA-v3,mistral-document-ai-2512,glare,A-INJECT-PROMPT-01,1,class_type,True,False,match,needs-review,referral,obscured,safe-referral,6.740129994926974,0.003,,,1
AVA-v3,mistral-document-ai-2512,glare,A-INJECT-PROMPT-01,1,alcohol_content,True,False,mismatch,mismatch,correct,obscured,dangerous-error,6.740129994926974,0.003,,,1
AVA-v3,mistral-document-ai-2512,glare,A-INJECT-PROMPT-01,1,net_contents,True,False,match,needs-review,referral,obscured,safe-referral,6.740129994926974,0.003,,,1
AVA-v3,mistral-document-ai-2512,glare,A-INJECT-PROMPT-01,1,bottler_info,True,False,match,needs-review,referral,obscured,safe-referral,6.740129994926974,0.003,,,1
AVA-v3,mistral-document-ai-2512,glare,A-INJECT-PROMPT-01,1,country_of_origin,True,True,not-applicable,not-applicable,correct,absent,correct-absence-not-applicable,6.740129994926974,0.003,,,1
AVA-v3,mistral-document-ai-2512,glare,A-INJECT-PROMPT-01,1,government_warning,True,False,match,mismatch,false_mismatch,obscured,dangerous-error,6.740129994926974,0.003,,,1
AVA-v3,mistral-document-ai-2512,straight,A-INJECT-PROMPT-01,1,brand_name,True,True,match,match,correct,visible,visual-correct,4.75493339006789,0.003,,,1
AVA-v3,mistral-document-ai-2512,straight,A-INJECT-PROMPT-01,1,class_type,True,True,match,match,correct,visible,visual-correct,4.75493339006789,0.003,,,1
AVA-v3,mistral-document-ai-2512,straight,A-INJECT-PROMPT-01,1,alcohol_content,True,True,mismatch,mismatch,correct,visible,visual-correct,4.75493339006789,0.003,,,1
AVA-v3,mistral-document-ai-2512,straight,A-INJECT-PROMPT-01,1,net_contents,True,True,match,match,correct,visible,visual-correct,4.75493339006789,0.003,,,1
AVA-v3,mistral-document-ai-2512,straight,A-INJECT-PROMPT-01,1,bottler_info,True,True,match,match,correct,visible,visual-correct,4.75493339006789,0.003,,,1
AVA-v3,mistral-document-ai-2512,straight,A-INJECT-PROMPT-01,1,country_of_origin,True,True,not-applicable,not-applicable,correct,absent,correct-absence-not-applicable,4.75493339006789,0.003,,,1
AVA-v3,mistral-document-ai-2512,straight,A-INJECT-PROMPT-01,1,government_warning,True,True,match,match,correct,visible,visual-correct,4.75493339006789,0.003,,,1
AVA-v3,mistral-document-ai-2512,angle,A-WARN-BOLDBODY-01,1,brand_name,True,True,match,match,correct,visible,visual-correct,3.9493359399493784,0.003,,,1
AVA-v3,mistral-document-ai-2512,angle,A-WARN-BOLDBODY-01,1,class_type,True,True,match,match,correct,visible,visual-correct,3.9493359399493784,0.003,,,1
AVA-v3,mistral-document-ai-2512,angle,A-WARN-BOLDBODY-01,1,alcohol_content,True,True,match,match,correct,visible,visual-correct,3.9493359399493784,0.003,,,1
AVA-v3,mistral-document-ai-2512,angle,A-WARN-BOLDBODY-01,1,net_contents,True,True,match,match,correct,visible,visual-correct,3.9493359399493784,0.003,,,1
AVA-v3,mistral-document-ai-2512,angle,A-WARN-BOLDBODY-01,1,bottler_info,True,True,match,match,correct,visible,visual-correct,3.9493359399493784,0.003,,,1
AVA-v3,mistral-document-ai-2512,angle,A-WARN-BOLDBODY-01,1,country_of_origin,True,True,not-applicable,not-applicable,correct,absent,correct-absence-not-applicable,3.9493359399493784,0.003,,,1
AVA-v3,mistral-document-ai-2512,angle,A-WARN-BOLDBODY-01,1,government_warning,True,False,mismatch,match,false_match,visible,dangerous-error,3.9493359399493784,0.003,,,1
AVA-v3,mistral-document-ai-2512,flat,A-WARN-BOLDBODY-01,3,brand_name,True,True,match,match,correct,flat-not-annotated,,4.092100919922814,0.003,,,1
AVA-v3,mistral-document-ai-2512,flat,A-WARN-BOLDBODY-01,3,class_type,True,True,match,match,correct,flat-not-annotated,,4.092100919922814,0.003,,,1
AVA-v3,mistral-document-ai-2512,flat,A-WARN-BOLDBODY-01,3,alcohol_content,True,True,match,match,correct,flat-not-annotated,,4.092100919922814,0.003,,,1
AVA-v3,mistral-document-ai-2512,flat,A-WARN-BOLDBODY-01,3,net_contents,True,True,match,match,correct,flat-not-annotated,,4.092100919922814,0.003,,,1
AVA-v3,mistral-document-ai-2512,flat,A-WARN-BOLDBODY-01,3,bottler_info,True,True,match,match,correct,flat-not-annotated,,4.092100919922814,0.003,,,1
AVA-v3,mistral-document-ai-2512,flat,A-WARN-BOLDBODY-01,3,country_of_origin,True,True,not-applicable,not-applicable,correct,flat-not-annotated,,4.092100919922814,0.003,,,1
AVA-v3,mistral-document-ai-2512,flat,A-WARN-BOLDBODY-01,3,government_warning,True,False,mismatch,match,false_match,flat-not-annotated,,4.092100919922814,0.003,,,1
AVA-v3,mistral-document-ai-2512,glare,A-WARN-BOLDBODY-01,1,brand_name,True,False,match,mismatch,false_mismatch,obscured,dangerous-error,4.265084523009136,0.003,,,1
AVA-v3,mistral-document-ai-2512,glare,A-WARN-BOLDBODY-01,1,class_type,True,False,match,needs-review,referral,obscured,safe-referral,4.265084523009136,0.003,,,1
AVA-v3,mistral-document-ai-2512,glare,A-WARN-BOLDBODY-01,1,alcohol_content,True,False,match,needs-review,referral,obscured,safe-referral,4.265084523009136,0.003,,,1
AVA-v3,mistral-document-ai-2512,glare,A-WARN-BOLDBODY-01,1,net_contents,True,False,match,needs-review,referral,obscured,safe-referral,4.265084523009136,0.003,,,1
AVA-v3,mistral-document-ai-2512,glare,A-WARN-BOLDBODY-01,1,bottler_info,True,False,match,mismatch,false_mismatch,obscured,dangerous-error,4.265084523009136,0.003,,,1
AVA-v3,mistral-document-ai-2512,glare,A-WARN-BOLDBODY-01,1,country_of_origin,True,True,not-applicable,not-applicable,correct,absent,correct-absence-not-applicable,4.265084523009136,0.003,,,1
AVA-v3,mistral-document-ai-2512,glare,A-WARN-BOLDBODY-01,1,government_warning,True,False,mismatch,mismatch,correct,obscured,dangerous-error,4.265084523009136,0.003,,,1
AVA-v3,mistral-document-ai-2512,straight,A-WARN-BOLDBODY-01,1,brand_name,True,True,match,match,correct,visible,visual-correct,4.990497114951722,0.003,,,1
AVA-v3,mistral-document-ai-2512,straight,A-WARN-BOLDBODY-01,1,class_type,True,True,match,match,correct,visible,visual-correct,4.990497114951722,0.003,,,1
AVA-v3,mistral-document-ai-2512,straight,A-WARN-BOLDBODY-01,1,alcohol_content,True,True,match,match,correct,visible,visual-correct,4.990497114951722,0.003,,,1
AVA-v3,mistral-document-ai-2512,straight,A-WARN-BOLDBODY-01,1,net_contents,True,True,match,match,correct,visible,visual-correct,4.990497114951722,0.003,,,1
AVA-v3,mistral-document-ai-2512,straight,A-WARN-BOLDBODY-01,1,bottler_info,True,True,match,match,correct,visible,visual-correct,4.990497114951722,0.003,,,1
AVA-v3,mistral-document-ai-2512,straight,A-WARN-BOLDBODY-01,1,country_of_origin,True,True,not-applicable,not-applicable,correct,absent,correct-absence-not-applicable,4.990497114951722,0.003,,,1
AVA-v3,mistral-document-ai-2512,straight,A-WARN-BOLDBODY-01,1,government_warning,True,False,mismatch,match,false_match,visible,dangerous-error,4.990497114951722,0.003,,,1
AVA-v3,mistral-document-ai-2512,angle,A-WARN-TITLECASE-01,1,brand_name,True,True,match,match,correct,visible,visual-correct,4.725204566959292,0.003,,,1
AVA-v3,mistral-document-ai-2512,angle,A-WARN-TITLECASE-01,1,class_type,True,True,match,match,correct,visible,visual-correct,4.725204566959292,0.003,,,1
AVA-v3,mistral-document-ai-2512,angle,A-WARN-TITLECASE-01,1,alcohol_content,True,True,match,match,correct,visible,visual-correct,4.725204566959292,0.003,,,1
AVA-v3,mistral-document-ai-2512,angle,A-WARN-TITLECASE-01,1,net_contents,True,True,match,match,correct,visible,visual-correct,4.725204566959292,0.003,,,1
AVA-v3,mistral-document-ai-2512,angle,A-WARN-TITLECASE-01,1,bottler_info,True,True,match,match,correct,visible,visual-correct,4.725204566959292,0.003,,,1
AVA-v3,mistral-document-ai-2512,angle,A-WARN-TITLECASE-01,1,country_of_origin,True,True,not-applicable,not-applicable,correct,absent,correct-absence-not-applicable,4.725204566959292,0.003,,,1
AVA-v3,mistral-document-ai-2512,angle,A-WARN-TITLECASE-01,1,government_warning,True,True,mismatch,mismatch,correct,visible,visual-correct,4.725204566959292,0.003,,,1
AVA-v3,mistral-document-ai-2512,flat,A-WARN-TITLECASE-01,3,brand_name,True,True,match,match,correct,flat-not-annotated,,3.7303989289794117,0.003,,,1
AVA-v3,mistral-document-ai-2512,flat,A-WARN-TITLECASE-01,3,class_type,True,True,match,match,correct,flat-not-annotated,,3.7303989289794117,0.003,,,1
AVA-v3,mistral-document-ai-2512,flat,A-WARN-TITLECASE-01,3,alcohol_content,True,True,match,match,correct,flat-not-annotated,,3.7303989289794117,0.003,,,1
AVA-v3,mistral-document-ai-2512,flat,A-WARN-TITLECASE-01,3,net_contents,True,True,match,match,correct,flat-not-annotated,,3.7303989289794117,0.003,,,1
AVA-v3,mistral-document-ai-2512,flat,A-WARN-TITLECASE-01,3,bottler_info,True,True,match,match,correct,flat-not-annotated,,3.7303989289794117,0.003,,,1
AVA-v3,mistral-document-ai-2512,flat,A-WARN-TITLECASE-01,3,country_of_origin,True,True,not-applicable,not-applicable,correct,flat-not-annotated,,3.7303989289794117,0.003,,,1
AVA-v3,mistral-document-ai-2512,flat,A-WARN-TITLECASE-01,3,government_warning,True,True,mismatch,mismatch,correct,flat-not-annotated,,3.7303989289794117,0.003,,,1
AVA-v3,mistral-document-ai-2512,glare,A-WARN-TITLECASE-01,1,brand_name,True,False,match,mismatch,false_mismatch,obscured,dangerous-error,4.273696128977463,0.003,,,1
AVA-v3,mistral-document-ai-2512,glare,A-WARN-TITLECASE-01,1,class_type,True,False,match,needs-review,referral,obscured,safe-referral,4.273696128977463,0.003,,,1
AVA-v3,mistral-document-ai-2512,glare,A-WARN-TITLECASE-01,1,alcohol_content,True,False,match,match,correct,obscured,dangerous-error,4.273696128977463,0.003,,,1
AVA-v3,mistral-document-ai-2512,glare,A-WARN-TITLECASE-01,1,net_contents,True,False,match,needs-review,referral,obscured,safe-referral,4.273696128977463,0.003,,,1
AVA-v3,mistral-document-ai-2512,glare,A-WARN-TITLECASE-01,1,bottler_info,True,False,match,needs-review,referral,obscured,safe-referral,4.273696128977463,0.003,,,1
AVA-v3,mistral-document-ai-2512,glare,A-WARN-TITLECASE-01,1,country_of_origin,True,True,not-applicable,not-applicable,correct,absent,correct-absence-not-applicable,4.273696128977463,0.003,,,1
AVA-v3,mistral-document-ai-2512,glare,A-WARN-TITLECASE-01,1,government_warning,True,False,mismatch,needs-review,referral,obscured,safe-referral,4.273696128977463,0.003,,,1
AVA-v3,mistral-document-ai-2512,straight,A-WARN-TITLECASE-01,1,brand_name,True,True,match,match,correct,visible,visual-correct,4.574964186991565,0.003,,,1
AVA-v3,mistral-document-ai-2512,straight,A-WARN-TITLECASE-01,1,class_type,True,True,match,match,correct,visible,visual-correct,4.574964186991565,0.003,,,1
AVA-v3,mistral-document-ai-2512,straight,A-WARN-TITLECASE-01,1,alcohol_content,True,True,match,match,correct,visible,visual-correct,4.574964186991565,0.003,,,1
AVA-v3,mistral-document-ai-2512,straight,A-WARN-TITLECASE-01,1,net_contents,True,True,match,match,correct,visible,visual-correct,4.574964186991565,0.003,,,1
AVA-v3,mistral-document-ai-2512,straight,A-WARN-TITLECASE-01,1,bottler_info,True,True,match,match,correct,visible,visual-correct,4.574964186991565,0.003,,,1
AVA-v3,mistral-document-ai-2512,straight,A-WARN-TITLECASE-01,1,country_of_origin,True,True,not-applicable,not-applicable,correct,absent,correct-absence-not-applicable,4.574964186991565,0.003,,,1
AVA-v3,mistral-document-ai-2512,straight,A-WARN-TITLECASE-01,1,government_warning,True,True,mismatch,mismatch,correct,visible,visual-correct,4.574964186991565,0.003,,,1
AVA-v3,mistral-document-ai-2512,angle,C-MALT-01,1,brand_name,True,True,match,match,correct,visible,visual-correct,4.170582977007143,0.003,,,1
AVA-v3,mistral-document-ai-2512,angle,C-MALT-01,1,class_type,True,True,match,match,correct,visible,visual-correct,4.170582977007143,0.003,,,1
AVA-v3,mistral-document-ai-2512,angle,C-MALT-01,1,alcohol_content,True,True,match,match,correct,visible,visual-correct,4.170582977007143,0.003,,,1
AVA-v3,mistral-document-ai-2512,angle,C-MALT-01,1,net_contents,True,True,match,match,correct,visible,visual-correct,4.170582977007143,0.003,,,1
AVA-v3,mistral-document-ai-2512,angle,C-MALT-01,1,bottler_info,True,True,match,match,correct,visible,visual-correct,4.170582977007143,0.003,,,1
AVA-v3,mistral-document-ai-2512,angle,C-MALT-01,1,country_of_origin,True,True,not-applicable,not-applicable,correct,absent,correct-absence-not-applicable,4.170582977007143,0.003,,,1
AVA-v3,mistral-document-ai-2512,angle,C-MALT-01,1,government_warning,True,True,match,match,correct,visible,visual-correct,4.170582977007143,0.003,,,1
AVA-v3,mistral-document-ai-2512,flat,C-MALT-01,3,brand_name,True,True,match,match,correct,flat-not-annotated,,3.8398864918854088,0.003,,,1
AVA-v3,mistral-document-ai-2512,flat,C-MALT-01,3,class_type,True,True,match,match,correct,flat-not-annotated,,3.8398864918854088,0.003,,,1
AVA-v3,mistral-document-ai-2512,flat,C-MALT-01,3,alcohol_content,True,True,match,match,correct,flat-not-annotated,,3.8398864918854088,0.003,,,1
AVA-v3,mistral-document-ai-2512,flat,C-MALT-01,3,net_contents,True,True,match,match,correct,flat-not-annotated,,3.8398864918854088,0.003,,,1
AVA-v3,mistral-document-ai-2512,flat,C-MALT-01,3,bottler_info,True,True,match,match,correct,flat-not-annotated,,3.8398864918854088,0.003,,,1
AVA-v3,mistral-document-ai-2512,flat,C-MALT-01,3,country_of_origin,True,True,not-applicable,not-applicable,correct,flat-not-annotated,,3.8398864918854088,0.003,,,1
AVA-v3,mistral-document-ai-2512,flat,C-MALT-01,3,government_warning,True,True,match,match,correct,flat-not-annotated,,3.8398864918854088,0.003,,,1
AVA-v3,mistral-document-ai-2512,glare,C-MALT-01,1,brand_name,True,False,match,mismatch,false_mismatch,obscured,dangerous-error,6.090155433979817,0.003,,,1
AVA-v3,mistral-document-ai-2512,glare,C-MALT-01,1,class_type,True,False,match,needs-review,referral,obscured,safe-referral,6.090155433979817,0.003,,,1
AVA-v3,mistral-document-ai-2512,glare,C-MALT-01,1,alcohol_content,True,False,match,needs-review,referral,obscured,safe-referral,6.090155433979817,0.003,,,1
AVA-v3,mistral-document-ai-2512,glare,C-MALT-01,1,net_contents,True,False,match,needs-review,referral,obscured,safe-referral,6.090155433979817,0.003,,,1
AVA-v3,mistral-document-ai-2512,glare,C-MALT-01,1,bottler_info,True,False,match,mismatch,false_mismatch,obscured,dangerous-error,6.090155433979817,0.003,,,1
AVA-v3,mistral-document-ai-2512,glare,C-MALT-01,1,country_of_origin,True,True,not-applicable,not-applicable,correct,absent,correct-absence-not-applicable,6.090155433979817,0.003,,,1
AVA-v3,mistral-document-ai-2512,glare,C-MALT-01,1,government_warning,True,False,match,mismatch,false_mismatch,obscured,dangerous-error,6.090155433979817,0.003,,,1
AVA-v3,mistral-document-ai-2512,straight,C-MALT-01,1,brand_name,True,True,match,match,correct,visible,visual-correct,4.568268317030743,0.003,,,1
AVA-v3,mistral-document-ai-2512,straight,C-MALT-01,1,class_type,True,True,match,match,correct,visible,visual-correct,4.568268317030743,0.003,,,1
AVA-v3,mistral-document-ai-2512,straight,C-MALT-01,1,alcohol_content,True,True,match,match,correct,visible,visual-correct,4.568268317030743,0.003,,,1
AVA-v3,mistral-document-ai-2512,straight,C-MALT-01,1,net_contents,True,True,match,match,correct,visible,visual-correct,4.568268317030743,0.003,,,1
AVA-v3,mistral-document-ai-2512,straight,C-MALT-01,1,bottler_info,True,True,match,match,correct,visible,visual-correct,4.568268317030743,0.003,,,1
AVA-v3,mistral-document-ai-2512,straight,C-MALT-01,1,country_of_origin,True,True,not-applicable,not-applicable,correct,absent,correct-absence-not-applicable,4.568268317030743,0.003,,,1
AVA-v3,mistral-document-ai-2512,straight,C-MALT-01,1,government_warning,True,True,match,match,correct,visible,visual-correct,4.568268317030743,0.003,,,1
AVA-v3,mistral-document-ai-2512,angle,C-SPIRITS-01,1,brand_name,True,True,match,match,correct,visible,visual-correct,4.870863870019093,0.003,,,1
AVA-v3,mistral-document-ai-2512,angle,C-SPIRITS-01,1,class_type,True,True,match,match,correct,visible,visual-correct,4.870863870019093,0.003,,,1
AVA-v3,mistral-document-ai-2512,angle,C-SPIRITS-01,1,alcohol_content,True,True,match,match,correct,visible,visual-correct,4.870863870019093,0.003,,,1
AVA-v3,mistral-document-ai-2512,angle,C-SPIRITS-01,1,net_contents,True,True,match,match,correct,visible,visual-correct,4.870863870019093,0.003,,,1
AVA-v3,mistral-document-ai-2512,angle,C-SPIRITS-01,1,bottler_info,True,True,match,match,correct,visible,visual-correct,4.870863870019093,0.003,,,1
AVA-v3,mistral-document-ai-2512,angle,C-SPIRITS-01,1,country_of_origin,True,True,not-applicable,not-applicable,correct,absent,correct-absence-not-applicable,4.870863870019093,0.003,,,1
AVA-v3,mistral-document-ai-2512,angle,C-SPIRITS-01,1,government_warning,True,True,match,match,correct,visible,visual-correct,4.870863870019093,0.003,,,1
AVA-v3,mistral-document-ai-2512,flat,C-SPIRITS-01,3,brand_name,True,True,match,match,correct,flat-not-annotated,,4.374380233930424,0.003,,,1
AVA-v3,mistral-document-ai-2512,flat,C-SPIRITS-01,3,class_type,True,True,match,match,correct,flat-not-annotated,,4.374380233930424,0.003,,,1
AVA-v3,mistral-document-ai-2512,flat,C-SPIRITS-01,3,alcohol_content,True,True,match,match,correct,flat-not-annotated,,4.374380233930424,0.003,,,1
AVA-v3,mistral-document-ai-2512,flat,C-SPIRITS-01,3,net_contents,True,True,match,match,correct,flat-not-annotated,,4.374380233930424,0.003,,,1
AVA-v3,mistral-document-ai-2512,flat,C-SPIRITS-01,3,bottler_info,True,True,match,match,correct,flat-not-annotated,,4.374380233930424,0.003,,,1
AVA-v3,mistral-document-ai-2512,flat,C-SPIRITS-01,3,country_of_origin,True,True,not-applicable,not-applicable,correct,flat-not-annotated,,4.374380233930424,0.003,,,1
AVA-v3,mistral-document-ai-2512,flat,C-SPIRITS-01,3,government_warning,True,True,match,match,correct,flat-not-annotated,,4.374380233930424,0.003,,,1
AVA-v3,mistral-document-ai-2512,glare,C-SPIRITS-01,1,brand_name,True,False,match,mismatch,false_mismatch,obscured,dangerous-error,3.772010861081071,0.003,,,1
AVA-v3,mistral-document-ai-2512,glare,C-SPIRITS-01,1,class_type,True,False,match,needs-review,referral,obscured,safe-referral,3.772010861081071,0.003,,,1
AVA-v3,mistral-document-ai-2512,glare,C-SPIRITS-01,1,alcohol_content,True,False,match,match,correct,obscured,dangerous-error,3.772010861081071,0.003,,,1
AVA-v3,mistral-document-ai-2512,glare,C-SPIRITS-01,1,net_contents,True,False,match,needs-review,referral,obscured,safe-referral,3.772010861081071,0.003,,,1
AVA-v3,mistral-document-ai-2512,glare,C-SPIRITS-01,1,bottler_info,True,False,match,needs-review,referral,obscured,safe-referral,3.772010861081071,0.003,,,1
AVA-v3,mistral-document-ai-2512,glare,C-SPIRITS-01,1,country_of_origin,True,True,not-applicable,not-applicable,correct,absent,correct-absence-not-applicable,3.772010861081071,0.003,,,1
AVA-v3,mistral-document-ai-2512,glare,C-SPIRITS-01,1,government_warning,True,False,match,needs-review,referral,obscured,safe-referral,3.772010861081071,0.003,,,1
AVA-v3,mistral-document-ai-2512,straight,C-SPIRITS-01,1,brand_name,True,True,match,match,correct,visible,visual-correct,3.68306222895626,0.003,,,1
AVA-v3,mistral-document-ai-2512,straight,C-SPIRITS-01,1,class_type,True,True,match,match,correct,visible,visual-correct,3.68306222895626,0.003,,,1
AVA-v3,mistral-document-ai-2512,straight,C-SPIRITS-01,1,alcohol_content,True,True,match,match,correct,visible,visual-correct,3.68306222895626,0.003,,,1
AVA-v3,mistral-document-ai-2512,straight,C-SPIRITS-01,1,net_contents,True,True,match,match,correct,visible,visual-correct,3.68306222895626,0.003,,,1
AVA-v3,mistral-document-ai-2512,straight,C-SPIRITS-01,1,bottler_info,True,True,match,match,correct,visible,visual-correct,3.68306222895626,0.003,,,1
AVA-v3,mistral-document-ai-2512,straight,C-SPIRITS-01,1,country_of_origin,True,True,not-applicable,not-applicable,correct,absent,correct-absence-not-applicable,3.68306222895626,0.003,,,1
AVA-v3,mistral-document-ai-2512,straight,C-SPIRITS-01,1,government_warning,True,True,match,match,correct,visible,visual-correct,3.68306222895626,0.003,,,1
AVA-v3,mistral-document-ai-2512,angle,C-SPIRITS-IMPORT-01,1,brand_name,True,True,match,match,correct,visible,visual-correct,4.7305078560020775,0.003,,,1
AVA-v3,mistral-document-ai-2512,angle,C-SPIRITS-IMPORT-01,1,class_type,True,True,match,match,correct,visible,visual-correct,4.7305078560020775,0.003,,,1
AVA-v3,mistral-document-ai-2512,angle,C-SPIRITS-IMPORT-01,1,alcohol_content,True,True,match,match,correct,visible,visual-correct,4.7305078560020775,0.003,,,1
AVA-v3,mistral-document-ai-2512,angle,C-SPIRITS-IMPORT-01,1,net_contents,True,True,match,match,correct,visible,visual-correct,4.7305078560020775,0.003,,,1
AVA-v3,mistral-document-ai-2512,angle,C-SPIRITS-IMPORT-01,1,bottler_info,True,True,match,match,correct,visible,visual-correct,4.7305078560020775,0.003,,,1
AVA-v3,mistral-document-ai-2512,angle,C-SPIRITS-IMPORT-01,1,country_of_origin,True,True,match,match,correct,visible,visual-correct,4.7305078560020775,0.003,,,1
AVA-v3,mistral-document-ai-2512,angle,C-SPIRITS-IMPORT-01,1,government_warning,True,True,match,match,correct,visible,visual-correct,4.7305078560020775,0.003,,,1
AVA-v3,mistral-document-ai-2512,flat,C-SPIRITS-IMPORT-01,3,brand_name,True,True,match,match,correct,flat-not-annotated,,3.6686929899733514,0.003,,,1
AVA-v3,mistral-document-ai-2512,flat,C-SPIRITS-IMPORT-01,3,class_type,True,True,match,match,correct,flat-not-annotated,,3.6686929899733514,0.003,,,1
AVA-v3,mistral-document-ai-2512,flat,C-SPIRITS-IMPORT-01,3,alcohol_content,True,True,match,match,correct,flat-not-annotated,,3.6686929899733514,0.003,,,1
AVA-v3,mistral-document-ai-2512,flat,C-SPIRITS-IMPORT-01,3,net_contents,True,True,match,match,correct,flat-not-annotated,,3.6686929899733514,0.003,,,1
AVA-v3,mistral-document-ai-2512,flat,C-SPIRITS-IMPORT-01,3,bottler_info,True,True,match,match,correct,flat-not-annotated,,3.6686929899733514,0.003,,,1
AVA-v3,mistral-document-ai-2512,flat,C-SPIRITS-IMPORT-01,3,country_of_origin,True,True,match,match,correct,flat-not-annotated,,3.6686929899733514,0.003,,,1
AVA-v3,mistral-document-ai-2512,flat,C-SPIRITS-IMPORT-01,3,government_warning,True,True,match,match,correct,flat-not-annotated,,3.6686929899733514,0.003,,,1
AVA-v3,mistral-document-ai-2512,glare,C-SPIRITS-IMPORT-01,1,brand_name,True,False,match,mismatch,false_mismatch,obscured,dangerous-error,4.509385876008309,0.003,,,1
AVA-v3,mistral-document-ai-2512,glare,C-SPIRITS-IMPORT-01,1,class_type,True,False,match,mismatch,false_mismatch,obscured,dangerous-error,4.509385876008309,0.003,,,1
AVA-v3,mistral-document-ai-2512,glare,C-SPIRITS-IMPORT-01,1,alcohol_content,True,False,match,match,correct,obscured,dangerous-error,4.509385876008309,0.003,,,1
AVA-v3,mistral-document-ai-2512,glare,C-SPIRITS-IMPORT-01,1,net_contents,True,False,match,needs-review,referral,obscured,safe-referral,4.509385876008309,0.003,,,1
AVA-v3,mistral-document-ai-2512,glare,C-SPIRITS-IMPORT-01,1,bottler_info,True,False,match,mismatch,false_mismatch,obscured,dangerous-error,4.509385876008309,0.003,,,1
AVA-v3,mistral-document-ai-2512,glare,C-SPIRITS-IMPORT-01,1,country_of_origin,True,False,match,needs-review,referral,obscured,safe-referral,4.509385876008309,0.003,,,1
AVA-v3,mistral-document-ai-2512,glare,C-SPIRITS-IMPORT-01,1,government_warning,True,False,match,mismatch,false_mismatch,obscured,dangerous-error,4.509385876008309,0.003,,,1
AVA-v3,mistral-document-ai-2512,straight,C-SPIRITS-IMPORT-01,1,brand_name,True,True,match,match,correct,visible,visual-correct,4.248332213959657,0.003,,,1
AVA-v3,mistral-document-ai-2512,straight,C-SPIRITS-IMPORT-01,1,class_type,True,True,match,match,correct,visible,visual-correct,4.248332213959657,0.003,,,1
AVA-v3,mistral-document-ai-2512,straight,C-SPIRITS-IMPORT-01,1,alcohol_content,True,True,match,match,correct,visible,visual-correct,4.248332213959657,0.003,,,1
AVA-v3,mistral-document-ai-2512,straight,C-SPIRITS-IMPORT-01,1,net_contents,True,True,match,match,correct,visible,visual-correct,4.248332213959657,0.003,,,1
AVA-v3,mistral-document-ai-2512,straight,C-SPIRITS-IMPORT-01,1,bottler_info,True,True,match,match,correct,visible,visual-correct,4.248332213959657,0.003,,,1
AVA-v3,mistral-document-ai-2512,straight,C-SPIRITS-IMPORT-01,1,country_of_origin,True,True,match,match,correct,visible,visual-correct,4.248332213959657,0.003,,,1
AVA-v3,mistral-document-ai-2512,straight,C-SPIRITS-IMPORT-01,1,government_warning,True,True,match,match,correct,visible,visual-correct,4.248332213959657,0.003,,,1
AVA-v3,mistral-document-ai-2512,angle,C-WINE-01,1,brand_name,True,True,match,match,correct,visible,visual-correct,4.845167723949999,0.003,,,1
AVA-v3,mistral-document-ai-2512,angle,C-WINE-01,1,class_type,True,True,match,match,correct,visible,visual-correct,4.845167723949999,0.003,,,1
AVA-v3,mistral-document-ai-2512,angle,C-WINE-01,1,alcohol_content,True,True,match,match,correct,visible,visual-correct,4.845167723949999,0.003,,,1
AVA-v3,mistral-document-ai-2512,angle,C-WINE-01,1,net_contents,True,True,match,match,correct,visible,visual-correct,4.845167723949999,0.003,,,1
AVA-v3,mistral-document-ai-2512,angle,C-WINE-01,1,bottler_info,True,True,match,match,correct,visible,visual-correct,4.845167723949999,0.003,,,1
AVA-v3,mistral-document-ai-2512,angle,C-WINE-01,1,country_of_origin,True,True,not-applicable,not-applicable,correct,absent,correct-absence-not-applicable,4.845167723949999,0.003,,,1
AVA-v3,mistral-document-ai-2512,angle,C-WINE-01,1,government_warning,True,True,match,match,correct,visible,visual-correct,4.845167723949999,0.003,,,1
AVA-v3,mistral-document-ai-2512,flat,C-WINE-01,2,brand_name,True,True,match,match,correct,flat-not-annotated,,4.181286655948497,0.003,,,1
AVA-v3,mistral-document-ai-2512,flat,C-WINE-01,2,class_type,True,True,match,match,correct,flat-not-annotated,,4.181286655948497,0.003,,,1
AVA-v3,mistral-document-ai-2512,flat,C-WINE-01,2,alcohol_content,True,True,match,match,correct,flat-not-annotated,,4.181286655948497,0.003,,,1
AVA-v3,mistral-document-ai-2512,flat,C-WINE-01,2,net_contents,True,True,match,match,correct,flat-not-annotated,,4.181286655948497,0.003,,,1
AVA-v3,mistral-document-ai-2512,flat,C-WINE-01,2,bottler_info,True,True,match,match,correct,flat-not-annotated,,4.181286655948497,0.003,,,1
AVA-v3,mistral-document-ai-2512,flat,C-WINE-01,2,country_of_origin,True,True,not-applicable,not-applicable,correct,flat-not-annotated,,4.181286655948497,0.003,,,1
AVA-v3,mistral-document-ai-2512,flat,C-WINE-01,2,government_warning,True,True,match,match,correct,flat-not-annotated,,4.181286655948497,0.003,,,1
AVA-v3,mistral-document-ai-2512,flat,C-WINE-01,3,brand_name,True,True,match,match,correct,flat-not-annotated,,3.9276964740129188,0.003,,,1
AVA-v3,mistral-document-ai-2512,flat,C-WINE-01,3,class_type,True,True,match,match,correct,flat-not-annotated,,3.9276964740129188,0.003,,,1
AVA-v3,mistral-document-ai-2512,flat,C-WINE-01,3,alcohol_content,True,True,match,match,correct,flat-not-annotated,,3.9276964740129188,0.003,,,1
AVA-v3,mistral-document-ai-2512,flat,C-WINE-01,3,net_contents,True,True,match,match,correct,flat-not-annotated,,3.9276964740129188,0.003,,,1
AVA-v3,mistral-document-ai-2512,flat,C-WINE-01,3,bottler_info,True,True,match,match,correct,flat-not-annotated,,3.9276964740129188,0.003,,,1
AVA-v3,mistral-document-ai-2512,flat,C-WINE-01,3,country_of_origin,True,True,not-applicable,not-applicable,correct,flat-not-annotated,,3.9276964740129188,0.003,,,1
AVA-v3,mistral-document-ai-2512,flat,C-WINE-01,3,government_warning,True,True,match,match,correct,flat-not-annotated,,3.9276964740129188,0.003,,,1
AVA-v3,mistral-document-ai-2512,glare,C-WINE-01,1,brand_name,True,False,match,mismatch,false_mismatch,obscured,dangerous-error,6.334793972899206,0.003,,,1
AVA-v3,mistral-document-ai-2512,glare,C-WINE-01,1,class_type,True,False,match,mismatch,false_mismatch,obscured,dangerous-error,6.334793972899206,0.003,,,1
AVA-v3,mistral-document-ai-2512,glare,C-WINE-01,1,alcohol_content,True,False,match,needs-review,referral,obscured,safe-referral,6.334793972899206,0.003,,,1
AVA-v3,mistral-document-ai-2512,glare,C-WINE-01,1,net_contents,True,False,match,needs-review,referral,obscured,safe-referral,6.334793972899206,0.003,,,1
AVA-v3,mistral-document-ai-2512,glare,C-WINE-01,1,bottler_info,True,False,match,needs-review,referral,obscured,safe-referral,6.334793972899206,0.003,,,1
AVA-v3,mistral-document-ai-2512,glare,C-WINE-01,1,country_of_origin,True,True,not-applicable,not-applicable,correct,absent,correct-absence-not-applicable,6.334793972899206,0.003,,,1
AVA-v3,mistral-document-ai-2512,glare,C-WINE-01,1,government_warning,True,False,match,mismatch,false_mismatch,obscured,dangerous-error,6.334793972899206,0.003,,,1
AVA-v3,mistral-document-ai-2512,straight,C-WINE-01,1,brand_name,True,True,match,match,correct,visible,visual-correct,4.8924733239691705,0.003,,,1
AVA-v3,mistral-document-ai-2512,straight,C-WINE-01,1,class_type,True,True,match,match,correct,visible,visual-correct,4.8924733239691705,0.003,,,1
AVA-v3,mistral-document-ai-2512,straight,C-WINE-01,1,alcohol_content,True,True,match,match,correct,visible,visual-correct,4.8924733239691705,0.003,,,1
AVA-v3,mistral-document-ai-2512,straight,C-WINE-01,1,net_contents,True,True,match,match,correct,visible,visual-correct,4.8924733239691705,0.003,,,1
AVA-v3,mistral-document-ai-2512,straight,C-WINE-01,1,bottler_info,True,True,match,match,correct,visible,visual-correct,4.8924733239691705,0.003,,,1
AVA-v3,mistral-document-ai-2512,straight,C-WINE-01,1,country_of_origin,True,True,not-applicable,not-applicable,correct,absent,correct-absence-not-applicable,4.8924733239691705,0.003,,,1
AVA-v3,mistral-document-ai-2512,straight,C-WINE-01,1,government_warning,True,True,match,match,correct,visible,visual-correct,4.8924733239691705,0.003,,,1
AVA-v3,mistral-document-ai-2512,angle,D-BLUR-01,1,brand_name,True,True,match,match,correct,visible,visual-correct,4.367288586916402,0.003,,,1
AVA-v3,mistral-document-ai-2512,angle,D-BLUR-01,1,class_type,True,True,match,match,correct,visible,visual-correct,4.367288586916402,0.003,,,1
AVA-v3,mistral-document-ai-2512,angle,D-BLUR-01,1,alcohol_content,True,True,match,match,correct,visible,visual-correct,4.367288586916402,0.003,,,1
AVA-v3,mistral-document-ai-2512,angle,D-BLUR-01,1,net_contents,True,True,match,match,correct,visible,visual-correct,4.367288586916402,0.003,,,1
AVA-v3,mistral-document-ai-2512,angle,D-BLUR-01,1,bottler_info,True,True,match,match,correct,visible,visual-correct,4.367288586916402,0.003,,,1
AVA-v3,mistral-document-ai-2512,angle,D-BLUR-01,1,country_of_origin,True,True,not-applicable,not-applicable,correct,absent,correct-absence-not-applicable,4.367288586916402,0.003,,,1
AVA-v3,mistral-document-ai-2512,angle,D-BLUR-01,1,government_warning,True,True,match,match,correct,uncertain,unverifiable-correct-not-recovery,4.367288586916402,0.003,,,1
AVA-v3,mistral-document-ai-2512,flat,D-BLUR-01,3,brand_name,True,True,match,match,correct,flat-not-annotated,,4.383424596046098,0.003,,,1
AVA-v3,mistral-document-ai-2512,flat,D-BLUR-01,3,class_type,True,True,match,match,correct,flat-not-annotated,,4.383424596046098,0.003,,,1
AVA-v3,mistral-document-ai-2512,flat,D-BLUR-01,3,alcohol_content,True,True,match,match,correct,flat-not-annotated,,4.383424596046098,0.003,,,1
AVA-v3,mistral-document-ai-2512,flat,D-BLUR-01,3,net_contents,True,True,match,match,correct,flat-not-annotated,,4.383424596046098,0.003,,,1
AVA-v3,mistral-document-ai-2512,flat,D-BLUR-01,3,bottler_info,True,True,match,match,correct,flat-not-annotated,,4.383424596046098,0.003,,,1
AVA-v3,mistral-document-ai-2512,flat,D-BLUR-01,3,country_of_origin,True,True,not-applicable,not-applicable,correct,flat-not-annotated,,4.383424596046098,0.003,,,1
AVA-v3,mistral-document-ai-2512,flat,D-BLUR-01,3,government_warning,True,True,match,match,correct,flat-not-annotated,,4.383424596046098,0.003,,,1
AVA-v3,mistral-document-ai-2512,straight,D-BLUR-01,1,brand_name,True,True,match,match,correct,visible,visual-correct,4.325430745957419,0.003,,,1
AVA-v3,mistral-document-ai-2512,straight,D-BLUR-01,1,class_type,True,True,match,match,correct,visible,visual-correct,4.325430745957419,0.003,,,1
AVA-v3,mistral-document-ai-2512,straight,D-BLUR-01,1,alcohol_content,True,True,match,match,correct,visible,visual-correct,4.325430745957419,0.003,,,1
AVA-v3,mistral-document-ai-2512,straight,D-BLUR-01,1,net_contents,True,True,match,match,correct,visible,visual-correct,4.325430745957419,0.003,,,1
AVA-v3,mistral-document-ai-2512,straight,D-BLUR-01,1,bottler_info,True,True,match,match,correct,visible,visual-correct,4.325430745957419,0.003,,,1
AVA-v3,mistral-document-ai-2512,straight,D-BLUR-01,1,country_of_origin,True,True,not-applicable,not-applicable,correct,absent,correct-absence-not-applicable,4.325430745957419,0.003,,,1
AVA-v3,mistral-document-ai-2512,straight,D-BLUR-01,1,government_warning,True,True,match,match,correct,uncertain,unverifiable-correct-not-recovery,4.325430745957419,0.003,,,1
AVA-v3,mistral-document-ai-2512,angle,D-GLARE-01,1,brand_name,True,True,match,match,correct,visible,visual-correct,5.300398921011947,0.003,,,1
AVA-v3,mistral-document-ai-2512,angle,D-GLARE-01,1,class_type,True,True,match,match,correct,visible,visual-correct,5.300398921011947,0.003,,,1
AVA-v3,mistral-document-ai-2512,angle,D-GLARE-01,1,alcohol_content,True,True,match,match,correct,visible,visual-correct,5.300398921011947,0.003,,,1
AVA-v3,mistral-document-ai-2512,angle,D-GLARE-01,1,net_contents,True,True,match,match,correct,visible,visual-correct,5.300398921011947,0.003,,,1
AVA-v3,mistral-document-ai-2512,angle,D-GLARE-01,1,bottler_info,True,True,match,match,correct,visible,visual-correct,5.300398921011947,0.003,,,1
AVA-v3,mistral-document-ai-2512,angle,D-GLARE-01,1,country_of_origin,True,True,not-applicable,not-applicable,correct,absent,correct-absence-not-applicable,5.300398921011947,0.003,,,1
AVA-v3,mistral-document-ai-2512,angle,D-GLARE-01,1,government_warning,True,True,match,match,correct,visible,visual-correct,5.300398921011947,0.003,,,1
AVA-v3,mistral-document-ai-2512,flat,D-GLARE-01,3,brand_name,True,True,match,match,correct,flat-not-annotated,,4.305382768972777,0.003,,,1
AVA-v3,mistral-document-ai-2512,flat,D-GLARE-01,3,class_type,True,True,match,match,correct,flat-not-annotated,,4.305382768972777,0.003,,,1
AVA-v3,mistral-document-ai-2512,flat,D-GLARE-01,3,alcohol_content,True,True,match,match,correct,flat-not-annotated,,4.305382768972777,0.003,,,1
AVA-v3,mistral-document-ai-2512,flat,D-GLARE-01,3,net_contents,True,True,match,match,correct,flat-not-annotated,,4.305382768972777,0.003,,,1
AVA-v3,mistral-document-ai-2512,flat,D-GLARE-01,3,bottler_info,True,True,match,match,correct,flat-not-annotated,,4.305382768972777,0.003,,,1
AVA-v3,mistral-document-ai-2512,flat,D-GLARE-01,3,country_of_origin,True,True,not-applicable,not-applicable,correct,flat-not-annotated,,4.305382768972777,0.003,,,1
AVA-v3,mistral-document-ai-2512,flat,D-GLARE-01,3,government_warning,True,True,match,match,correct,flat-not-annotated,,4.305382768972777,0.003,,,1
AVA-v3,mistral-document-ai-2512,straight,D-GLARE-01,1,brand_name,True,True,match,match,correct,visible,visual-correct,3.991822757991031,0.003,,,1
AVA-v3,mistral-document-ai-2512,straight,D-GLARE-01,1,class_type,True,True,match,match,correct,visible,visual-correct,3.991822757991031,0.003,,,1
AVA-v3,mistral-document-ai-2512,straight,D-GLARE-01,1,alcohol_content,True,True,match,match,correct,visible,visual-correct,3.991822757991031,0.003,,,1
AVA-v3,mistral-document-ai-2512,straight,D-GLARE-01,1,net_contents,True,True,match,match,correct,visible,visual-correct,3.991822757991031,0.003,,,1
AVA-v3,mistral-document-ai-2512,straight,D-GLARE-01,1,bottler_info,True,True,match,match,correct,visible,visual-correct,3.991822757991031,0.003,,,1
AVA-v3,mistral-document-ai-2512,straight,D-GLARE-01,1,country_of_origin,True,True,not-applicable,not-applicable,correct,absent,correct-absence-not-applicable,3.991822757991031,0.003,,,1
AVA-v3,mistral-document-ai-2512,straight,D-GLARE-01,1,government_warning,True,True,match,match,correct,visible,visual-correct,3.991822757991031,0.003,,,1
AVA-v3,mistral-document-ai-2512,angle,D-WARP-01,1,brand_name,True,True,match,match,correct,visible,visual-correct,4.531638904940337,0.003,,,1
AVA-v3,mistral-document-ai-2512,angle,D-WARP-01,1,class_type,True,True,match,match,correct,visible,visual-correct,4.531638904940337,0.003,,,1
AVA-v3,mistral-document-ai-2512,angle,D-WARP-01,1,alcohol_content,True,True,match,match,correct,visible,visual-correct,4.531638904940337,0.003,,,1
AVA-v3,mistral-document-ai-2512,angle,D-WARP-01,1,net_contents,True,True,match,match,correct,visible,visual-correct,4.531638904940337,0.003,,,1
AVA-v3,mistral-document-ai-2512,angle,D-WARP-01,1,bottler_info,True,True,match,match,correct,visible,visual-correct,4.531638904940337,0.003,,,1
AVA-v3,mistral-document-ai-2512,angle,D-WARP-01,1,country_of_origin,True,True,not-applicable,not-applicable,correct,absent,correct-absence-not-applicable,4.531638904940337,0.003,,,1
AVA-v3,mistral-document-ai-2512,angle,D-WARP-01,1,government_warning,True,True,match,match,correct,visible,visual-correct,4.531638904940337,0.003,,,1
AVA-v3,mistral-document-ai-2512,flat,D-WARP-01,3,brand_name,True,True,match,match,correct,flat-not-annotated,,3.9351009130477905,0.003,,,1
AVA-v3,mistral-document-ai-2512,flat,D-WARP-01,3,class_type,True,True,match,match,correct,flat-not-annotated,,3.9351009130477905,0.003,,,1
AVA-v3,mistral-document-ai-2512,flat,D-WARP-01,3,alcohol_content,True,True,match,match,correct,flat-not-annotated,,3.9351009130477905,0.003,,,1
AVA-v3,mistral-document-ai-2512,flat,D-WARP-01,3,net_contents,True,True,match,match,correct,flat-not-annotated,,3.9351009130477905,0.003,,,1
AVA-v3,mistral-document-ai-2512,flat,D-WARP-01,3,bottler_info,True,True,match,match,correct,flat-not-annotated,,3.9351009130477905,0.003,,,1
AVA-v3,mistral-document-ai-2512,flat,D-WARP-01,3,country_of_origin,True,True,not-applicable,not-applicable,correct,flat-not-annotated,,3.9351009130477905,0.003,,,1
AVA-v3,mistral-document-ai-2512,flat,D-WARP-01,3,government_warning,True,True,match,match,correct,flat-not-annotated,,3.9351009130477905,0.003,,,1
AVA-v3,mistral-document-ai-2512,straight,D-WARP-01,1,brand_name,True,True,match,match,correct,visible,visual-correct,4.192783299018629,0.003,,,1
AVA-v3,mistral-document-ai-2512,straight,D-WARP-01,1,class_type,True,True,match,match,correct,visible,visual-correct,4.192783299018629,0.003,,,1
AVA-v3,mistral-document-ai-2512,straight,D-WARP-01,1,alcohol_content,True,True,match,match,correct,visible,visual-correct,4.192783299018629,0.003,,,1
AVA-v3,mistral-document-ai-2512,straight,D-WARP-01,1,net_contents,True,True,match,match,correct,visible,visual-correct,4.192783299018629,0.003,,,1
AVA-v3,mistral-document-ai-2512,straight,D-WARP-01,1,bottler_info,True,True,match,match,correct,visible,visual-correct,4.192783299018629,0.003,,,1
AVA-v3,mistral-document-ai-2512,straight,D-WARP-01,1,country_of_origin,True,True,not-applicable,not-applicable,correct,absent,correct-absence-not-applicable,4.192783299018629,0.003,,,1
AVA-v3,mistral-document-ai-2512,straight,D-WARP-01,1,government_warning,True,True,match,match,correct,visible,visual-correct,4.192783299018629,0.003,,,1
AVA-v3,mistral-document-ai-2512,angle,W-ABV-4045-01,1,brand_name,True,True,match,match,correct,visible,visual-correct,4.6214107209816575,0.003,,,1
AVA-v3,mistral-document-ai-2512,angle,W-ABV-4045-01,1,class_type,True,True,match,match,correct,visible,visual-correct,4.6214107209816575,0.003,,,1
AVA-v3,mistral-document-ai-2512,angle,W-ABV-4045-01,1,alcohol_content,True,True,mismatch,mismatch,correct,visible,visual-correct,4.6214107209816575,0.003,,,1
AVA-v3,mistral-document-ai-2512,angle,W-ABV-4045-01,1,net_contents,True,True,match,match,correct,visible,visual-correct,4.6214107209816575,0.003,,,1
AVA-v3,mistral-document-ai-2512,angle,W-ABV-4045-01,1,bottler_info,True,True,match,match,correct,visible,visual-correct,4.6214107209816575,0.003,,,1
AVA-v3,mistral-document-ai-2512,angle,W-ABV-4045-01,1,country_of_origin,True,True,not-applicable,not-applicable,correct,absent,correct-absence-not-applicable,4.6214107209816575,0.003,,,1
AVA-v3,mistral-document-ai-2512,angle,W-ABV-4045-01,1,government_warning,True,True,match,match,correct,visible,visual-correct,4.6214107209816575,0.003,,,1
AVA-v3,mistral-document-ai-2512,flat,W-ABV-4045-01,3,brand_name,True,True,match,match,correct,flat-not-annotated,,4.0748238150263205,0.003,,,1
AVA-v3,mistral-document-ai-2512,flat,W-ABV-4045-01,3,class_type,True,True,match,match,correct,flat-not-annotated,,4.0748238150263205,0.003,,,1
AVA-v3,mistral-document-ai-2512,flat,W-ABV-4045-01,3,alcohol_content,True,True,mismatch,mismatch,correct,flat-not-annotated,,4.0748238150263205,0.003,,,1
AVA-v3,mistral-document-ai-2512,flat,W-ABV-4045-01,3,net_contents,True,True,match,match,correct,flat-not-annotated,,4.0748238150263205,0.003,,,1
AVA-v3,mistral-document-ai-2512,flat,W-ABV-4045-01,3,bottler_info,True,True,match,match,correct,flat-not-annotated,,4.0748238150263205,0.003,,,1
AVA-v3,mistral-document-ai-2512,flat,W-ABV-4045-01,3,country_of_origin,True,True,not-applicable,not-applicable,correct,flat-not-annotated,,4.0748238150263205,0.003,,,1
AVA-v3,mistral-document-ai-2512,flat,W-ABV-4045-01,3,government_warning,True,True,match,match,correct,flat-not-annotated,,4.0748238150263205,0.003,,,1
AVA-v3,mistral-document-ai-2512,straight,W-ABV-4045-01,1,brand_name,True,True,match,match,correct,visible,visual-correct,4.558528717956506,0.003,,,1
AVA-v3,mistral-document-ai-2512,straight,W-ABV-4045-01,1,class_type,True,True,match,match,correct,visible,visual-correct,4.558528717956506,0.003,,,1
AVA-v3,mistral-document-ai-2512,straight,W-ABV-4045-01,1,alcohol_content,True,True,mismatch,mismatch,correct,visible,visual-correct,4.558528717956506,0.003,,,1
AVA-v3,mistral-document-ai-2512,straight,W-ABV-4045-01,1,net_contents,True,True,match,match,correct,visible,visual-correct,4.558528717956506,0.003,,,1
AVA-v3,mistral-document-ai-2512,straight,W-ABV-4045-01,1,bottler_info,True,True,match,match,correct,visible,visual-correct,4.558528717956506,0.003,,,1
AVA-v3,mistral-document-ai-2512,straight,W-ABV-4045-01,1,country_of_origin,True,True,not-applicable,not-applicable,correct,absent,correct-absence-not-applicable,4.558528717956506,0.003,,,1
AVA-v3,mistral-document-ai-2512,straight,W-ABV-4045-01,1,government_warning,True,True,match,match,correct,visible,visual-correct,4.558528717956506,0.003,,,1
AVA-v3,mistral-document-ai-2512,angle,W-BRAND-SPLITLINE-01,1,brand_name,True,True,match,match,correct,visible,visual-correct,4.39033511094749,0.003,,,1
AVA-v3,mistral-document-ai-2512,angle,W-BRAND-SPLITLINE-01,1,class_type,True,True,match,match,correct,visible,visual-correct,4.39033511094749,0.003,,,1
AVA-v3,mistral-document-ai-2512,angle,W-BRAND-SPLITLINE-01,1,alcohol_content,True,True,match,match,correct,visible,visual-correct,4.39033511094749,0.003,,,1
AVA-v3,mistral-document-ai-2512,angle,W-BRAND-SPLITLINE-01,1,net_contents,True,True,match,match,correct,visible,visual-correct,4.39033511094749,0.003,,,1
AVA-v3,mistral-document-ai-2512,angle,W-BRAND-SPLITLINE-01,1,bottler_info,True,True,match,match,correct,visible,visual-correct,4.39033511094749,0.003,,,1
AVA-v3,mistral-document-ai-2512,angle,W-BRAND-SPLITLINE-01,1,country_of_origin,True,True,not-applicable,not-applicable,correct,absent,correct-absence-not-applicable,4.39033511094749,0.003,,,1
AVA-v3,mistral-document-ai-2512,angle,W-BRAND-SPLITLINE-01,1,government_warning,True,True,match,match,correct,visible,visual-correct,4.39033511094749,0.003,,,1
AVA-v3,mistral-document-ai-2512,flat,W-BRAND-SPLITLINE-01,3,brand_name,True,True,match,match,correct,flat-not-annotated,,3.7770481910556555,0.003,,,1
AVA-v3,mistral-document-ai-2512,flat,W-BRAND-SPLITLINE-01,3,class_type,True,True,match,match,correct,flat-not-annotated,,3.7770481910556555,0.003,,,1
AVA-v3,mistral-document-ai-2512,flat,W-BRAND-SPLITLINE-01,3,alcohol_content,True,True,match,match,correct,flat-not-annotated,,3.7770481910556555,0.003,,,1
AVA-v3,mistral-document-ai-2512,flat,W-BRAND-SPLITLINE-01,3,net_contents,True,True,match,match,correct,flat-not-annotated,,3.7770481910556555,0.003,,,1
AVA-v3,mistral-document-ai-2512,flat,W-BRAND-SPLITLINE-01,3,bottler_info,True,True,match,match,correct,flat-not-annotated,,3.7770481910556555,0.003,,,1
AVA-v3,mistral-document-ai-2512,flat,W-BRAND-SPLITLINE-01,3,country_of_origin,True,True,not-applicable,not-applicable,correct,flat-not-annotated,,3.7770481910556555,0.003,,,1
AVA-v3,mistral-document-ai-2512,flat,W-BRAND-SPLITLINE-01,3,government_warning,True,True,match,match,correct,flat-not-annotated,,3.7770481910556555,0.003,,,1
AVA-v3,mistral-document-ai-2512,straight,W-BRAND-SPLITLINE-01,1,brand_name,True,True,match,match,correct,visible,visual-correct,4.161332793999463,0.003,,,1
AVA-v3,mistral-document-ai-2512,straight,W-BRAND-SPLITLINE-01,1,class_type,True,True,match,match,correct,visible,visual-correct,4.161332793999463,0.003,,,1
AVA-v3,mistral-document-ai-2512,straight,W-BRAND-SPLITLINE-01,1,alcohol_content,True,True,match,match,correct,visible,visual-correct,4.161332793999463,0.003,,,1
AVA-v3,mistral-document-ai-2512,straight,W-BRAND-SPLITLINE-01,1,net_contents,True,True,match,match,correct,visible,visual-correct,4.161332793999463,0.003,,,1
AVA-v3,mistral-document-ai-2512,straight,W-BRAND-SPLITLINE-01,1,bottler_info,True,True,match,match,correct,visible,visual-correct,4.161332793999463,0.003,,,1
AVA-v3,mistral-document-ai-2512,straight,W-BRAND-SPLITLINE-01,1,country_of_origin,True,True,not-applicable,not-applicable,correct,absent,correct-absence-not-applicable,4.161332793999463,0.003,,,1
AVA-v3,mistral-document-ai-2512,straight,W-BRAND-SPLITLINE-01,1,government_warning,True,True,match,match,correct,visible,visual-correct,4.161332793999463,0.003,,,1
AVA-v3,mistral-document-ai-2512,angle,W-BRAND-WRONG-01,1,brand_name,True,True,mismatch,mismatch,correct,visible,visual-correct,4.865349297062494,0.003,,,1
AVA-v3,mistral-document-ai-2512,angle,W-BRAND-WRONG-01,1,class_type,True,True,match,match,correct,visible,visual-correct,4.865349297062494,0.003,,,1
AVA-v3,mistral-document-ai-2512,angle,W-BRAND-WRONG-01,1,alcohol_content,True,True,match,match,correct,visible,visual-correct,4.865349297062494,0.003,,,1
AVA-v3,mistral-document-ai-2512,angle,W-BRAND-WRONG-01,1,net_contents,True,True,match,match,correct,visible,visual-correct,4.865349297062494,0.003,,,1
AVA-v3,mistral-document-ai-2512,angle,W-BRAND-WRONG-01,1,bottler_info,True,True,match,match,correct,visible,visual-correct,4.865349297062494,0.003,,,1
AVA-v3,mistral-document-ai-2512,angle,W-BRAND-WRONG-01,1,country_of_origin,True,True,not-applicable,not-applicable,correct,absent,correct-absence-not-applicable,4.865349297062494,0.003,,,1
AVA-v3,mistral-document-ai-2512,angle,W-BRAND-WRONG-01,1,government_warning,True,True,match,match,correct,visible,visual-correct,4.865349297062494,0.003,,,1
AVA-v3,mistral-document-ai-2512,flat,W-BRAND-WRONG-01,3,brand_name,True,True,mismatch,mismatch,correct,flat-not-annotated,,4.050454995012842,0.003,,,1
AVA-v3,mistral-document-ai-2512,flat,W-BRAND-WRONG-01,3,class_type,True,True,match,match,correct,flat-not-annotated,,4.050454995012842,0.003,,,1
AVA-v3,mistral-document-ai-2512,flat,W-BRAND-WRONG-01,3,alcohol_content,True,True,match,match,correct,flat-not-annotated,,4.050454995012842,0.003,,,1
AVA-v3,mistral-document-ai-2512,flat,W-BRAND-WRONG-01,3,net_contents,True,True,match,match,correct,flat-not-annotated,,4.050454995012842,0.003,,,1
AVA-v3,mistral-document-ai-2512,flat,W-BRAND-WRONG-01,3,bottler_info,True,True,match,match,correct,flat-not-annotated,,4.050454995012842,0.003,,,1
AVA-v3,mistral-document-ai-2512,flat,W-BRAND-WRONG-01,3,country_of_origin,True,True,not-applicable,not-applicable,correct,flat-not-annotated,,4.050454995012842,0.003,,,1
AVA-v3,mistral-document-ai-2512,flat,W-BRAND-WRONG-01,3,government_warning,True,True,match,match,correct,flat-not-annotated,,4.050454995012842,0.003,,,1
AVA-v3,mistral-document-ai-2512,straight,W-BRAND-WRONG-01,1,brand_name,True,True,mismatch,mismatch,correct,visible,visual-correct,4.372715191915631,0.003,,,1
AVA-v3,mistral-document-ai-2512,straight,W-BRAND-WRONG-01,1,class_type,True,True,match,match,correct,visible,visual-correct,4.372715191915631,0.003,,,1
AVA-v3,mistral-document-ai-2512,straight,W-BRAND-WRONG-01,1,alcohol_content,True,True,match,match,correct,visible,visual-correct,4.372715191915631,0.003,,,1
AVA-v3,mistral-document-ai-2512,straight,W-BRAND-WRONG-01,1,net_contents,True,True,match,match,correct,visible,visual-correct,4.372715191915631,0.003,,,1
AVA-v3,mistral-document-ai-2512,straight,W-BRAND-WRONG-01,1,bottler_info,True,True,match,match,correct,visible,visual-correct,4.372715191915631,0.003,,,1
AVA-v3,mistral-document-ai-2512,straight,W-BRAND-WRONG-01,1,country_of_origin,True,True,not-applicable,not-applicable,correct,absent,correct-absence-not-applicable,4.372715191915631,0.003,,,1
AVA-v3,mistral-document-ai-2512,straight,W-BRAND-WRONG-01,1,government_warning,True,True,match,match,correct,visible,visual-correct,4.372715191915631,0.003,,,1
AVA-v3,mistral-document-ai-2512,angle,W-NETCONTENTS-WRONG-01,1,brand_name,True,False,match,mismatch,false_mismatch,visible,dangerous-error,3.9898156340932474,0.003,,,1
AVA-v3,mistral-document-ai-2512,angle,W-NETCONTENTS-WRONG-01,1,class_type,True,True,match,match,correct,visible,visual-correct,3.9898156340932474,0.003,,,1
AVA-v3,mistral-document-ai-2512,angle,W-NETCONTENTS-WRONG-01,1,alcohol_content,True,True,match,match,correct,visible,visual-correct,3.9898156340932474,0.003,,,1
AVA-v3,mistral-document-ai-2512,angle,W-NETCONTENTS-WRONG-01,1,net_contents,True,True,mismatch,mismatch,correct,visible,visual-correct,3.9898156340932474,0.003,,,1
AVA-v3,mistral-document-ai-2512,angle,W-NETCONTENTS-WRONG-01,1,bottler_info,True,True,match,match,correct,visible,visual-correct,3.9898156340932474,0.003,,,1
AVA-v3,mistral-document-ai-2512,angle,W-NETCONTENTS-WRONG-01,1,country_of_origin,True,True,not-applicable,not-applicable,correct,absent,correct-absence-not-applicable,3.9898156340932474,0.003,,,1
AVA-v3,mistral-document-ai-2512,angle,W-NETCONTENTS-WRONG-01,1,government_warning,True,True,match,match,correct,visible,visual-correct,3.9898156340932474,0.003,,,1
AVA-v3,mistral-document-ai-2512,flat,W-NETCONTENTS-WRONG-01,3,brand_name,True,False,match,mismatch,false_mismatch,flat-not-annotated,,3.87815143505577,0.003,,,1
AVA-v3,mistral-document-ai-2512,flat,W-NETCONTENTS-WRONG-01,3,class_type,True,True,match,match,correct,flat-not-annotated,,3.87815143505577,0.003,,,1
AVA-v3,mistral-document-ai-2512,flat,W-NETCONTENTS-WRONG-01,3,alcohol_content,True,True,match,match,correct,flat-not-annotated,,3.87815143505577,0.003,,,1
AVA-v3,mistral-document-ai-2512,flat,W-NETCONTENTS-WRONG-01,3,net_contents,True,True,mismatch,mismatch,correct,flat-not-annotated,,3.87815143505577,0.003,,,1
AVA-v3,mistral-document-ai-2512,flat,W-NETCONTENTS-WRONG-01,3,bottler_info,True,True,match,match,correct,flat-not-annotated,,3.87815143505577,0.003,,,1
AVA-v3,mistral-document-ai-2512,flat,W-NETCONTENTS-WRONG-01,3,country_of_origin,True,True,not-applicable,not-applicable,correct,flat-not-annotated,,3.87815143505577,0.003,,,1
AVA-v3,mistral-document-ai-2512,flat,W-NETCONTENTS-WRONG-01,3,government_warning,True,True,match,match,correct,flat-not-annotated,,3.87815143505577,0.003,,,1
AVA-v3,mistral-document-ai-2512,straight,W-NETCONTENTS-WRONG-01,1,brand_name,True,False,match,mismatch,false_mismatch,visible,dangerous-error,4.598041862947866,0.003,,,1
AVA-v3,mistral-document-ai-2512,straight,W-NETCONTENTS-WRONG-01,1,class_type,True,True,match,match,correct,visible,visual-correct,4.598041862947866,0.003,,,1
AVA-v3,mistral-document-ai-2512,straight,W-NETCONTENTS-WRONG-01,1,alcohol_content,True,True,match,match,correct,visible,visual-correct,4.598041862947866,0.003,,,1
AVA-v3,mistral-document-ai-2512,straight,W-NETCONTENTS-WRONG-01,1,net_contents,True,True,mismatch,mismatch,correct,visible,visual-correct,4.598041862947866,0.003,,,1
AVA-v3,mistral-document-ai-2512,straight,W-NETCONTENTS-WRONG-01,1,bottler_info,True,True,match,match,correct,visible,visual-correct,4.598041862947866,0.003,,,1
AVA-v3,mistral-document-ai-2512,straight,W-NETCONTENTS-WRONG-01,1,country_of_origin,True,True,not-applicable,not-applicable,correct,absent,correct-absence-not-applicable,4.598041862947866,0.003,,,1
AVA-v3,mistral-document-ai-2512,straight,W-NETCONTENTS-WRONG-01,1,government_warning,True,True,match,match,correct,visible,visual-correct,4.598041862947866,0.003,,,1
AVA-v3,mistral-document-ai-2512,angle,W-WARN-REWORD-01,1,brand_name,True,True,match,match,correct,visible,visual-correct,4.515147697064094,0.003,,,1
AVA-v3,mistral-document-ai-2512,angle,W-WARN-REWORD-01,1,class_type,True,True,match,match,correct,visible,visual-correct,4.515147697064094,0.003,,,1
AVA-v3,mistral-document-ai-2512,angle,W-WARN-REWORD-01,1,alcohol_content,True,True,match,match,correct,visible,visual-correct,4.515147697064094,0.003,,,1
AVA-v3,mistral-document-ai-2512,angle,W-WARN-REWORD-01,1,net_contents,True,True,match,match,correct,visible,visual-correct,4.515147697064094,0.003,,,1
AVA-v3,mistral-document-ai-2512,angle,W-WARN-REWORD-01,1,bottler_info,True,True,match,match,correct,visible,visual-correct,4.515147697064094,0.003,,,1
AVA-v3,mistral-document-ai-2512,angle,W-WARN-REWORD-01,1,country_of_origin,True,True,not-applicable,not-applicable,correct,absent,correct-absence-not-applicable,4.515147697064094,0.003,,,1
AVA-v3,mistral-document-ai-2512,angle,W-WARN-REWORD-01,1,government_warning,True,True,mismatch,mismatch,correct,visible,visual-correct,4.515147697064094,0.003,,,1
AVA-v3,mistral-document-ai-2512,flat,W-WARN-REWORD-01,3,brand_name,True,True,match,match,correct,flat-not-annotated,,4.10456643300131,0.003,,,1
AVA-v3,mistral-document-ai-2512,flat,W-WARN-REWORD-01,3,class_type,True,True,match,match,correct,flat-not-annotated,,4.10456643300131,0.003,,,1
AVA-v3,mistral-document-ai-2512,flat,W-WARN-REWORD-01,3,alcohol_content,True,True,match,match,correct,flat-not-annotated,,4.10456643300131,0.003,,,1
AVA-v3,mistral-document-ai-2512,flat,W-WARN-REWORD-01,3,net_contents,True,True,match,match,correct,flat-not-annotated,,4.10456643300131,0.003,,,1
AVA-v3,mistral-document-ai-2512,flat,W-WARN-REWORD-01,3,bottler_info,True,True,match,match,correct,flat-not-annotated,,4.10456643300131,0.003,,,1
AVA-v3,mistral-document-ai-2512,flat,W-WARN-REWORD-01,3,country_of_origin,True,True,not-applicable,not-applicable,correct,flat-not-annotated,,4.10456643300131,0.003,,,1
AVA-v3,mistral-document-ai-2512,flat,W-WARN-REWORD-01,3,government_warning,True,False,mismatch,mismatch,correct,flat-not-annotated,,4.10456643300131,0.003,,,1
AVA-v3,mistral-document-ai-2512,straight,W-WARN-REWORD-01,1,brand_name,True,True,match,match,correct,visible,visual-correct,5.042015801067464,0.003,,,1
AVA-v3,mistral-document-ai-2512,straight,W-WARN-REWORD-01,1,class_type,True,True,match,match,correct,visible,visual-correct,5.042015801067464,0.003,,,1
AVA-v3,mistral-document-ai-2512,straight,W-WARN-REWORD-01,1,alcohol_content,True,True,match,match,correct,visible,visual-correct,5.042015801067464,0.003,,,1
AVA-v3,mistral-document-ai-2512,straight,W-WARN-REWORD-01,1,net_contents,True,True,match,match,correct,visible,visual-correct,5.042015801067464,0.003,,,1
AVA-v3,mistral-document-ai-2512,straight,W-WARN-REWORD-01,1,bottler_info,True,True,match,match,correct,visible,visual-correct,5.042015801067464,0.003,,,1
AVA-v3,mistral-document-ai-2512,straight,W-WARN-REWORD-01,1,country_of_origin,True,True,not-applicable,not-applicable,correct,absent,correct-absence-not-applicable,5.042015801067464,0.003,,,1
AVA-v3,mistral-document-ai-2512,straight,W-WARN-REWORD-01,1,government_warning,True,True,mismatch,mismatch,correct,visible,visual-correct,5.042015801067464,0.003,,,1
